accuracy,precision_macro,recall_macro,f1_macro,confusion_matrix,classification_report,target_agreement,seed_size,alpha,depth,source_file,composite_score,rank
0.9293317563571852,0.8628843097669694,0.9042461797842846,0.8816698656551305,"[[1064, 47, 2, 6, 0], [15, 1321, 28, 90, 3], [0, 4, 352, 0, 7], [0, 28, 1, 383, 1], [0, 2, 1, 4, 23]]","{'0': {'precision': 0.9860982391102873, 'recall': 0.9508489722966935, 'f1-score': 0.9681528662420382, 'support': 1119.0}, '1': {'precision': 0.942225392296719, 'recall': 0.9066575154426905, 'f1-score': 0.9240993354319692, 'support': 1457.0}, '2': {'precision': 0.9166666666666666, 'recall': 0.9696969696969697, 'f1-score': 0.9424364123159303, 'support': 363.0}, '3': {'precision': 0.7929606625258799, 'recall': 0.927360774818402, 'f1-score': 0.8549107142857143, 'support': 413.0}, '4': {'precision': 0.6764705882352942, 'recall': 0.7666666666666667, 'f1-score': 0.71875, 'support': 30.0}, 'accuracy': 0.9293317563571851, 'macro avg': {'precision': 0.8628843097669694, 'recall': 0.9042461797842846, 'f1-score': 0.8816698656551305, 'support': 3382.0}, 'weighted avg': {'precision': 0.9334131275609043, 'recall': 0.9293317563571851, 'f1-score': 0.9303728065404799, 'support': 3382.0}}",0.9328799526907156,2000,0.1,7,surrogate_eval_nsl_kdd_gbdt_seed2000_a0.1_d7.json,0.9168072873133339,1
