accuracy,precision_macro,recall_macro,f1_macro,confusion_matrix,classification_report,target_agreement,seed_size,alpha,depth,source_file,composite_score,rank
0.9287403903015968,0.8477682766614636,0.9222863052745008,0.87809436302412,"[[1060, 42, 2, 14, 1], [25, 1323, 17, 85, 7], [0, 7, 351, 0, 5], [0, 26, 0, 381, 6], [0, 2, 0, 2, 26]]","{'0': {'precision': 0.9769585253456221, 'recall': 0.9472743521000894, 'f1-score': 0.9618874773139746, 'support': 1119.0}, '1': {'precision': 0.945, 'recall': 0.9080301990391215, 'f1-score': 0.9261463073153657, 'support': 1457.0}, '2': {'precision': 0.9486486486486486, 'recall': 0.9669421487603306, 'f1-score': 0.9577080491132333, 'support': 363.0}, '3': {'precision': 0.7904564315352697, 'recall': 0.9225181598062954, 'f1-score': 0.8513966480446927, 'support': 413.0}, '4': {'precision': 0.5777777777777777, 'recall': 0.8666666666666667, 'f1-score': 0.6933333333333334, 'support': 30.0}, 'accuracy': 0.9287403903015967, 'macro avg': {'precision': 0.8477682766614636, 'recall': 0.9222863052745008, 'f1-score': 0.87809436302412, 'support': 3382.0}, 'weighted avg': {'precision': 0.9338358630628654, 'recall': 0.9287403903015967, 'f1-score': 0.9301662017573586, 'support': 3382.0}}",0.9302188054405676,2000,0.5,7,surrogate_eval_nsl_kdd_xgb_seed2000_a0.5_d7.json,0.9142857896878391,1
