accuracy,precision_macro,recall_macro,f1_macro,confusion_matrix,classification_report,target_agreement,seed_size,alpha,depth,source_file,composite_score,rank
0.9302188054405676,0.870528874899877,0.916063810395611,0.8911657372947384,"[[1056, 44, 5, 14, 0], [22, 1334, 19, 76, 6], [0, 6, 353, 0, 4], [0, 33, 1, 378, 1], [0, 4, 0, 1, 25]]","{'0': {'precision': 0.9795918367346939, 'recall': 0.9436997319034852, 'f1-score': 0.9613108784706418, 'support': 1119.0}, '1': {'precision': 0.9387755102040817, 'recall': 0.9155799588194921, 'f1-score': 0.9270326615705351, 'support': 1457.0}, '2': {'precision': 0.9338624338624338, 'recall': 0.9724517906336089, 'f1-score': 0.9527665317139001, 'support': 363.0}, '3': {'precision': 0.8059701492537313, 'recall': 0.9152542372881356, 'f1-score': 0.8571428571428571, 'support': 413.0}, '4': {'precision': 0.6944444444444444, 'recall': 0.8333333333333334, 'f1-score': 0.7575757575757576, 'support': 30.0}, 'accuracy': 0.9302188054405677, 'macro avg': {'precision': 0.870528874899877, 'recall': 0.916063810395611, 'f1-score': 0.8911657372947384, 'support': 3382.0}, 'weighted avg': {'precision': 0.933367904240289, 'recall': 0.9302188054405677, 'f1-score': 0.9310984579113945, 'support': 3382.0}}",0.9550561797752808,2000,0.2,5,surrogate_eval_nsl_kdd_tabnet_seed2000_a0.2_d5.json,0.9309215721641754,1
