accuracy,precision_macro,recall_macro,f1_macro,confusion_matrix,classification_report,target_agreement,seed_size,alpha,depth,source_file,composite_score,rank
0.9343583678296866,0.8383902531182621,0.925009286236526,0.8719009861370207,"[[1068, 35, 1, 14, 1], [19, 1317, 17, 92, 12], [0, 5, 352, 0, 6], [0, 10, 0, 398, 5], [0, 3, 0, 2, 25]]","{'0': {'precision': 0.9825206991720331, 'recall': 0.9544235924932976, 'f1-score': 0.9682683590208522, 'support': 1119.0}, '1': {'precision': 0.9613138686131387, 'recall': 0.9039121482498285, 'f1-score': 0.9317297488503714, 'support': 1457.0}, '2': {'precision': 0.9513513513513514, 'recall': 0.9696969696969697, 'f1-score': 0.9604365620736699, 'support': 363.0}, '3': {'precision': 0.7865612648221344, 'recall': 0.9636803874092009, 'f1-score': 0.8661588683351469, 'support': 413.0}, '4': {'precision': 0.5102040816326531, 'recall': 0.8333333333333334, 'f1-score': 0.6329113924050633, 'support': 30.0}, 'accuracy': 0.9343583678296866, 'macro avg': {'precision': 0.8383902531182621, 'recall': 0.9250092862365259, 'f1-score': 0.8719009861370207, 'support': 3382.0}, 'weighted avg': {'precision': 0.9419194069497073, 'recall': 0.9343583678296866, 'f1-score': 0.9362424495111279, 'support': 3382.0}}",0.9361324659964518,2000,0.1,3,surrogate_eval_nsl_kdd_xgb_seed2000_a0.1_d3.json,0.916685612221946,1
