accuracy,precision_macro,recall_macro,f1_macro,confusion_matrix,classification_report,target_agreement,seed_size,alpha,depth,source_file,composite_score,rank
0.9322885866351271,0.8632971272513983,0.907165969755232,0.8831588354124722,"[[1061, 41, 3, 14, 0], [15, 1347, 25, 65, 5], [0, 5, 352, 0, 6], [0, 41, 1, 369, 2], [0, 5, 0, 1, 24]]","{'0': {'precision': 0.9860594795539034, 'recall': 0.9481680071492404, 'f1-score': 0.966742596810934, 'support': 1119.0}, '1': {'precision': 0.9360667129951356, 'recall': 0.9245024021962938, 'f1-score': 0.9302486187845304, 'support': 1457.0}, '2': {'precision': 0.9238845144356955, 'recall': 0.9696969696969697, 'f1-score': 0.946236559139785, 'support': 363.0}, '3': {'precision': 0.821826280623608, 'recall': 0.8934624697336562, 'f1-score': 0.8561484918793504, 'support': 413.0}, '4': {'precision': 0.6486486486486487, 'recall': 0.8, 'f1-score': 0.7164179104477612, 'support': 30.0}, 'accuracy': 0.9322885866351271, 'macro avg': {'precision': 0.8632971272513983, 'recall': 0.907165969755232, 'f1-score': 0.8831588354124722, 'support': 3382.0}, 'weighted avg': {'precision': 0.9347999853790353, 'recall': 0.9322885866351271, 'f1-score': 0.933093713432242, 'support': 3382.0}}",0.9586043761088112,2000,0.1,7,surrogate_eval_nsl_kdd_tabnet_seed2000_a0.1_d7.json,0.9307075560051727,1
