{
  "accuracy": 0.9828503843879361,
  "precision_macro": 0.9540328788853722,
  "recall_macro": 0.9450343626441187,
  "f1_macro": 0.9493264908091816,
  "confusion_matrix": [
    [
      1114,
      4,
      1,
      0,
      0
    ],
    [
      1,
      1431,
      8,
      16,
      1
    ],
    [
      0,
      3,
      358,
      0,
      2
    ],
    [
      0,
      15,
      0,
      397,
      1
    ],
    [
      0,
      4,
      1,
      1,
      24
    ]
  ],
  "classification_report": {
    "0": {
      "precision": 0.9991031390134529,
      "recall": 0.9955317247542449,
      "f1-score": 0.9973142345568488,
      "support": 1119.0
    },
    "1": {
      "precision": 0.9821551132463967,
      "recall": 0.9821551132463967,
      "f1-score": 0.9821551132463967,
      "support": 1457.0
    },
    "2": {
      "precision": 0.9728260869565217,
      "recall": 0.9862258953168044,
      "f1-score": 0.9794801641586868,
      "support": 363.0
    },
    "3": {
      "precision": 0.9589371980676329,
      "recall": 0.9612590799031477,
      "f1-score": 0.9600967351874244,
      "support": 413.0
    },
    "4": {
      "precision": 0.8571428571428571,
      "recall": 0.8,
      "f1-score": 0.8275862068965517,
      "support": 30.0
    },
    "accuracy": 0.9828503843879361,
    "macro avg": {
      "precision": 0.9540328788853722,
      "recall": 0.9450343626441187,
      "f1-score": 0.9493264908091816,
      "support": 3382.0
    },
    "weighted avg": {
      "precision": 0.9828171586745976,
      "recall": 0.9828503843879361,
      "f1-score": 0.9828188840620994,
      "support": 3382.0
    }
  },
  "model_name": "gbdt",
  "train_time_sec": 12.288852453231812
}