{
  "accuracy": 0.7527389486771491,
  "precision_macro": 0.5797612303044879,
  "recall_macro": 0.47982652302604967,
  "f1_macro": 0.48341394860783576,
  "confusion_matrix": [
    [
      0,
      2,
      1016,
      405,
      0,
      24,
      548,
      1,
      4,
      0
    ],
    [
      0,
      17,
      985,
      586,
      14,
      21,
      79,
      32,
      9,
      3
    ],
    [
      0,
      14,
      6470,
      4818,
      44,
      207,
      504,
      120,
      82,
      5
    ],
    [
      0,
      18,
      8623,
      21435,
      205,
      393,
      2002,
      573,
      115,
      29
    ],
    [
      2,
      2,
      975,
      800,
      1138,
      38,
      15131,
      43,
      53,
      2
    ],
    [
      0,
      0,
      215,
      364,
      15,
      39276,
      113,
      8,
      6,
      3
    ],
    [
      0,
      0,
      3,
      266,
      220,
      58,
      55359,
      82,
      10,
      2
    ],
    [
      0,
      3,
      1105,
      1360,
      11,
      28,
      222,
      7756,
      5,
      1
    ],
    [
      0,
      0,
      0,
      102,
      52,
      7,
      317,
      174,
      480,
      1
    ],
    [
      0,
      0,
      0,
      52,
      1,
      6,
      16,
      0,
      0,
      55
    ]
  ],
  "classification_report": {
    "0": {
      "precision": 0.0,
      "recall": 0.0,
      "f1-score": 0.0,
      "support": 2000.0
    },
    "1": {
      "precision": 0.30357142857142855,
      "recall": 0.009736540664375716,
      "f1-score": 0.018867924528301886,
      "support": 1746.0
    },
    "2": {
      "precision": 0.3336427392739274,
      "recall": 0.5275603392041748,
      "f1-score": 0.4087692696487238,
      "support": 12264.0
    },
    "3": {
      "precision": 0.7100503511329005,
      "recall": 0.6419009972149852,
      "f1-score": 0.6742580330601909,
      "support": 33393.0
    },
    "4": {
      "precision": 0.6694117647058824,
      "recall": 0.06258249010118785,
      "f1-score": 0.11446389056527861,
      "support": 18184.0
    },
    "5": {
      "precision": 0.9804783064556393,
      "recall": 0.9819,
      "f1-score": 0.981188638237278,
      "support": 40000.0
    },
    "6": {
      "precision": 0.7451642863873148,
      "recall": 0.9885535714285715,
      "f1-score": 0.8497747350162329,
      "support": 56000.0
    },
    "7": {
      "precision": 0.8824667197633406,
      "recall": 0.7393003526832523,
      "f1-score": 0.8045643153526971,
      "support": 10491.0
    },
    "8": {
      "precision": 0.6282722513089005,
      "recall": 0.4236540158870256,
      "f1-score": 0.5060622034791776,
      "support": 1133.0
    },
    "9": {
      "precision": 0.5445544554455446,
      "recall": 0.4230769230769231,
      "f1-score": 0.47619047619047616,
      "support": 130.0
    },
    "accuracy": 0.7527389486771491,
    "macro avg": {
      "precision": 0.5797612303044879,
      "recall": 0.47982652302604967,
      "f1-score": 0.48341394860783576,
      "support": 175341.0
    },
    "weighted avg": {
      "precision": 0.7499332179377738,
      "recall": 0.7527389486771491,
      "f1-score": 0.7160555019329667,
      "support": 175341.0
    }
  },
  "model_name": "gbdt",
  "train_time_sec": 917.6492383480072
}