{
  "accuracy": 0.7573927375799157,
  "precision_macro": 0.596677301949215,
  "recall_macro": 0.4417103047273234,
  "f1_macro": 0.45178212015734315,
  "confusion_matrix": [
    [
      0,
      0,
      847,
      488,
      15,
      100,
      547,
      1,
      2,
      0
    ],
    [
      0,
      54,
      834,
      656,
      33,
      70,
      79,
      12,
      8,
      0
    ],
    [
      0,
      1,
      5900,
      4835,
      194,
      715,
      473,
      78,
      68,
      0
    ],
    [
      0,
      0,
      7726,
      22092,
      373,
      1050,
      1683,
      382,
      86,
      1
    ],
    [
      0,
      0,
      855,
      701,
      2470,
      118,
      13950,
      42,
      47,
      1
    ],
    [
      0,
      0,
      198,
      401,
      25,
      39261,
      101,
      7,
      6,
      1
    ],
    [
      0,
      0,
      8,
      374,
      506,
      1,
      55056,
      48,
      7,
      0
    ],
    [
      0,
      2,
      997,
      1571,
      47,
      117,
      270,
      7482,
      5,
      0
    ],
    [
      0,
      0,
      17,
      147,
      39,
      7,
      388,
      48,
      487,
      0
    ],
    [
      0,
      0,
      3,
      113,
      2,
      2,
      9,
      0,
      1,
      0
    ]
  ],
  "classification_report": {
    "0": {
      "precision": 0.0,
      "recall": 0.0,
      "f1-score": 0.0,
      "support": 2000.0
    },
    "1": {
      "precision": 0.9473684210526315,
      "recall": 0.030927835051546393,
      "f1-score": 0.059900166389351084,
      "support": 1746.0
    },
    "2": {
      "precision": 0.3393730227207363,
      "recall": 0.4810828440965427,
      "f1-score": 0.39798981415899354,
      "support": 12264.0
    },
    "3": {
      "precision": 0.7040601695455415,
      "recall": 0.6615757793549546,
      "f1-score": 0.6821571382254404,
      "support": 33393.0
    },
    "4": {
      "precision": 0.6668466522678186,
      "recall": 0.13583369995600528,
      "f1-score": 0.22569444444444445,
      "support": 18184.0
    },
    "5": {
      "precision": 0.9473950918172824,
      "recall": 0.981525,
      "f1-score": 0.9641581021844035,
      "support": 40000.0
    },
    "6": {
      "precision": 0.7588069904625393,
      "recall": 0.9831428571428571,
      "f1-score": 0.8565294502006907,
      "support": 56000.0
    },
    "7": {
      "precision": 0.9237037037037037,
      "recall": 0.7131827280526165,
      "f1-score": 0.8049055994836211,
      "support": 10491.0
    },
    "8": {
      "precision": 0.6792189679218968,
      "recall": 0.4298323036187114,
      "f1-score": 0.5264864864864864,
      "support": 1133.0
    },
    "9": {
      "precision": 0.0,
      "recall": 0.0,
      "f1-score": 0.0,
      "support": 130.0
    },
    "accuracy": 0.7573927375799157,
    "macro avg": {
      "precision": 0.596677301949215,
      "recall": 0.4417103047273234,
      "f1-score": 0.45178212015734315,
      "support": 175341.0
    },
    "weighted avg": {
      "precision": 0.7545407096177269,
      "recall": 0.7573927375799157,
      "f1-score": 0.7268213424007408,
      "support": 175341.0
    }
  },
  "model_name": "random_forest"
}