{
  "accuracy": 0.9834417504435246,
  "precision_macro": 0.9753899857576988,
  "recall_macro": 0.9384577479507439,
  "f1_macro": 0.9547898858387949,
  "confusion_matrix": [
    [
      1113,
      5,
      1,
      0,
      0
    ],
    [
      0,
      1436,
      5,
      16,
      0
    ],
    [
      1,
      3,
      359,
      0,
      0
    ],
    [
      0,
      17,
      0,
      395,
      1
    ],
    [
      0,
      5,
      0,
      2,
      23
    ]
  ],
  "classification_report": {
    "0": {
      "precision": 0.9991023339317774,
      "recall": 0.9946380697050938,
      "f1-score": 0.9968652037617555,
      "support": 1119.0
    },
    "1": {
      "precision": 0.9795361527967258,
      "recall": 0.9855868222374743,
      "f1-score": 0.9825521724255901,
      "support": 1457.0
    },
    "2": {
      "precision": 0.9835616438356164,
      "recall": 0.9889807162534435,
      "f1-score": 0.9862637362637363,
      "support": 363.0
    },
    "3": {
      "precision": 0.9564164648910412,
      "recall": 0.9564164648910412,
      "f1-score": 0.9564164648910412,
      "support": 413.0
    },
    "4": {
      "precision": 0.9583333333333334,
      "recall": 0.7666666666666667,
      "f1-score": 0.8518518518518519,
      "support": 30.0
    },
    "accuracy": 0.9834417504435246,
    "macro avg": {
      "precision": 0.9753899857576988,
      "recall": 0.9384577479507439,
      "f1-score": 0.9547898858387949,
      "support": 3382.0
    },
    "weighted avg": {
      "precision": 0.9834306809600287,
      "recall": 0.9834417504435246,
      "f1-score": 0.9833352956986342,
      "support": 3382.0
    }
  },
  "model_name": "random_forest"
}