{
  "accuracy": 0.9115907746895329,
  "precision_macro": 0.8330859157433699,
  "recall_macro": 0.9043189942117646,
  "f1_macro": 0.8628789525949877,
  "confusion_matrix": [
    [
      1046,
      51,
      6,
      16,
      0
    ],
    [
      34,
      1287,
      26,
      105,
      5
    ],
    [
      5,
      4,
      344,
      0,
      10
    ],
    [
      3,
      26,
      1,
      381,
      2
    ],
    [
      0,
      5,
      0,
      0,
      25
    ]
  ],
  "classification_report": {
    "0": {
      "precision": 0.9613970588235294,
      "recall": 0.934763181411975,
      "f1-score": 0.9478930675124604,
      "support": 1119.0
    },
    "1": {
      "precision": 0.9373634377276038,
      "recall": 0.883321894303363,
      "f1-score": 0.9095406360424029,
      "support": 1457.0
    },
    "2": {
      "precision": 0.9124668435013262,
      "recall": 0.9476584022038568,
      "f1-score": 0.9297297297297298,
      "support": 363.0
    },
    "3": {
      "precision": 0.7589641434262948,
      "recall": 0.9225181598062954,
      "f1-score": 0.8327868852459016,
      "support": 413.0
    },
    "4": {
      "precision": 0.5952380952380952,
      "recall": 0.8333333333333334,
      "f1-score": 0.6944444444444444,
      "support": 30.0
    },
    "accuracy": 0.9115907746895329,
    "macro avg": {
      "precision": 0.8330859157433699,
      "recall": 0.9043189942117646,
      "f1-score": 0.8628789525949877,
      "support": 3382.0
    },
    "weighted avg": {
      "precision": 0.9178227782010148,
      "recall": 0.9115907746895329,
      "f1-score": 0.9131162797433492,
      "support": 3382.0
    }
  },
  "target_agreement": 0.9314015375517445
}