{
  "accuracy": 0.9136605558840922,
  "precision_macro": 0.8301740282605866,
  "recall_macro": 0.9043231424339451,
  "f1_macro": 0.8599815679109971,
  "confusion_matrix": [
    [
      1042,
      58,
      2,
      17,
      0
    ],
    [
      12,
      1284,
      20,
      137,
      4
    ],
    [
      3,
      3,
      352,
      0,
      5
    ],
    [
      0,
      15,
      1,
      388,
      9
    ],
    [
      1,
      4,
      0,
      1,
      24
    ]
  ],
  "classification_report": {
    "0": {
      "precision": 0.9848771266540642,
      "recall": 0.9311885612153709,
      "f1-score": 0.9572806614607258,
      "support": 1119.0
    },
    "1": {
      "precision": 0.9413489736070382,
      "recall": 0.8812628689087165,
      "f1-score": 0.9103154909606522,
      "support": 1457.0
    },
    "2": {
      "precision": 0.9386666666666666,
      "recall": 0.9696969696969697,
      "f1-score": 0.9539295392953929,
      "support": 363.0
    },
    "3": {
      "precision": 0.714548802946593,
      "recall": 0.9394673123486683,
      "f1-score": 0.8117154811715481,
      "support": 413.0
    },
    "4": {
      "precision": 0.5714285714285714,
      "recall": 0.8,
      "f1-score": 0.6666666666666666,
      "support": 30.0
    },
    "accuracy": 0.9136605558840922,
    "macro avg": {
      "precision": 0.8301740282605866,
      "recall": 0.9043231424339451,
      "f1-score": 0.8599815679109971,
      "support": 3382.0
    },
    "weighted avg": {
      "precision": 0.9244856511032385,
      "recall": 0.9136605558840922,
      "f1-score": 0.9163340174430217,
      "support": 3382.0
    }
  },
  "target_agreement": 0.9169130691898285
}