{
  "accuracy": 0.9216439976345357,
  "precision_macro": 0.8655857068967098,
  "recall_macro": 0.9092656201832335,
  "f1_macro": 0.8854651782165265,
  "confusion_matrix": [
    [
      1055,
      43,
      5,
      16,
      0
    ],
    [
      28,
      1314,
      21,
      90,
      4
    ],
    [
      0,
      6,
      353,
      0,
      4
    ],
    [
      0,
      40,
      1,
      370,
      2
    ],
    [
      0,
      5,
      0,
      0,
      25
    ]
  ],
  "classification_report": {
    "0": {
      "precision": 0.974145891043398,
      "recall": 0.9428060768543343,
      "f1-score": 0.9582198001816531,
      "support": 1119.0
    },
    "1": {
      "precision": 0.9332386363636364,
      "recall": 0.9018531228551819,
      "f1-score": 0.9172774869109948,
      "support": 1457.0
    },
    "2": {
      "precision": 0.9289473684210526,
      "recall": 0.9724517906336089,
      "f1-score": 0.9502018842530283,
      "support": 363.0
    },
    "3": {
      "precision": 0.7773109243697479,
      "recall": 0.8958837772397095,
      "f1-score": 0.8323959505061868,
      "support": 413.0
    },
    "4": {
      "precision": 0.7142857142857143,
      "recall": 0.8333333333333334,
      "f1-score": 0.7692307692307693,
      "support": 30.0
    },
    "accuracy": 0.9216439976345357,
    "macro avg": {
      "precision": 0.8655857068967098,
      "recall": 0.9092656201832335,
      "f1-score": 0.8854651782165265,
      "support": 3382.0
    },
    "weighted avg": {
      "precision": 0.925329338613099,
      "recall": 0.9216439976345357,
      "f1-score": 0.9226791807961019,
      "support": 3382.0
    }
  },
  "target_agreement": 0.9467770549970431
}