{
  "accuracy": 0.9166173861620343,
  "precision_macro": 0.8553513211253202,
  "recall_macro": 0.918481048981475,
  "f1_macro": 0.8812953067623035,
  "confusion_matrix": [
    [
      1049,
      52,
      3,
      15,
      0
    ],
    [
      24,
      1269,
      23,
      137,
      4
    ],
    [
      0,
      4,
      353,
      1,
      5
    ],
    [
      0,
      7,
      0,
      404,
      2
    ],
    [
      0,
      3,
      0,
      2,
      25
    ]
  ],
  "classification_report": {
    "0": {
      "precision": 0.9776328052190121,
      "recall": 0.9374441465594281,
      "f1-score": 0.9571167883211679,
      "support": 1119.0
    },
    "1": {
      "precision": 0.950561797752809,
      "recall": 0.8709677419354839,
      "f1-score": 0.9090257879656161,
      "support": 1457.0
    },
    "2": {
      "precision": 0.9313984168865436,
      "recall": 0.9724517906336089,
      "f1-score": 0.9514824797843666,
      "support": 363.0
    },
    "3": {
      "precision": 0.7227191413237924,
      "recall": 0.9782082324455206,
      "f1-score": 0.831275720164609,
      "support": 413.0
    },
    "4": {
      "precision": 0.6944444444444444,
      "recall": 0.8333333333333334,
      "f1-score": 0.7575757575757576,
      "support": 30.0
    },
    "accuracy": 0.9166173861620343,
    "macro avg": {
      "precision": 0.8553513211253202,
      "recall": 0.918481048981475,
      "f1-score": 0.8812953067623035,
      "support": 3382.0
    },
    "weighted avg": {
      "precision": 0.9273665323464791,
      "recall": 0.9166173861620343,
      "f1-score": 0.9186565773253312,
      "support": 3382.0
    }
  },
  "target_agreement": 0.918982850384388
}