{
  "accuracy": 0.905972797161443,
  "precision_macro": 0.8242317252535095,
  "recall_macro": 0.9005293053890246,
  "f1_macro": 0.8554943651227214,
  "confusion_matrix": [
    [
      1041,
      51,
      8,
      19,
      0
    ],
    [
      34,
      1276,
      25,
      116,
      6
    ],
    [
      3,
      3,
      345,
      3,
      9
    ],
    [
      1,
      31,
      1,
      377,
      3
    ],
    [
      0,
      3,
      0,
      2,
      25
    ]
  ],
  "classification_report": {
    "0": {
      "precision": 0.9647822057460612,
      "recall": 0.9302949061662198,
      "f1-score": 0.9472247497725205,
      "support": 1119.0
    },
    "1": {
      "precision": 0.9354838709677419,
      "recall": 0.8757721345229924,
      "f1-score": 0.9046437433534208,
      "support": 1457.0
    },
    "2": {
      "precision": 0.9102902374670184,
      "recall": 0.9504132231404959,
      "f1-score": 0.9299191374663073,
      "support": 363.0
    },
    "3": {
      "precision": 0.7292069632495164,
      "recall": 0.9128329297820823,
      "f1-score": 0.810752688172043,
      "support": 413.0
    },
    "4": {
      "precision": 0.5813953488372093,
      "recall": 0.8333333333333334,
      "f1-score": 0.684931506849315,
      "support": 30.0
    },
    "accuracy": 0.905972797161443,
    "macro avg": {
      "precision": 0.8242317252535095,
      "recall": 0.9005293053890246,
      "f1-score": 0.8554943651227214,
      "support": 3382.0
    },
    "weighted avg": {
      "precision": 0.9141428092009275,
      "recall": 0.905972797161443,
      "f1-score": 0.9080307159616167,
      "support": 3382.0
    }
  },
  "target_agreement": 0.9074512123004139
}