{
  "accuracy": 0.9556475458308693,
  "precision_macro": 0.9185657096497224,
  "recall_macro": 0.9455122073395852,
  "f1_macro": 0.9306601672531525,
  "confusion_matrix": [
    [
      1110,
      3,
      1,
      5,
      0
    ],
    [
      16,
      1340,
      30,
      69,
      2
    ],
    [
      1,
      2,
      356,
      2,
      2
    ],
    [
      0,
      12,
      1,
      400,
      0
    ],
    [
      1,
      2,
      0,
      1,
      26
    ]
  ],
  "classification_report": {
    "0": {
      "precision": 0.9840425531914894,
      "recall": 0.9919571045576407,
      "f1-score": 0.9879839786381842,
      "support": 1119.0
    },
    "1": {
      "precision": 0.986019131714496,
      "recall": 0.9196980096087852,
      "f1-score": 0.9517045454545454,
      "support": 1457.0
    },
    "2": {
      "precision": 0.9175257731958762,
      "recall": 0.9807162534435262,
      "f1-score": 0.948069241011984,
      "support": 363.0
    },
    "3": {
      "precision": 0.8385744234800838,
      "recall": 0.9685230024213075,
      "f1-score": 0.898876404494382,
      "support": 413.0
    },
    "4": {
      "precision": 0.8666666666666667,
      "recall": 0.8666666666666667,
      "f1-score": 0.8666666666666667,
      "support": 30.0
    },
    "accuracy": 0.9556475458308693,
    "macro avg": {
      "precision": 0.9185657096497224,
      "recall": 0.9455122073395852,
      "f1-score": 0.9306601672531525,
      "support": 3382.0
    },
    "weighted avg": {
      "precision": 0.9589493153449659,
      "recall": 0.9556475458308693,
      "f1-score": 0.956112561906248,
      "support": 3382.0
    }
  },
  "target_agreement": 0.9698403311649911
}