{
  "accuracy": 0.9065641632170314,
  "precision_macro": 0.8146627860297748,
  "recall_macro": 0.8846682202479684,
  "f1_macro": 0.8412039601351079,
  "confusion_matrix": [
    [
      1050,
      48,
      8,
      12,
      1
    ],
    [
      31,
      1316,
      20,
      83,
      7
    ],
    [
      5,
      6,
      342,
      0,
      10
    ],
    [
      2,
      70,
      1,
      333,
      7
    ],
    [
      0,
      3,
      0,
      2,
      25
    ]
  ],
  "classification_report": {
    "0": {
      "precision": 0.9650735294117647,
      "recall": 0.938337801608579,
      "f1-score": 0.9515178975985501,
      "support": 1119.0
    },
    "1": {
      "precision": 0.911988911988912,
      "recall": 0.9032258064516129,
      "f1-score": 0.9075862068965517,
      "support": 1457.0
    },
    "2": {
      "precision": 0.921832884097035,
      "recall": 0.9421487603305785,
      "f1-score": 0.9318801089918256,
      "support": 363.0
    },
    "3": {
      "precision": 0.7744186046511627,
      "recall": 0.8062953995157385,
      "f1-score": 0.7900355871886121,
      "support": 413.0
    },
    "4": {
      "precision": 0.5,
      "recall": 0.8333333333333334,
      "f1-score": 0.625,
      "support": 30.0
    },
    "accuracy": 0.9065641632170314,
    "macro avg": {
      "precision": 0.8146627860297748,
      "recall": 0.8846682202479684,
      "f1-score": 0.8412039601351079,
      "support": 3382.0
    },
    "weighted avg": {
      "precision": 0.9101553355493089,
      "recall": 0.9065641632170314,
      "f1-score": 0.9078677728959146,
      "support": 3382.0
    }
  },
  "target_agreement": 0.9071555292726198
}