{
  "accuracy": 0.9237137788290952,
  "precision_macro": 0.8453621512973815,
  "recall_macro": 0.9121912747921632,
  "f1_macro": 0.8740725125747375,
  "confusion_matrix": [
    [
      1057,
      49,
      2,
      11,
      0
    ],
    [
      18,
      1313,
      34,
      86,
      6
    ],
    [
      0,
      5,
      350,
      0,
      8
    ],
    [
      0,
      30,
      2,
      379,
      2
    ],
    [
      0,
      4,
      0,
      1,
      25
    ]
  ],
  "classification_report": {
    "0": {
      "precision": 0.9832558139534884,
      "recall": 0.9445933869526363,
      "f1-score": 0.9635369188696444,
      "support": 1119.0
    },
    "1": {
      "precision": 0.9371877230549608,
      "recall": 0.9011667810569663,
      "f1-score": 0.9188243526941917,
      "support": 1457.0
    },
    "2": {
      "precision": 0.9020618556701031,
      "recall": 0.9641873278236914,
      "f1-score": 0.9320905459387483,
      "support": 363.0
    },
    "3": {
      "precision": 0.7945492662473794,
      "recall": 0.9176755447941889,
      "f1-score": 0.851685393258427,
      "support": 413.0
    },
    "4": {
      "precision": 0.6097560975609756,
      "recall": 0.8333333333333334,
      "f1-score": 0.704225352112676,
      "support": 30.0
    },
    "accuracy": 0.9237137788290952,
    "macro avg": {
      "precision": 0.8453621512973815,
      "recall": 0.9121912747921632,
      "f1-score": 0.8740725125747375,
      "support": 3382.0
    },
    "weighted avg": {
      "precision": 0.9283370052632395,
      "recall": 0.9237137788290952,
      "f1-score": 0.9249398551878906,
      "support": 3382.0
    }
  },
  "target_agreement": 0.94795978710822
}