{
  "accuracy": 0.9092253104671791,
  "precision_macro": 0.8168724681226305,
  "recall_macro": 0.9153391362676027,
  "f1_macro": 0.8540809731850821,
  "confusion_matrix": [
    [
      1044,
      57,
      2,
      15,
      1
    ],
    [
      26,
      1265,
      26,
      131,
      9
    ],
    [
      5,
      3,
      351,
      0,
      4
    ],
    [
      0,
      14,
      0,
      389,
      10
    ],
    [
      0,
      1,
      0,
      3,
      26
    ]
  ],
  "classification_report": {
    "0": {
      "precision": 0.9711627906976744,
      "recall": 0.9329758713136729,
      "f1-score": 0.9516864175022789,
      "support": 1119.0
    },
    "1": {
      "precision": 0.9440298507462687,
      "recall": 0.8682223747426219,
      "f1-score": 0.9045405791919914,
      "support": 1457.0
    },
    "2": {
      "precision": 0.9261213720316622,
      "recall": 0.9669421487603306,
      "f1-score": 0.9460916442048517,
      "support": 363.0
    },
    "3": {
      "precision": 0.7230483271375465,
      "recall": 0.9418886198547215,
      "f1-score": 0.8180862250262881,
      "support": 413.0
    },
    "4": {
      "precision": 0.52,
      "recall": 0.8666666666666667,
      "f1-score": 0.65,
      "support": 30.0
    },
    "accuracy": 0.9092253104671791,
    "macro avg": {
      "precision": 0.8168724681226305,
      "recall": 0.9153391362676027,
      "f1-score": 0.8540809731850821,
      "support": 3382.0
    },
    "weighted avg": {
      "precision": 0.9203381645426704,
      "recall": 0.9092253104671791,
      "f1-score": 0.9117840339591957,
      "support": 3382.0
    }
  },
  "target_agreement": 0.9109994086339445
}