{
  "accuracy": 0.8923713778829095,
  "precision_macro": 0.8097979874319734,
  "recall_macro": 0.8807122309613113,
  "f1_macro": 0.8383511813808211,
  "confusion_matrix": [
    [
      1036,
      48,
      10,
      24,
      1
    ],
    [
      18,
      1253,
      32,
      151,
      3
    ],
    [
      13,
      7,
      332,
      0,
      11
    ],
    [
      1,
      36,
      1,
      373,
      2
    ],
    [
      0,
      5,
      0,
      1,
      24
    ]
  ],
  "classification_report": {
    "0": {
      "precision": 0.9700374531835206,
      "recall": 0.9258266309204647,
      "f1-score": 0.9474165523548239,
      "support": 1119.0
    },
    "1": {
      "precision": 0.9288361749444033,
      "recall": 0.8599862731640356,
      "f1-score": 0.8930862437633642,
      "support": 1457.0
    },
    "2": {
      "precision": 0.8853333333333333,
      "recall": 0.9146005509641874,
      "f1-score": 0.8997289972899729,
      "support": 363.0
    },
    "3": {
      "precision": 0.6794171220400729,
      "recall": 0.9031476997578692,
      "f1-score": 0.7754677754677755,
      "support": 413.0
    },
    "4": {
      "precision": 0.5853658536585366,
      "recall": 0.8,
      "f1-score": 0.676056338028169,
      "support": 30.0
    },
    "accuracy": 0.8923713778829095,
    "macro avg": {
      "precision": 0.8097979874319734,
      "recall": 0.8807122309613113,
      "f1-score": 0.8383511813808211,
      "support": 3382.0
    },
    "weighted avg": {
      "precision": 0.9042940461320703,
      "recall": 0.8923713778829095,
      "f1-score": 0.8954870747112851,
      "support": 3382.0
    }
  },
  "target_agreement": 0.9163217031342401
}