{
  "accuracy": 0.8997634535777647,
  "precision_macro": 0.787910459533059,
  "recall_macro": 0.8937315280388317,
  "f1_macro": 0.8247478665551965,
  "confusion_matrix": [
    [
      1047,
      35,
      1,
      35,
      1
    ],
    [
      25,
      1261,
      33,
      123,
      15
    ],
    [
      4,
      4,
      345,
      0,
      10
    ],
    [
      0,
      40,
      0,
      365,
      8
    ],
    [
      0,
      2,
      1,
      2,
      25
    ]
  ],
  "classification_report": {
    "0": {
      "precision": 0.9730483271375465,
      "recall": 0.935656836461126,
      "f1-score": 0.9539863325740319,
      "support": 1119.0
    },
    "1": {
      "precision": 0.9396423248882265,
      "recall": 0.8654770075497598,
      "f1-score": 0.901036084315827,
      "support": 1457.0
    },
    "2": {
      "precision": 0.9078947368421053,
      "recall": 0.9504132231404959,
      "f1-score": 0.9286675639300135,
      "support": 363.0
    },
    "3": {
      "precision": 0.6952380952380952,
      "recall": 0.8837772397094431,
      "f1-score": 0.7782515991471215,
      "support": 413.0
    },
    "4": {
      "precision": 0.423728813559322,
      "recall": 0.8333333333333334,
      "f1-score": 0.5617977528089888,
      "support": 30.0
    },
    "accuracy": 0.8997634535777647,
    "macro avg": {
      "precision": 0.787910459533059,
      "recall": 0.8937315280388317,
      "f1-score": 0.8247478665551965,
      "support": 3382.0
    },
    "weighted avg": {
      "precision": 0.9128654443059898,
      "recall": 0.8997634535777647,
      "f1-score": 0.9035181696443311,
      "support": 3382.0
    }
  },
  "target_agreement": 0.9009461856889415
}