{
  "accuracy": 0.9086339444115907,
  "precision_macro": 0.8142494606828296,
  "recall_macro": 0.8890290961916711,
  "f1_macro": 0.8444629143551541,
  "confusion_matrix": [
    [
      1050,
      46,
      6,
      17,
      0
    ],
    [
      25,
      1295,
      29,
      104,
      4
    ],
    [
      3,
      3,
      340,
      0,
      17
    ],
    [
      1,
      44,
      3,
      364,
      1
    ],
    [
      0,
      4,
      1,
      1,
      24
    ]
  ],
  "classification_report": {
    "0": {
      "precision": 0.9731232622798888,
      "recall": 0.938337801608579,
      "f1-score": 0.9554140127388535,
      "support": 1119.0
    },
    "1": {
      "precision": 0.930316091954023,
      "recall": 0.8888126286890872,
      "f1-score": 0.9090909090909091,
      "support": 1457.0
    },
    "2": {
      "precision": 0.8970976253298153,
      "recall": 0.9366391184573003,
      "f1-score": 0.9164420485175202,
      "support": 363.0
    },
    "3": {
      "precision": 0.7489711934156379,
      "recall": 0.8813559322033898,
      "f1-score": 0.8097886540600667,
      "support": 413.0
    },
    "4": {
      "precision": 0.5217391304347826,
      "recall": 0.8,
      "f1-score": 0.631578947368421,
      "support": 30.0
    },
    "accuracy": 0.9086339444115907,
    "macro avg": {
      "precision": 0.8142494606828296,
      "recall": 0.8890290961916711,
      "f1-score": 0.8444629143551541,
      "support": 3382.0
    },
    "weighted avg": {
      "precision": 0.9151446455519313,
      "recall": 0.9086339444115907,
      "f1-score": 0.9106186519692346,
      "support": 3382.0
    }
  },
  "target_agreement": 0.92193968066233
}