{
  "accuracy": 0.9086339444115907,
  "precision_macro": 0.8337275368549019,
  "recall_macro": 0.9041269699306683,
  "f1_macro": 0.8628252119516073,
  "confusion_matrix": [
    [
      1041,
      52,
      6,
      20,
      0
    ],
    [
      21,
      1278,
      26,
      128,
      4
    ],
    [
      4,
      5,
      344,
      1,
      9
    ],
    [
      1,
      23,
      2,
      385,
      2
    ],
    [
      0,
      4,
      0,
      1,
      25
    ]
  ],
  "classification_report": {
    "0": {
      "precision": 0.9756326148078726,
      "recall": 0.9302949061662198,
      "f1-score": 0.9524245196706312,
      "support": 1119.0
    },
    "1": {
      "precision": 0.9383259911894273,
      "recall": 0.8771448181194235,
      "f1-score": 0.906704505143668,
      "support": 1457.0
    },
    "2": {
      "precision": 0.91005291005291,
      "recall": 0.9476584022038568,
      "f1-score": 0.9284750337381916,
      "support": 363.0
    },
    "3": {
      "precision": 0.719626168224299,
      "recall": 0.9322033898305084,
      "f1-score": 0.8122362869198312,
      "support": 413.0
    },
    "4": {
      "precision": 0.625,
      "recall": 0.8333333333333334,
      "f1-score": 0.7142857142857143,
      "support": 30.0
    },
    "accuracy": 0.9086339444115907,
    "macro avg": {
      "precision": 0.8337275368549019,
      "recall": 0.9041269699306683,
      "f1-score": 0.8628252119516073,
      "support": 3382.0
    },
    "weighted avg": {
      "precision": 0.9181486336365603,
      "recall": 0.9086339444115907,
      "f1-score": 0.9109255164633903,
      "support": 3382.0
    }
  },
  "target_agreement": 0.9257835600236547
}