{
  "accuracy": 0.8840922531046718,
  "precision_macro": 0.7816584205269594,
  "recall_macro": 0.9056379631377396,
  "f1_macro": 0.8205668106216072,
  "confusion_matrix": [
    [
      1066,
      28,
      1,
      23,
      1
    ],
    [
      29,
      1154,
      32,
      227,
      15
    ],
    [
      0,
      2,
      346,
      2,
      13
    ],
    [
      0,
      12,
      0,
      398,
      3
    ],
    [
      0,
      1,
      0,
      3,
      26
    ]
  ],
  "classification_report": {
    "0": {
      "precision": 0.9735159817351599,
      "recall": 0.9526362823949955,
      "f1-score": 0.9629629629629629,
      "support": 1119.0
    },
    "1": {
      "precision": 0.9640768588137009,
      "recall": 0.7920384351407,
      "f1-score": 0.8696307460437076,
      "support": 1457.0
    },
    "2": {
      "precision": 0.9129287598944591,
      "recall": 0.953168044077135,
      "f1-score": 0.9326145552560647,
      "support": 363.0
    },
    "3": {
      "precision": 0.6094946401225115,
      "recall": 0.9636803874092009,
      "f1-score": 0.7467166979362101,
      "support": 413.0
    },
    "4": {
      "precision": 0.4482758620689655,
      "recall": 0.8666666666666667,
      "f1-score": 0.5909090909090909,
      "support": 30.0
    },
    "accuracy": 0.8840922531046718,
    "macro avg": {
      "precision": 0.7816584205269594,
      "recall": 0.9056379631377396,
      "f1-score": 0.8205668106216072,
      "support": 3382.0
    },
    "weighted avg": {
      "precision": 0.9138341422021171,
      "recall": 0.8840922531046718,
      "f1-score": 0.8897894456162379,
      "support": 3382.0
    }
  },
  "target_agreement": 0.884387936132466
}