{
  "accuracy": 0.8938497930218805,
  "precision_macro": 0.7928408512713832,
  "recall_macro": 0.9113936145489454,
  "f1_macro": 0.832038324535592,
  "confusion_matrix": [
    [
      1074,
      14,
      1,
      29,
      1
    ],
    [
      48,
      1177,
      29,
      193,
      10
    ],
    [
      0,
      2,
      349,
      3,
      9
    ],
    [
      0,
      6,
      1,
      397,
      9
    ],
    [
      0,
      0,
      0,
      4,
      26
    ]
  ],
  "classification_report": {
    "0": {
      "precision": 0.9572192513368984,
      "recall": 0.9597855227882037,
      "f1-score": 0.9585006693440429,
      "support": 1119.0
    },
    "1": {
      "precision": 0.981651376146789,
      "recall": 0.8078242964996568,
      "f1-score": 0.8862951807228916,
      "support": 1457.0
    },
    "2": {
      "precision": 0.9184210526315789,
      "recall": 0.9614325068870524,
      "f1-score": 0.9394347240915208,
      "support": 363.0
    },
    "3": {
      "precision": 0.634185303514377,
      "recall": 0.9612590799031477,
      "f1-score": 0.7641963426371511,
      "support": 413.0
    },
    "4": {
      "precision": 0.4727272727272727,
      "recall": 0.8666666666666667,
      "f1-score": 0.611764705882353,
      "support": 30.0
    },
    "accuracy": 0.8938497930218805,
    "macro avg": {
      "precision": 0.7928408512713832,
      "recall": 0.9113936145489454,
      "f1-score": 0.832038324535592,
      "support": 3382.0
    },
    "weighted avg": {
      "precision": 0.9198348870284978,
      "recall": 0.8938497930218805,
      "f1-score": 0.8985438092371595,
      "support": 3382.0
    }
  },
  "target_agreement": 0.8938497930218805
}