{
  "accuracy": 0.8769958604376109,
  "precision_macro": 0.7475041512194681,
  "recall_macro": 0.8803014790027681,
  "f1_macro": 0.7818277794017765,
  "confusion_matrix": [
    [
      1004,
      92,
      9,
      9,
      5
    ],
    [
      9,
      1246,
      40,
      141,
      21
    ],
    [
      10,
      5,
      335,
      0,
      13
    ],
    [
      0,
      29,
      2,
      355,
      27
    ],
    [
      0,
      0,
      0,
      4,
      26
    ]
  ],
  "classification_report": {
    "0": {
      "precision": 0.9814271749755621,
      "recall": 0.8972296693476318,
      "f1-score": 0.9374416433239963,
      "support": 1119.0
    },
    "1": {
      "precision": 0.9081632653061225,
      "recall": 0.8551818805765271,
      "f1-score": 0.880876634853305,
      "support": 1457.0
    },
    "2": {
      "precision": 0.8678756476683938,
      "recall": 0.9228650137741047,
      "f1-score": 0.8945260347129506,
      "support": 363.0
    },
    "3": {
      "precision": 0.6974459724950884,
      "recall": 0.8595641646489104,
      "f1-score": 0.7700650759219089,
      "support": 413.0
    },
    "4": {
      "precision": 0.2826086956521739,
      "recall": 0.8666666666666667,
      "f1-score": 0.4262295081967213,
      "support": 30.0
    },
    "accuracy": 0.8769958604376109,
    "macro avg": {
      "precision": 0.7475041512194681,
      "recall": 0.8803014790027681,
      "f1-score": 0.7818277794017765,
      "support": 3382.0
    },
    "weighted avg": {
      "precision": 0.8967986972094435,
      "recall": 0.8769958604376109,
      "f1-score": 0.8834923619347334,
      "support": 3382.0
    }
  },
  "target_agreement": 0.8778829095209935
}