{
  "accuracy": 0.8716735659373152,
  "precision_macro": 0.7677599777896713,
  "recall_macro": 0.8767635475136568,
  "f1_macro": 0.8033512740664088,
  "confusion_matrix": [
    [
      1023,
      69,
      6,
      20,
      1
    ],
    [
      12,
      1213,
      31,
      190,
      11
    ],
    [
      14,
      5,
      328,
      1,
      15
    ],
    [
      0,
      47,
      1,
      358,
      7
    ],
    [
      0,
      0,
      0,
      4,
      26
    ]
  ],
  "classification_report": {
    "0": {
      "precision": 0.9752144899904671,
      "recall": 0.9142091152815014,
      "f1-score": 0.9437269372693727,
      "support": 1119.0
    },
    "1": {
      "precision": 0.9092953523238381,
      "recall": 0.8325326012354153,
      "f1-score": 0.8692225008957363,
      "support": 1457.0
    },
    "2": {
      "precision": 0.8961748633879781,
      "recall": 0.9035812672176309,
      "f1-score": 0.8998628257887518,
      "support": 363.0
    },
    "3": {
      "precision": 0.62478184991274,
      "recall": 0.8668280871670703,
      "f1-score": 0.7261663286004056,
      "support": 413.0
    },
    "4": {
      "precision": 0.43333333333333335,
      "recall": 0.8666666666666667,
      "f1-score": 0.5777777777777777,
      "support": 30.0
    },
    "accuracy": 0.8716735659373152,
    "macro avg": {
      "precision": 0.7677599777896713,
      "recall": 0.8767635475136568,
      "f1-score": 0.8033512740664088,
      "support": 3382.0
    },
    "weighted avg": {
      "precision": 0.8907317333113431,
      "recall": 0.8716735659373152,
      "f1-score": 0.8771075870538538,
      "support": 3382.0
    }
  },
  "target_agreement": 0.8722649319929036
}