{
  "accuracy": 0.8793613246599645,
  "precision_macro": 0.7903103347070551,
  "recall_macro": 0.8597686802564306,
  "f1_macro": 0.8178344645195239,
  "confusion_matrix": [
    [
      1001,
      84,
      13,
      21,
      0
    ],
    [
      14,
      1282,
      33,
      122,
      6
    ],
    [
      13,
      7,
      328,
      0,
      15
    ],
    [
      1,
      69,
      3,
      339,
      1
    ],
    [
      0,
      4,
      0,
      2,
      24
    ]
  ],
  "classification_report": {
    "0": {
      "precision": 0.9727891156462585,
      "recall": 0.8945487042001787,
      "f1-score": 0.9320297951582868,
      "support": 1119.0
    },
    "1": {
      "precision": 0.8865836791147994,
      "recall": 0.8798901853122855,
      "f1-score": 0.8832242507750603,
      "support": 1457.0
    },
    "2": {
      "precision": 0.870026525198939,
      "recall": 0.9035812672176309,
      "f1-score": 0.8864864864864865,
      "support": 363.0
    },
    "3": {
      "precision": 0.7004132231404959,
      "recall": 0.8208232445520581,
      "f1-score": 0.7558528428093646,
      "support": 413.0
    },
    "4": {
      "precision": 0.5217391304347826,
      "recall": 0.8,
      "f1-score": 0.631578947368421,
      "support": 30.0
    },
    "accuracy": 0.8793613246599645,
    "macro avg": {
      "precision": 0.7903103347070551,
      "recall": 0.8597686802564306,
      "f1-score": 0.8178344645195239,
      "support": 3382.0
    },
    "weighted avg": {
      "precision": 0.887358339620257,
      "recall": 0.8793613246599645,
      "f1-score": 0.8819362097153461,
      "support": 3382.0
    }
  },
  "target_agreement": 0.8923713778829095
}