{
  "accuracy": 0.908929627439385,
  "precision_macro": 0.8042806027971026,
  "recall_macro": 0.9009114896326134,
  "f1_macro": 0.8399596566080436,
  "confusion_matrix": [
    [
      1039,
      40,
      1,
      39,
      0
    ],
    [
      22,
      1291,
      31,
      109,
      4
    ],
    [
      2,
      4,
      347,
      0,
      10
    ],
    [
      0,
      26,
      1,
      372,
      14
    ],
    [
      0,
      3,
      0,
      2,
      25
    ]
  ],
  "classification_report": {
    "0": {
      "precision": 0.9774223894637818,
      "recall": 0.9285075960679178,
      "f1-score": 0.9523373052245646,
      "support": 1119.0
    },
    "1": {
      "precision": 0.9464809384164223,
      "recall": 0.8860672614962252,
      "f1-score": 0.9152782701169798,
      "support": 1457.0
    },
    "2": {
      "precision": 0.9131578947368421,
      "recall": 0.9559228650137741,
      "f1-score": 0.9340511440107672,
      "support": 363.0
    },
    "3": {
      "precision": 0.7126436781609196,
      "recall": 0.9007263922518159,
      "f1-score": 0.7957219251336899,
      "support": 413.0
    },
    "4": {
      "precision": 0.4716981132075472,
      "recall": 0.8333333333333334,
      "f1-score": 0.6024096385542169,
      "support": 30.0
    },
    "accuracy": 0.908929627439385,
    "macro avg": {
      "precision": 0.8042806027971026,
      "recall": 0.9009114896326134,
      "f1-score": 0.8399596566080436,
      "support": 3382.0
    },
    "weighted avg": {
      "precision": 0.9203747721315373,
      "recall": 0.908929627439385,
      "f1-score": 0.9121797438259835,
      "support": 3382.0
    }
  },
  "target_agreement": 0.9107037256061502
}