{
  "accuracy": 0.9251921939680662,
  "precision_macro": 0.857248035626953,
  "recall_macro": 0.9201176660688988,
  "f1_macro": 0.8839562086255119,
  "confusion_matrix": [
    [
      1071,
      32,
      2,
      14,
      0
    ],
    [
      41,
      1285,
      19,
      108,
      4
    ],
    [
      0,
      5,
      351,
      0,
      7
    ],
    [
      0,
      14,
      0,
      397,
      2
    ],
    [
      0,
      3,
      0,
      2,
      25
    ]
  ],
  "classification_report": {
    "0": {
      "precision": 0.9631294964028777,
      "recall": 0.9571045576407506,
      "f1-score": 0.9601075750784401,
      "support": 1119.0
    },
    "1": {
      "precision": 0.9596713965646004,
      "recall": 0.8819492107069321,
      "f1-score": 0.919170243204578,
      "support": 1457.0
    },
    "2": {
      "precision": 0.9435483870967742,
      "recall": 0.9669421487603306,
      "f1-score": 0.9551020408163265,
      "support": 363.0
    },
    "3": {
      "precision": 0.761996161228407,
      "recall": 0.9612590799031477,
      "f1-score": 0.8501070663811563,
      "support": 413.0
    },
    "4": {
      "precision": 0.6578947368421053,
      "recall": 0.8333333333333334,
      "f1-score": 0.7352941176470589,
      "support": 30.0
    },
    "accuracy": 0.9251921939680662,
    "macro avg": {
      "precision": 0.857248035626953,
      "recall": 0.9201176660688988,
      "f1-score": 0.8839562086255119,
      "support": 3382.0
    },
    "weighted avg": {
      "precision": 0.9322686139793517,
      "recall": 0.9251921939680662,
      "f1-score": 0.9265069496224129,
      "support": 3382.0
    }
  },
  "target_agreement": 0.9281490242460083
}