{
  "accuracy": 0.9281490242460083,
  "precision_macro": 0.8295789219377365,
  "recall_macro": 0.9065316674168828,
  "f1_macro": 0.8606463745440933,
  "confusion_matrix": [
    [
      1077,
      24,
      1,
      16,
      1
    ],
    [
      27,
      1297,
      24,
      102,
      7
    ],
    [
      2,
      3,
      350,
      0,
      8
    ],
    [
      0,
      14,
      1,
      392,
      6
    ],
    [
      0,
      6,
      0,
      1,
      23
    ]
  ],
  "classification_report": {
    "0": {
      "precision": 0.9737793851717902,
      "recall": 0.9624664879356568,
      "f1-score": 0.9680898876404495,
      "support": 1119.0
    },
    "1": {
      "precision": 0.9650297619047619,
      "recall": 0.8901853122855182,
      "f1-score": 0.9260978222063548,
      "support": 1457.0
    },
    "2": {
      "precision": 0.9308510638297872,
      "recall": 0.9641873278236914,
      "f1-score": 0.9472259810554804,
      "support": 363.0
    },
    "3": {
      "precision": 0.7671232876712328,
      "recall": 0.9491525423728814,
      "f1-score": 0.8484848484848485,
      "support": 413.0
    },
    "4": {
      "precision": 0.5111111111111111,
      "recall": 0.7666666666666667,
      "f1-score": 0.6133333333333333,
      "support": 30.0
    },
    "accuracy": 0.9281490242460083,
    "macro avg": {
      "precision": 0.8295789219377365,
      "recall": 0.9065316674168828,
      "f1-score": 0.8606463745440933,
      "support": 3382.0
    },
    "weighted avg": {
      "precision": 0.9360619995311168,
      "recall": 0.9281490242460083,
      "f1-score": 0.9300072101631295,
      "support": 3382.0
    }
  },
  "target_agreement": 0.9299231224127735
}