{
  "accuracy": 0.9074512123004139,
  "precision_macro": 0.82420591082358,
  "recall_macro": 0.8948336223635145,
  "f1_macro": 0.853346373598102,
  "confusion_matrix": [
    [
      1039,
      48,
      7,
      25,
      0
    ],
    [
      19,
      1300,
      29,
      104,
      5
    ],
    [
      7,
      3,
      339,
      2,
      12
    ],
    [
      1,
      44,
      1,
      366,
      1
    ],
    [
      0,
      3,
      0,
      2,
      25
    ]
  ],
  "classification_report": {
    "0": {
      "precision": 0.974671669793621,
      "recall": 0.9285075960679178,
      "f1-score": 0.9510297482837529,
      "support": 1119.0
    },
    "1": {
      "precision": 0.9298998569384835,
      "recall": 0.8922443376801648,
      "f1-score": 0.9106830122591943,
      "support": 1457.0
    },
    "2": {
      "precision": 0.901595744680851,
      "recall": 0.9338842975206612,
      "f1-score": 0.9174560216508796,
      "support": 363.0
    },
    "3": {
      "precision": 0.7334669338677354,
      "recall": 0.8861985472154964,
      "f1-score": 0.8026315789473685,
      "support": 413.0
    },
    "4": {
      "precision": 0.5813953488372093,
      "recall": 0.8333333333333334,
      "f1-score": 0.684931506849315,
      "support": 30.0
    },
    "accuracy": 0.9074512123004139,
    "macro avg": {
      "precision": 0.82420591082358,
      "recall": 0.8948336223635145,
      "f1-score": 0.853346373598102,
      "support": 3382.0
    },
    "weighted avg": {
      "precision": 0.9145962890390515,
      "recall": 0.9074512123004139,
      "f1-score": 0.9095620225787043,
      "support": 3382.0
    }
  },
  "target_agreement": 0.9071555292726198
}