{
  "accuracy": 0.874334713187463,
  "precision_macro": 0.784099604341989,
  "recall_macro": 0.8624115778307117,
  "f1_macro": 0.8129899900683732,
  "confusion_matrix": [
    [
      1021,
      63,
      8,
      27,
      0
    ],
    [
      15,
      1216,
      27,
      192,
      7
    ],
    [
      12,
      4,
      332,
      1,
      14
    ],
    [
      0,
      46,
      1,
      365,
      1
    ],
    [
      0,
      4,
      0,
      3,
      23
    ]
  ],
  "classification_report": {
    "0": {
      "precision": 0.9742366412213741,
      "recall": 0.9124218051831993,
      "f1-score": 0.9423165666820489,
      "support": 1119.0
    },
    "1": {
      "precision": 0.9122280570142536,
      "recall": 0.8345916266300618,
      "f1-score": 0.8716845878136201,
      "support": 1457.0
    },
    "2": {
      "precision": 0.9021739130434783,
      "recall": 0.9146005509641874,
      "f1-score": 0.908344733242134,
      "support": 363.0
    },
    "3": {
      "precision": 0.6207482993197279,
      "recall": 0.8837772397094431,
      "f1-score": 0.7292707292707292,
      "support": 413.0
    },
    "4": {
      "precision": 0.5111111111111111,
      "recall": 0.7666666666666667,
      "f1-score": 0.6133333333333333,
      "support": 30.0
    },
    "accuracy": 0.874334713187463,
    "macro avg": {
      "precision": 0.784099604341989,
      "recall": 0.8624115778307117,
      "f1-score": 0.8129899900683732,
      "support": 3382.0
    },
    "weighted avg": {
      "precision": 0.8925128894097127,
      "recall": 0.874334713187463,
      "f1-score": 0.8793065144640341,
      "support": 3382.0
    }
  },
  "target_agreement": 0.8876404494382022
}