{
  "accuracy": 0.8764044943820225,
  "precision_macro": 0.7402725700648312,
  "recall_macro": 0.9036015859400057,
  "f1_macro": 0.7741317766045899,
  "confusion_matrix": [
    [
      1020,
      53,
      13,
      30,
      3
    ],
    [
      13,
      1216,
      38,
      133,
      57
    ],
    [
      8,
      0,
      338,
      3,
      14
    ],
    [
      0,
      31,
      1,
      361,
      20
    ],
    [
      0,
      0,
      0,
      1,
      29
    ]
  ],
  "classification_report": {
    "0": {
      "precision": 0.9798270893371758,
      "recall": 0.9115281501340483,
      "f1-score": 0.9444444444444444,
      "support": 1119.0
    },
    "1": {
      "precision": 0.9353846153846154,
      "recall": 0.8345916266300618,
      "f1-score": 0.8821182444686253,
      "support": 1457.0
    },
    "2": {
      "precision": 0.8666666666666667,
      "recall": 0.931129476584022,
      "f1-score": 0.897742363877822,
      "support": 363.0
    },
    "3": {
      "precision": 0.6837121212121212,
      "recall": 0.87409200968523,
      "f1-score": 0.767268862911796,
      "support": 413.0
    },
    "4": {
      "precision": 0.23577235772357724,
      "recall": 0.9666666666666667,
      "f1-score": 0.3790849673202614,
      "support": 30.0
    },
    "accuracy": 0.8764044943820225,
    "macro avg": {
      "precision": 0.7402725700648312,
      "recall": 0.9036015859400057,
      "f1-score": 0.7741317766045899,
      "support": 3382.0
    },
    "weighted avg": {
      "precision": 0.9057741497267882,
      "recall": 0.8764044943820225,
      "f1-score": 0.8859298293950176,
      "support": 3382.0
    }
  },
  "target_agreement": 0.8767001774098166
}