{
  "accuracy": 0.9180958013010053,
  "precision_macro": 0.8460936621656157,
  "recall_macro": 0.9143375188562336,
  "f1_macro": 0.8750298698870072,
  "confusion_matrix": [
    [
      1078,
      23,
      4,
      13,
      1
    ],
    [
      55,
      1262,
      24,
      112,
      4
    ],
    [
      0,
      5,
      351,
      1,
      6
    ],
    [
      0,
      20,
      1,
      389,
      3
    ],
    [
      0,
      4,
      0,
      1,
      25
    ]
  ],
  "classification_report": {
    "0": {
      "precision": 0.9514563106796117,
      "recall": 0.9633601429848079,
      "f1-score": 0.9573712255772646,
      "support": 1119.0
    },
    "1": {
      "precision": 0.9604261796042618,
      "recall": 0.8661633493479753,
      "f1-score": 0.9108625045110068,
      "support": 1457.0
    },
    "2": {
      "precision": 0.9236842105263158,
      "recall": 0.9669421487603306,
      "f1-score": 0.9448183041722745,
      "support": 363.0
    },
    "3": {
      "precision": 0.7538759689922481,
      "recall": 0.9418886198547215,
      "f1-score": 0.83745963401507,
      "support": 413.0
    },
    "4": {
      "precision": 0.6410256410256411,
      "recall": 0.8333333333333334,
      "f1-score": 0.7246376811594203,
      "support": 30.0
    },
    "accuracy": 0.9180958013010053,
    "macro avg": {
      "precision": 0.8460936621656157,
      "recall": 0.9143375188562336,
      "f1-score": 0.8750298698870072,
      "support": 3382.0
    },
    "weighted avg": {
      "precision": 0.9254581514427899,
      "recall": 0.9180958013010053,
      "f1-score": 0.9192797380813242,
      "support": 3382.0
    }
  },
  "target_agreement": 0.9201655824955648
}