{
  "accuracy": 0.9290360733293909,
  "precision_macro": 0.8716893232175267,
  "recall_macro": 0.9107469634680511,
  "f1_macro": 0.8895688102838418,
  "confusion_matrix": [
    [
      1063,
      43,
      2,
      11,
      0
    ],
    [
      26,
      1337,
      20,
      70,
      4
    ],
    [
      0,
      7,
      350,
      1,
      5
    ],
    [
      1,
      43,
      0,
      367,
      2
    ],
    [
      0,
      4,
      0,
      1,
      25
    ]
  ],
  "classification_report": {
    "0": {
      "precision": 0.9752293577981651,
      "recall": 0.9499553172475425,
      "f1-score": 0.9624264373019465,
      "support": 1119.0
    },
    "1": {
      "precision": 0.9323570432357043,
      "recall": 0.9176389842141386,
      "f1-score": 0.9249394673123487,
      "support": 1457.0
    },
    "2": {
      "precision": 0.9408602150537635,
      "recall": 0.9641873278236914,
      "f1-score": 0.9523809523809523,
      "support": 363.0
    },
    "3": {
      "precision": 0.8155555555555556,
      "recall": 0.8886198547215496,
      "f1-score": 0.8505214368482039,
      "support": 413.0
    },
    "4": {
      "precision": 0.6944444444444444,
      "recall": 0.8333333333333334,
      "f1-score": 0.7575757575757576,
      "support": 30.0
    },
    "accuracy": 0.9290360733293909,
    "macro avg": {
      "precision": 0.8716893232175267,
      "recall": 0.9107469634680511,
      "f1-score": 0.8895688102838418,
      "support": 3382.0
    },
    "weighted avg": {
      "precision": 0.9310809873485695,
      "recall": 0.9290360733293909,
      "f1-score": 0.9297158187684319,
      "support": 3382.0
    }
  },
  "target_agreement": 0.952395032525133
}