{
  "accuracy": 0.8710821998817267,
  "precision_macro": 0.7386608778687072,
  "recall_macro": 0.9114266940951982,
  "f1_macro": 0.7746349124581583,
  "confusion_matrix": [
    [
      1055,
      30,
      5,
      28,
      1
    ],
    [
      30,
      1122,
      37,
      213,
      55
    ],
    [
      0,
      0,
      350,
      0,
      13
    ],
    [
      0,
      2,
      1,
      391,
      19
    ],
    [
      0,
      0,
      0,
      2,
      28
    ]
  ],
  "classification_report": {
    "0": {
      "precision": 0.9723502304147466,
      "recall": 0.9428060768543343,
      "f1-score": 0.957350272232305,
      "support": 1119.0
    },
    "1": {
      "precision": 0.9722703639514731,
      "recall": 0.7700754975978037,
      "f1-score": 0.8594408272692455,
      "support": 1457.0
    },
    "2": {
      "precision": 0.8905852417302799,
      "recall": 0.9641873278236914,
      "f1-score": 0.9259259259259259,
      "support": 363.0
    },
    "3": {
      "precision": 0.6167192429022083,
      "recall": 0.9467312348668281,
      "f1-score": 0.7468958930276982,
      "support": 413.0
    },
    "4": {
      "precision": 0.2413793103448276,
      "recall": 0.9333333333333333,
      "f1-score": 0.3835616438356164,
      "support": 30.0
    },
    "accuracy": 0.8710821998817267,
    "macro avg": {
      "precision": 0.7386608778687072,
      "recall": 0.9114266940951982,
      "f1-score": 0.7746349124581583,
      "support": 3382.0
    },
    "weighted avg": {
      "precision": 0.9136270542544193,
      "recall": 0.8710821998817267,
      "f1-score": 0.8810071567728737,
      "support": 3382.0
    }
  },
  "target_agreement": 0.8698994677705499
}