{
  "accuracy": 0.9056771141336487,
  "precision_macro": 0.810778102913196,
  "recall_macro": 0.9043982399942141,
  "f1_macro": 0.8461166743398373,
  "confusion_matrix": [
    [
      1052,
      34,
      9,
      22,
      2
    ],
    [
      28,
      1253,
      25,
      142,
      9
    ],
    [
      8,
      4,
      341,
      0,
      10
    ],
    [
      0,
      19,
      0,
      392,
      2
    ],
    [
      0,
      3,
      0,
      2,
      25
    ]
  ],
  "classification_report": {
    "0": {
      "precision": 0.9669117647058824,
      "recall": 0.9401251117068812,
      "f1-score": 0.953330312641595,
      "support": 1119.0
    },
    "1": {
      "precision": 0.9543031226199543,
      "recall": 0.8599862731640356,
      "f1-score": 0.9046931407942238,
      "support": 1457.0
    },
    "2": {
      "precision": 0.9093333333333333,
      "recall": 0.9393939393939394,
      "f1-score": 0.924119241192412,
      "support": 363.0
    },
    "3": {
      "precision": 0.7025089605734767,
      "recall": 0.9491525423728814,
      "f1-score": 0.8074150360453141,
      "support": 413.0
    },
    "4": {
      "precision": 0.5208333333333334,
      "recall": 0.8333333333333334,
      "f1-score": 0.6410256410256411,
      "support": 30.0
    },
    "accuracy": 0.9056771141336487,
    "macro avg": {
      "precision": 0.810778102913196,
      "recall": 0.9043982399942141,
      "f1-score": 0.8461166743398373,
      "support": 3382.0
    },
    "weighted avg": {
      "precision": 0.9190547353873454,
      "recall": 0.9056771141336487,
      "f1-score": 0.908652569383045,
      "support": 3382.0
    }
  },
  "target_agreement": 0.9222353636901242
}