{
  "accuracy": 0.8648728562980484,
  "precision_macro": 0.7618691620533481,
  "recall_macro": 0.8824296037749002,
  "f1_macro": 0.7961994459022138,
  "confusion_matrix": [
    [
      1064,
      36,
      1,
      18,
      0
    ],
    [
      24,
      1112,
      30,
      279,
      12
    ],
    [
      7,
      5,
      335,
      1,
      15
    ],
    [
      0,
      14,
      1,
      389,
      9
    ],
    [
      0,
      3,
      0,
      2,
      25
    ]
  ],
  "classification_report": {
    "0": {
      "precision": 0.971689497716895,
      "recall": 0.9508489722966935,
      "f1-score": 0.9611562782294489,
      "support": 1119.0
    },
    "1": {
      "precision": 0.9504273504273504,
      "recall": 0.7632120796156486,
      "f1-score": 0.8465930719451846,
      "support": 1457.0
    },
    "2": {
      "precision": 0.9128065395095368,
      "recall": 0.9228650137741047,
      "f1-score": 0.9178082191780822,
      "support": 363.0
    },
    "3": {
      "precision": 0.5645863570391872,
      "recall": 0.9418886198547215,
      "f1-score": 0.705989110707804,
      "support": 413.0
    },
    "4": {
      "precision": 0.4098360655737705,
      "recall": 0.8333333333333334,
      "f1-score": 0.5494505494505495,
      "support": 30.0
    },
    "accuracy": 0.8648728562980484,
    "macro avg": {
      "precision": 0.7618691620533481,
      "recall": 0.8824296037749002,
      "f1-score": 0.7961994459022138,
      "support": 3382.0
    },
    "weighted avg": {
      "precision": 0.901511300645835,
      "recall": 0.8648728562980484,
      "f1-score": 0.8723363051242964,
      "support": 3382.0
    }
  },
  "target_agreement": 0.8651685393258427
}