{
  "accuracy": 0.9296274393849793,
  "precision_macro": 0.8423955672548396,
  "recall_macro": 0.9281139943053404,
  "f1_macro": 0.87688787806379,
  "confusion_matrix": [
    [
      1077,
      25,
      2,
      14,
      1
    ],
    [
      33,
      1296,
      22,
      96,
      10
    ],
    [
      0,
      2,
      354,
      0,
      7
    ],
    [
      0,
      19,
      1,
      391,
      2
    ],
    [
      0,
      3,
      0,
      1,
      26
    ]
  ],
  "classification_report": {
    "0": {
      "precision": 0.9702702702702702,
      "recall": 0.9624664879356568,
      "f1-score": 0.9663526244952894,
      "support": 1119.0
    },
    "1": {
      "precision": 0.9635687732342008,
      "recall": 0.8894989704873026,
      "f1-score": 0.9250535331905781,
      "support": 1457.0
    },
    "2": {
      "precision": 0.9340369393139841,
      "recall": 0.9752066115702479,
      "f1-score": 0.954177897574124,
      "support": 363.0
    },
    "3": {
      "precision": 0.7788844621513944,
      "recall": 0.9467312348668281,
      "f1-score": 0.8546448087431694,
      "support": 413.0
    },
    "4": {
      "precision": 0.5652173913043478,
      "recall": 0.8666666666666667,
      "f1-score": 0.6842105263157895,
      "support": 30.0
    },
    "accuracy": 0.9296274393849793,
    "macro avg": {
      "precision": 0.8423955672548396,
      "recall": 0.9281139943053404,
      "f1-score": 0.87688787806379,
      "support": 3382.0
    },
    "weighted avg": {
      "precision": 0.9365296713818142,
      "recall": 0.9296274393849793,
      "f1-score": 0.9311096343254616,
      "support": 3382.0
    }
  },
  "target_agreement": 0.9314015375517445
}