{
  "accuracy": 0.9006505026611472,
  "precision_macro": 0.8320051524680672,
  "recall_macro": 0.8689002213730126,
  "f1_macro": 0.8460930487573457,
  "confusion_matrix": [
    [
      1052,
      54,
      5,
      7,
      1
    ],
    [
      29,
      1331,
      23,
      69,
      5
    ],
    [
      11,
      5,
      338,
      0,
      9
    ],
    [
      1,
      109,
      1,
      300,
      2
    ],
    [
      0,
      4,
      0,
      1,
      25
    ]
  ],
  "classification_report": {
    "0": {
      "precision": 0.9624885635864593,
      "recall": 0.9401251117068812,
      "f1-score": 0.9511754068716094,
      "support": 1119.0
    },
    "1": {
      "precision": 0.8855622089155023,
      "recall": 0.9135209334248455,
      "f1-score": 0.8993243243243243,
      "support": 1457.0
    },
    "2": {
      "precision": 0.9209809264305178,
      "recall": 0.931129476584022,
      "f1-score": 0.9260273972602739,
      "support": 363.0
    },
    "3": {
      "precision": 0.7957559681697612,
      "recall": 0.7263922518159807,
      "f1-score": 0.759493670886076,
      "support": 413.0
    },
    "4": {
      "precision": 0.5952380952380952,
      "recall": 0.8333333333333334,
      "f1-score": 0.6944444444444444,
      "support": 30.0
    },
    "accuracy": 0.9006505026611472,
    "macro avg": {
      "precision": 0.8320051524680672,
      "recall": 0.8689002213730126,
      "f1-score": 0.8460930487573457,
      "support": 3382.0
    },
    "weighted avg": {
      "precision": 0.9012741794939879,
      "recall": 0.9006505026611472,
      "f1-score": 0.9004532777778339,
      "support": 3382.0
    }
  },
  "target_agreement": 0.9169130691898285
}