{
  "accuracy": 0.9133648728562981,
  "precision_macro": 0.7951372603265473,
  "recall_macro": 0.9019151743366727,
  "f1_macro": 0.8314727824665298,
  "confusion_matrix": [
    [
      1057,
      33,
      6,
      19,
      4
    ],
    [
      19,
      1293,
      32,
      99,
      14
    ],
    [
      4,
      2,
      346,
      0,
      11
    ],
    [
      0,
      36,
      0,
      368,
      9
    ],
    [
      0,
      2,
      0,
      3,
      25
    ]
  ],
  "classification_report": {
    "0": {
      "precision": 0.9787037037037037,
      "recall": 0.9445933869526363,
      "f1-score": 0.9613460663938154,
      "support": 1119.0
    },
    "1": {
      "precision": 0.9465592972181552,
      "recall": 0.8874399450926561,
      "f1-score": 0.9160467587672688,
      "support": 1457.0
    },
    "2": {
      "precision": 0.9010416666666666,
      "recall": 0.953168044077135,
      "f1-score": 0.9263721552878179,
      "support": 363.0
    },
    "3": {
      "precision": 0.7525562372188139,
      "recall": 0.8910411622276029,
      "f1-score": 0.8159645232815964,
      "support": 413.0
    },
    "4": {
      "precision": 0.3968253968253968,
      "recall": 0.8333333333333334,
      "f1-score": 0.5376344086021505,
      "support": 30.0
    },
    "accuracy": 0.9133648728562981,
    "macro avg": {
      "precision": 0.7951372603265473,
      "recall": 0.9019151743366727,
      "f1-score": 0.8314727824665298,
      "support": 3382.0
    },
    "weighted avg": {
      "precision": 0.9237418549282757,
      "recall": 0.9133648728562981,
      "f1-score": 0.9165647098052725,
      "support": 3382.0
    }
  },
  "target_agreement": 0.9142519219396806
}