{
  "accuracy": 0.9231224127735068,
  "precision_macro": 0.8215995486810229,
  "recall_macro": 0.9255397891752868,
  "f1_macro": 0.8584258059665274,
  "confusion_matrix": [
    [
      1069,
      41,
      0,
      8,
      1
    ],
    [
      24,
      1297,
      22,
      98,
      16
    ],
    [
      3,
      3,
      351,
      0,
      6
    ],
    [
      0,
      27,
      0,
      378,
      8
    ],
    [
      0,
      2,
      0,
      1,
      27
    ]
  ],
  "classification_report": {
    "0": {
      "precision": 0.9753649635036497,
      "recall": 0.9553172475424486,
      "f1-score": 0.9652370203160271,
      "support": 1119.0
    },
    "1": {
      "precision": 0.9467153284671533,
      "recall": 0.8901853122855182,
      "f1-score": 0.9175804740007074,
      "support": 1457.0
    },
    "2": {
      "precision": 0.9410187667560321,
      "recall": 0.9669421487603306,
      "f1-score": 0.9538043478260869,
      "support": 363.0
    },
    "3": {
      "precision": 0.7793814432989691,
      "recall": 0.9152542372881356,
      "f1-score": 0.8418708240534521,
      "support": 413.0
    },
    "4": {
      "precision": 0.46551724137931033,
      "recall": 0.9,
      "f1-score": 0.6136363636363636,
      "support": 30.0
    },
    "accuracy": 0.9231224127735068,
    "macro avg": {
      "precision": 0.8215995486810229,
      "recall": 0.9255397891752868,
      "f1-score": 0.8584258059665274,
      "support": 3382.0
    },
    "weighted avg": {
      "precision": 0.9308803942618332,
      "recall": 0.9231224127735068,
      "f1-score": 0.9252950017317272,
      "support": 3382.0
    }
  },
  "target_agreement": 0.9240094618568894
}