{
  "accuracy": 0.9178001182732111,
  "precision_macro": 0.8519180171172982,
  "recall_macro": 0.8806890059142581,
  "f1_macro": 0.8654505009684593,
  "confusion_matrix": [
    [
      1057,
      50,
      4,
      8,
      0
    ],
    [
      27,
      1323,
      24,
      78,
      5
    ],
    [
      0,
      4,
      353,
      1,
      5
    ],
    [
      1,
      61,
      0,
      349,
      2
    ],
    [
      0,
      5,
      0,
      3,
      22
    ]
  ],
  "classification_report": {
    "0": {
      "precision": 0.9741935483870968,
      "recall": 0.9445933869526363,
      "f1-score": 0.9591651542649727,
      "support": 1119.0
    },
    "1": {
      "precision": 0.9168399168399168,
      "recall": 0.9080301990391215,
      "f1-score": 0.9124137931034483,
      "support": 1457.0
    },
    "2": {
      "precision": 0.926509186351706,
      "recall": 0.9724517906336089,
      "f1-score": 0.9489247311827957,
      "support": 363.0
    },
    "3": {
      "precision": 0.7949886104783599,
      "recall": 0.8450363196125908,
      "f1-score": 0.8192488262910798,
      "support": 413.0
    },
    "4": {
      "precision": 0.6470588235294118,
      "recall": 0.7333333333333333,
      "f1-score": 0.6875,
      "support": 30.0
    },
    "accuracy": 0.9178001182732111,
    "macro avg": {
      "precision": 0.8519180171172982,
      "recall": 0.8806890059142581,
      "f1-score": 0.8654505009684593,
      "support": 3382.0
    },
    "weighted avg": {
      "precision": 0.9195810866233101,
      "recall": 0.9178001182732111,
      "f1-score": 0.918429079494914,
      "support": 3382.0
    }
  },
  "target_agreement": 0.9346540508574808
}