{
  "accuracy": 0.8997634535777647,
  "precision_macro": 0.8286028192003991,
  "recall_macro": 0.8772594126370276,
  "f1_macro": 0.8500537560608465,
  "confusion_matrix": [
    [
      1021,
      72,
      11,
      15,
      0
    ],
    [
      15,
      1294,
      37,
      109,
      2
    ],
    [
      14,
      4,
      336,
      0,
      9
    ],
    [
      1,
      40,
      1,
      369,
      2
    ],
    [
      0,
      5,
      0,
      2,
      23
    ]
  ],
  "classification_report": {
    "0": {
      "precision": 0.9714557564224549,
      "recall": 0.9124218051831993,
      "f1-score": 0.9410138248847926,
      "support": 1119.0
    },
    "1": {
      "precision": 0.9144876325088339,
      "recall": 0.8881262868908717,
      "f1-score": 0.9011142061281338,
      "support": 1457.0
    },
    "2": {
      "precision": 0.8727272727272727,
      "recall": 0.9256198347107438,
      "f1-score": 0.8983957219251337,
      "support": 363.0
    },
    "3": {
      "precision": 0.7454545454545455,
      "recall": 0.8934624697336562,
      "f1-score": 0.8127753303964758,
      "support": 413.0
    },
    "4": {
      "precision": 0.6388888888888888,
      "recall": 0.7666666666666667,
      "f1-score": 0.696969696969697,
      "support": 30.0
    },
    "accuracy": 0.8997634535777647,
    "macro avg": {
      "precision": 0.8286028192003991,
      "recall": 0.8772594126370276,
      "f1-score": 0.8500537560608465,
      "support": 3382.0
    },
    "weighted avg": {
      "precision": 0.905767849184356,
      "recall": 0.8997634535777647,
      "f1-score": 0.9014254340024934,
      "support": 3382.0
    }
  },
  "target_agreement": 0.9175044352454169
}