{
  "accuracy": 0.9231224127735068,
  "precision_macro": 0.8314451052973562,
  "recall_macro": 0.9127517771949349,
  "f1_macro": 0.864685585944925,
  "confusion_matrix": [
    [
      1074,
      22,
      5,
      18,
      0
    ],
    [
      25,
      1276,
      35,
      115,
      6
    ],
    [
      0,
      2,
      351,
      1,
      9
    ],
    [
      0,
      12,
      1,
      397,
      3
    ],
    [
      0,
      2,
      0,
      4,
      24
    ]
  ],
  "classification_report": {
    "0": {
      "precision": 0.9772520473157416,
      "recall": 0.9597855227882037,
      "f1-score": 0.9684400360685302,
      "support": 1119.0
    },
    "1": {
      "precision": 0.9710806697108066,
      "recall": 0.8757721345229924,
      "f1-score": 0.920967159870083,
      "support": 1457.0
    },
    "2": {
      "precision": 0.8954081632653061,
      "recall": 0.9669421487603306,
      "f1-score": 0.9298013245033112,
      "support": 363.0
    },
    "3": {
      "precision": 0.7420560747663552,
      "recall": 0.9612590799031477,
      "f1-score": 0.8375527426160337,
      "support": 413.0
    },
    "4": {
      "precision": 0.5714285714285714,
      "recall": 0.8,
      "f1-score": 0.6666666666666666,
      "support": 30.0
    },
    "accuracy": 0.9231224127735068,
    "macro avg": {
      "precision": 0.8314451052973562,
      "recall": 0.9127517771949349,
      "f1-score": 0.864685585944925,
      "support": 3382.0
    },
    "weighted avg": {
      "precision": 0.9334875091666552,
      "recall": 0.9231224127735068,
      "f1-score": 0.92518057829288,
      "support": 3382.0
    }
  },
  "target_agreement": 0.9240094618568894
}