{
  "accuracy": 0.8719692489651094,
  "precision_macro": 0.7406221570816783,
  "recall_macro": 0.8827808727314492,
  "f1_macro": 0.7720506882294894,
  "confusion_matrix": [
    [
      996,
      71,
      7,
      41,
      4
    ],
    [
      5,
      1258,
      33,
      132,
      29
    ],
    [
      10,
      2,
      336,
      3,
      12
    ],
    [
      0,
      48,
      1,
      331,
      33
    ],
    [
      0,
      0,
      0,
      2,
      28
    ]
  ],
  "classification_report": {
    "0": {
      "precision": 0.9851632047477745,
      "recall": 0.8900804289544236,
      "f1-score": 0.9352112676056338,
      "support": 1119.0
    },
    "1": {
      "precision": 0.9122552574329225,
      "recall": 0.8634179821551132,
      "f1-score": 0.8871650211565585,
      "support": 1457.0
    },
    "2": {
      "precision": 0.8912466843501327,
      "recall": 0.9256198347107438,
      "f1-score": 0.9081081081081082,
      "support": 363.0
    },
    "3": {
      "precision": 0.650294695481336,
      "recall": 0.801452784503632,
      "f1-score": 0.7180043383947939,
      "support": 413.0
    },
    "4": {
      "precision": 0.2641509433962264,
      "recall": 0.9333333333333333,
      "f1-score": 0.4117647058823529,
      "support": 30.0
    },
    "accuracy": 0.8719692489651094,
    "macro avg": {
      "precision": 0.7406221570816783,
      "recall": 0.8827808727314492,
      "f1-score": 0.7720506882294894,
      "support": 3382.0
    },
    "weighted avg": {
      "precision": 0.8963844825982568,
      "recall": 0.8719692489651094,
      "f1-score": 0.8804354880108144,
      "support": 3382.0
    }
  },
  "target_agreement": 0.8719692489651094
}