{
  "accuracy": 0.9074512123004139,
  "precision_macro": 0.8077641354806161,
  "recall_macro": 0.8905890338675233,
  "f1_macro": 0.8395209297761278,
  "confusion_matrix": [
    [
      1041,
      48,
      6,
      23,
      1
    ],
    [
      26,
      1294,
      23,
      107,
      7
    ],
    [
      0,
      5,
      346,
      1,
      11
    ],
    [
      0,
      42,
      0,
      364,
      7
    ],
    [
      0,
      3,
      0,
      3,
      24
    ]
  ],
  "classification_report": {
    "0": {
      "precision": 0.9756326148078726,
      "recall": 0.9302949061662198,
      "f1-score": 0.9524245196706312,
      "support": 1119.0
    },
    "1": {
      "precision": 0.9295977011494253,
      "recall": 0.8881262868908717,
      "f1-score": 0.9083889083889084,
      "support": 1457.0
    },
    "2": {
      "precision": 0.9226666666666666,
      "recall": 0.953168044077135,
      "f1-score": 0.9376693766937669,
      "support": 363.0
    },
    "3": {
      "precision": 0.7309236947791165,
      "recall": 0.8813559322033898,
      "f1-score": 0.7991218441273326,
      "support": 413.0
    },
    "4": {
      "precision": 0.48,
      "recall": 0.8,
      "f1-score": 0.6,
      "support": 30.0
    },
    "accuracy": 0.9074512123004139,
    "macro avg": {
      "precision": 0.8077641354806161,
      "recall": 0.8905890338675233,
      "f1-score": 0.8395209297761278,
      "support": 3382.0
    },
    "weighted avg": {
      "precision": 0.9158356689794491,
      "recall": 0.9074512123004139,
      "f1-score": 0.9100227623886759,
      "support": 3382.0
    }
  },
  "target_agreement": 0.9086339444115907
}