{
  "accuracy": 0.92193968066233,
  "precision_macro": 0.8527240412676955,
  "recall_macro": 0.9085669217399385,
  "f1_macro": 0.8768767412060287,
  "confusion_matrix": [
    [
      1070,
      36,
      1,
      12,
      0
    ],
    [
      20,
      1286,
      29,
      117,
      5
    ],
    [
      0,
      6,
      351,
      0,
      6
    ],
    [
      0,
      25,
      0,
      387,
      1
    ],
    [
      0,
      3,
      0,
      3,
      24
    ]
  ],
  "classification_report": {
    "0": {
      "precision": 0.981651376146789,
      "recall": 0.9562109025915997,
      "f1-score": 0.9687641466727026,
      "support": 1119.0
    },
    "1": {
      "precision": 0.948377581120944,
      "recall": 0.8826355525051476,
      "f1-score": 0.9143263419836474,
      "support": 1457.0
    },
    "2": {
      "precision": 0.9212598425196851,
      "recall": 0.9669421487603306,
      "f1-score": 0.9435483870967742,
      "support": 363.0
    },
    "3": {
      "precision": 0.7456647398843931,
      "recall": 0.937046004842615,
      "f1-score": 0.8304721030042919,
      "support": 413.0
    },
    "4": {
      "precision": 0.6666666666666666,
      "recall": 0.8,
      "f1-score": 0.7272727272727273,
      "support": 30.0
    },
    "accuracy": 0.92193968066233,
    "macro avg": {
      "precision": 0.8527240412676955,
      "recall": 0.9085669217399385,
      "f1-score": 0.8768767412060287,
      "support": 3382.0
    },
    "weighted avg": {
      "precision": 0.9292226156145394,
      "recall": 0.92193968066233,
      "f1-score": 0.9235753356806659,
      "support": 3382.0
    }
  },
  "target_agreement": 0.9482554701360142
}