{
  "accuracy": 0.9281490242460083,
  "precision_macro": 0.8439995898673354,
  "recall_macro": 0.9214741270510729,
  "f1_macro": 0.8754420750290766,
  "confusion_matrix": [
    [
      1069,
      35,
      2,
      12,
      1
    ],
    [
      18,
      1297,
      18,
      115,
      9
    ],
    [
      0,
      5,
      352,
      1,
      5
    ],
    [
      0,
      13,
      1,
      396,
      3
    ],
    [
      0,
      3,
      0,
      2,
      25
    ]
  ],
  "classification_report": {
    "0": {
      "precision": 0.983440662373505,
      "recall": 0.9553172475424486,
      "f1-score": 0.9691749773345422,
      "support": 1119.0
    },
    "1": {
      "precision": 0.9586104951958611,
      "recall": 0.8901853122855182,
      "f1-score": 0.9231316725978648,
      "support": 1457.0
    },
    "2": {
      "precision": 0.9436997319034852,
      "recall": 0.9696969696969697,
      "f1-score": 0.9565217391304348,
      "support": 363.0
    },
    "3": {
      "precision": 0.752851711026616,
      "recall": 0.9588377723970944,
      "f1-score": 0.8434504792332268,
      "support": 413.0
    },
    "4": {
      "precision": 0.5813953488372093,
      "recall": 0.8333333333333334,
      "f1-score": 0.684931506849315,
      "support": 30.0
    },
    "accuracy": 0.9281490242460083,
    "macro avg": {
      "precision": 0.8439995898673354,
      "recall": 0.9214741270510729,
      "f1-score": 0.8754420750290766,
      "support": 3382.0
    },
    "weighted avg": {
      "precision": 0.9367528718203417,
      "recall": 0.9281490242460083,
      "f1-score": 0.9301064550696604,
      "support": 3382.0
    }
  },
  "target_agreement": 0.9296274393849793
}