{
  "accuracy": 0.9071555292726198,
  "precision_macro": 0.8272297146526268,
  "recall_macro": 0.8832134354153934,
  "f1_macro": 0.8508630683519177,
  "confusion_matrix": [
    [
      1028,
      49,
      5,
      37,
      0
    ],
    [
      20,
      1323,
      28,
      81,
      5
    ],
    [
      14,
      5,
      334,
      0,
      10
    ],
    [
      0,
      52,
      0,
      359,
      2
    ],
    [
      0,
      4,
      0,
      2,
      24
    ]
  ],
  "classification_report": {
    "0": {
      "precision": 0.967984934086629,
      "recall": 0.9186773905272565,
      "f1-score": 0.9426868408986704,
      "support": 1119.0
    },
    "1": {
      "precision": 0.9232379623168179,
      "recall": 0.9080301990391215,
      "f1-score": 0.9155709342560554,
      "support": 1457.0
    },
    "2": {
      "precision": 0.9100817438692098,
      "recall": 0.9201101928374655,
      "f1-score": 0.915068493150685,
      "support": 363.0
    },
    "3": {
      "precision": 0.7494780793319415,
      "recall": 0.8692493946731235,
      "f1-score": 0.804932735426009,
      "support": 413.0
    },
    "4": {
      "precision": 0.5853658536585366,
      "recall": 0.8,
      "f1-score": 0.676056338028169,
      "support": 30.0
    },
    "accuracy": 0.9071555292726198,
    "macro avg": {
      "precision": 0.8272297146526268,
      "recall": 0.8832134354153934,
      "f1-score": 0.8508630683519177,
      "support": 3382.0
    },
    "weighted avg": {
      "precision": 0.9124151235177153,
      "recall": 0.9071555292726198,
      "f1-score": 0.9088534000775192,
      "support": 3382.0
    }
  },
  "target_agreement": 0.9257835600236547
}