{
  "accuracy": 0.9328799526907156,
  "precision_macro": 0.8638284983159954,
  "recall_macro": 0.9228069103440173,
  "f1_macro": 0.8893158645861104,
  "confusion_matrix": [
    [
      1053,
      50,
      3,
      13,
      0
    ],
    [
      12,
      1329,
      23,
      90,
      3
    ],
    [
      0,
      6,
      349,
      0,
      8
    ],
    [
      0,
      12,
      0,
      399,
      2
    ],
    [
      0,
      4,
      0,
      1,
      25
    ]
  ],
  "classification_report": {
    "0": {
      "precision": 0.9887323943661972,
      "recall": 0.9410187667560321,
      "f1-score": 0.9642857142857143,
      "support": 1119.0
    },
    "1": {
      "precision": 0.9486081370449678,
      "recall": 0.9121482498284146,
      "f1-score": 0.9300209937018894,
      "support": 1457.0
    },
    "2": {
      "precision": 0.9306666666666666,
      "recall": 0.9614325068870524,
      "f1-score": 0.94579945799458,
      "support": 363.0
    },
    "3": {
      "precision": 0.7932405566600398,
      "recall": 0.9661016949152542,
      "f1-score": 0.87117903930131,
      "support": 413.0
    },
    "4": {
      "precision": 0.6578947368421053,
      "recall": 0.8333333333333334,
      "f1-score": 0.7352941176470589,
      "support": 30.0
    },
    "accuracy": 0.9328799526907156,
    "macro avg": {
      "precision": 0.8638284983159954,
      "recall": 0.9228069103440173,
      "f1-score": 0.8893158645861104,
      "support": 3382.0
    },
    "weighted avg": {
      "precision": 0.938406504132511,
      "recall": 0.9328799526907156,
      "f1-score": 0.9341387558019671,
      "support": 3382.0
    }
  },
  "target_agreement": 0.9367238320520402
}