{
  "accuracy": 0.9139562389118865,
  "precision_macro": 0.8112672436947523,
  "recall_macro": 0.9118015156610898,
  "f1_macro": 0.8483763732587869,
  "confusion_matrix": [
    [
      1066,
      36,
      1,
      15,
      1
    ],
    [
      23,
      1277,
      33,
      115,
      9
    ],
    [
      5,
      2,
      345,
      0,
      11
    ],
    [
      0,
      29,
      0,
      377,
      7
    ],
    [
      0,
      3,
      0,
      1,
      26
    ]
  ],
  "classification_report": {
    "0": {
      "precision": 0.9744058500914077,
      "recall": 0.9526362823949955,
      "f1-score": 0.9633981021238138,
      "support": 1119.0
    },
    "1": {
      "precision": 0.9480326651818857,
      "recall": 0.876458476321208,
      "f1-score": 0.9108416547788873,
      "support": 1457.0
    },
    "2": {
      "precision": 0.9102902374670184,
      "recall": 0.9504132231404959,
      "f1-score": 0.9299191374663073,
      "support": 363.0
    },
    "3": {
      "precision": 0.7421259842519685,
      "recall": 0.9128329297820823,
      "f1-score": 0.8186753528773073,
      "support": 413.0
    },
    "4": {
      "precision": 0.48148148148148145,
      "recall": 0.8666666666666667,
      "f1-score": 0.6190476190476191,
      "support": 30.0
    },
    "accuracy": 0.9139562389118865,
    "macro avg": {
      "precision": 0.8112672436947523,
      "recall": 0.9118015156610898,
      "f1-score": 0.8483763732587869,
      "support": 3382.0
    },
    "weighted avg": {
      "precision": 0.92342447414646,
      "recall": 0.9139562389118865,
      "f1-score": 0.9164351754877033,
      "support": 3382.0
    }
  },
  "target_agreement": 0.9145476049674749
}