{
  "accuracy": 0.9281490242460083,
  "precision_macro": 0.8233684664006958,
  "recall_macro": 0.9115802197614027,
  "f1_macro": 0.8564551688555422,
  "confusion_matrix": [
    [
      1068,
      33,
      1,
      16,
      1
    ],
    [
      23,
      1308,
      19,
      95,
      12
    ],
    [
      3,
      4,
      349,
      0,
      7
    ],
    [
      1,
      14,
      0,
      390,
      8
    ],
    [
      0,
      3,
      0,
      3,
      24
    ]
  ],
  "classification_report": {
    "0": {
      "precision": 0.9753424657534246,
      "recall": 0.9544235924932976,
      "f1-score": 0.964769647696477,
      "support": 1119.0
    },
    "1": {
      "precision": 0.960352422907489,
      "recall": 0.8977350720658888,
      "f1-score": 0.9279886484568997,
      "support": 1457.0
    },
    "2": {
      "precision": 0.94579945799458,
      "recall": 0.9614325068870524,
      "f1-score": 0.953551912568306,
      "support": 363.0
    },
    "3": {
      "precision": 0.7738095238095238,
      "recall": 0.9443099273607748,
      "f1-score": 0.8505997818974919,
      "support": 413.0
    },
    "4": {
      "precision": 0.46153846153846156,
      "recall": 0.8,
      "f1-score": 0.5853658536585366,
      "support": 30.0
    },
    "accuracy": 0.9281490242460083,
    "macro avg": {
      "precision": 0.8233684664006958,
      "recall": 0.9115802197614027,
      "f1-score": 0.8564551688555422,
      "support": 3382.0
    },
    "weighted avg": {
      "precision": 0.9365453547563021,
      "recall": 0.9281490242460083,
      "f1-score": 0.9304123969159597,
      "support": 3382.0
    }
  },
  "target_agreement": 0.9299231224127735
}