{
  "accuracy": 0.8861620342992312,
  "precision_macro": 0.7864927606921807,
  "recall_macro": 0.8862890209562668,
  "f1_macro": 0.8213295468549999,
  "confusion_matrix": [
    [
      1002,
      74,
      9,
      33,
      1
    ],
    [
      6,
      1273,
      30,
      138,
      10
    ],
    [
      11,
      4,
      331,
      5,
      12
    ],
    [
      0,
      41,
      1,
      365,
      6
    ],
    [
      0,
      0,
      0,
      4,
      26
    ]
  ],
  "classification_report": {
    "0": {
      "precision": 0.9833169774288518,
      "recall": 0.8954423592493298,
      "f1-score": 0.9373246024321796,
      "support": 1119.0
    },
    "1": {
      "precision": 0.9145114942528736,
      "recall": 0.8737131091283459,
      "f1-score": 0.8936468936468936,
      "support": 1457.0
    },
    "2": {
      "precision": 0.8921832884097035,
      "recall": 0.9118457300275482,
      "f1-score": 0.9019073569482289,
      "support": 363.0
    },
    "3": {
      "precision": 0.6697247706422018,
      "recall": 0.8837772397094431,
      "f1-score": 0.7620041753653445,
      "support": 413.0
    },
    "4": {
      "precision": 0.4727272727272727,
      "recall": 0.8666666666666667,
      "f1-score": 0.611764705882353,
      "support": 30.0
    },
    "accuracy": 0.8861620342992312,
    "macro avg": {
      "precision": 0.7864927606921807,
      "recall": 0.8862890209562668,
      "f1-score": 0.8213295468549999,
      "support": 3382.0
    },
    "weighted avg": {
      "precision": 0.9010690795443796,
      "recall": 0.8861620342992312,
      "f1-score": 0.8904088676344466,
      "support": 3382.0
    }
  },
  "target_agreement": 0.887344766410408
}