{
  "accuracy": 0.9210526315789473,
  "precision_macro": 0.8489887499822005,
  "recall_macro": 0.9152068184061262,
  "f1_macro": 0.8763853623753717,
  "confusion_matrix": [
    [
      1083,
      19,
      2,
      15,
      0
    ],
    [
      49,
      1252,
      23,
      129,
      4
    ],
    [
      1,
      2,
      355,
      0,
      5
    ],
    [
      0,
      7,
      1,
      401,
      4
    ],
    [
      1,
      4,
      0,
      1,
      24
    ]
  ],
  "classification_report": {
    "0": {
      "precision": 0.955026455026455,
      "recall": 0.967828418230563,
      "f1-score": 0.9613848202396804,
      "support": 1119.0
    },
    "1": {
      "precision": 0.9750778816199377,
      "recall": 0.8592999313658202,
      "f1-score": 0.91353520612915,
      "support": 1457.0
    },
    "2": {
      "precision": 0.931758530183727,
      "recall": 0.977961432506887,
      "f1-score": 0.9543010752688172,
      "support": 363.0
    },
    "3": {
      "precision": 0.7344322344322345,
      "recall": 0.9709443099273608,
      "f1-score": 0.8362877997914494,
      "support": 413.0
    },
    "4": {
      "precision": 0.6486486486486487,
      "recall": 0.8,
      "f1-score": 0.7164179104477612,
      "support": 30.0
    },
    "accuracy": 0.9210526315789473,
    "macro avg": {
      "precision": 0.8489887499822005,
      "recall": 0.9152068184061262,
      "f1-score": 0.8763853623753717,
      "support": 3382.0
    },
    "weighted avg": {
      "precision": 0.9315113528774447,
      "recall": 0.9210526315789473,
      "f1-score": 0.9225609397185854,
      "support": 3382.0
    }
  },
  "target_agreement": 0.9246008279124778
}