{
  "accuracy": 0.8669426374926079,
  "precision_macro": 0.7512409116706487,
  "recall_macro": 0.86962319317369,
  "f1_macro": 0.7883781859800896,
  "confusion_matrix": [
    [
      1021,
      60,
      14,
      24,
      0
    ],
    [
      9,
      1195,
      38,
      208,
      7
    ],
    [
      14,
      5,
      327,
      3,
      14
    ],
    [
      0,
      28,
      3,
      364,
      18
    ],
    [
      0,
      4,
      0,
      1,
      25
    ]
  ],
  "classification_report": {
    "0": {
      "precision": 0.9779693486590039,
      "recall": 0.9124218051831993,
      "f1-score": 0.9440591770688858,
      "support": 1119.0
    },
    "1": {
      "precision": 0.9249226006191951,
      "recall": 0.820178448867536,
      "f1-score": 0.869407057111677,
      "support": 1457.0
    },
    "2": {
      "precision": 0.856020942408377,
      "recall": 0.9008264462809917,
      "f1-score": 0.8778523489932886,
      "support": 363.0
    },
    "3": {
      "precision": 0.6066666666666667,
      "recall": 0.8813559322033898,
      "f1-score": 0.7186574531095755,
      "support": 413.0
    },
    "4": {
      "precision": 0.390625,
      "recall": 0.8333333333333334,
      "f1-score": 0.5319148936170213,
      "support": 30.0
    },
    "accuracy": 0.8669426374926079,
    "macro avg": {
      "precision": 0.7512409116706487,
      "recall": 0.86962319317369,
      "f1-score": 0.7883781859800896,
      "support": 3382.0
    },
    "weighted avg": {
      "precision": 0.8914747533054899,
      "recall": 0.8669426374926079,
      "f1-score": 0.8736107862149988,
      "support": 3382.0
    }
  },
  "target_agreement": 0.8719692489651094
}