{
  "accuracy": 0.9109994086339445,
  "precision_macro": 0.8219664148076904,
  "recall_macro": 0.8983813125500755,
  "f1_macro": 0.8533025458025403,
  "confusion_matrix": [
    [
      1064,
      37,
      1,
      16,
      1
    ],
    [
      25,
      1269,
      32,
      126,
      5
    ],
    [
      1,
      3,
      351,
      1,
      7
    ],
    [
      0,
      34,
      0,
      373,
      6
    ],
    [
      0,
      3,
      0,
      3,
      24
    ]
  ],
  "classification_report": {
    "0": {
      "precision": 0.9761467889908257,
      "recall": 0.9508489722966935,
      "f1-score": 0.9633318243549117,
      "support": 1119.0
    },
    "1": {
      "precision": 0.9427934621099554,
      "recall": 0.8709677419354839,
      "f1-score": 0.9054584373885123,
      "support": 1457.0
    },
    "2": {
      "precision": 0.9140625,
      "recall": 0.9669421487603306,
      "f1-score": 0.9397590361445783,
      "support": 363.0
    },
    "3": {
      "precision": 0.7186897880539499,
      "recall": 0.9031476997578692,
      "f1-score": 0.8004291845493562,
      "support": 413.0
    },
    "4": {
      "precision": 0.5581395348837209,
      "recall": 0.8,
      "f1-score": 0.6575342465753424,
      "support": 30.0
    },
    "accuracy": 0.9109994086339445,
    "macro avg": {
      "precision": 0.8219664148076904,
      "recall": 0.8983813125500755,
      "f1-score": 0.8533025458025403,
      "support": 3382.0
    },
    "weighted avg": {
      "precision": 0.919966317914764,
      "recall": 0.9109994086339445,
      "f1-score": 0.9132634729346052,
      "support": 3382.0
    }
  },
  "target_agreement": 0.9127735068007097
}