{
  "accuracy": 0.9092253104671791,
  "precision_macro": 0.8303620418723592,
  "recall_macro": 0.9053306471608913,
  "f1_macro": 0.8598100036235735,
  "confusion_matrix": [
    [
      1028,
      36,
      7,
      48,
      0
    ],
    [
      17,
      1288,
      22,
      125,
      5
    ],
    [
      12,
      3,
      340,
      0,
      8
    ],
    [
      0,
      15,
      1,
      394,
      3
    ],
    [
      0,
      4,
      0,
      1,
      25
    ]
  ],
  "classification_report": {
    "0": {
      "precision": 0.9725638599810785,
      "recall": 0.9186773905272565,
      "f1-score": 0.9448529411764706,
      "support": 1119.0
    },
    "1": {
      "precision": 0.9569093610698366,
      "recall": 0.8840082361015786,
      "f1-score": 0.919015340706386,
      "support": 1457.0
    },
    "2": {
      "precision": 0.918918918918919,
      "recall": 0.9366391184573003,
      "f1-score": 0.927694406548431,
      "support": 363.0
    },
    "3": {
      "precision": 0.6936619718309859,
      "recall": 0.9539951573849879,
      "f1-score": 0.8032619775739042,
      "support": 413.0
    },
    "4": {
      "precision": 0.6097560975609756,
      "recall": 0.8333333333333334,
      "f1-score": 0.704225352112676,
      "support": 30.0
    },
    "accuracy": 0.9092253104671791,
    "macro avg": {
      "precision": 0.8303620418723592,
      "recall": 0.9053306471608913,
      "f1-score": 0.8598100036235735,
      "support": 3382.0
    },
    "weighted avg": {
      "precision": 0.9227849033879874,
      "recall": 0.9092253104671791,
      "f1-score": 0.912455002798391,
      "support": 3382.0
    }
  },
  "target_agreement": 0.9101123595505618
}