{
  "accuracy": 0.8808397397989356,
  "precision_macro": 0.7755520680794312,
  "recall_macro": 0.8834580179419067,
  "f1_macro": 0.8123105969589417,
  "confusion_matrix": [
    [
      995,
      88,
      13,
      22,
      1
    ],
    [
      8,
      1244,
      36,
      159,
      10
    ],
    [
      10,
      3,
      329,
      1,
      20
    ],
    [
      0,
      25,
      1,
      386,
      1
    ],
    [
      0,
      1,
      0,
      4,
      25
    ]
  ],
  "classification_report": {
    "0": {
      "precision": 0.9822309970384995,
      "recall": 0.8891867739052726,
      "f1-score": 0.9333958724202627,
      "support": 1119.0
    },
    "1": {
      "precision": 0.914033798677443,
      "recall": 0.853809196980096,
      "f1-score": 0.8828956706884316,
      "support": 1457.0
    },
    "2": {
      "precision": 0.8680738786279684,
      "recall": 0.90633608815427,
      "f1-score": 0.8867924528301887,
      "support": 363.0
    },
    "3": {
      "precision": 0.6748251748251748,
      "recall": 0.9346246973365617,
      "f1-score": 0.783756345177665,
      "support": 413.0
    },
    "4": {
      "precision": 0.43859649122807015,
      "recall": 0.8333333333333334,
      "f1-score": 0.5747126436781609,
      "support": 30.0
    },
    "accuracy": 0.8808397397989356,
    "macro avg": {
      "precision": 0.7755520680794312,
      "recall": 0.8834580179419067,
      "f1-score": 0.8123105969589417,
      "support": 3382.0
    },
    "weighted avg": {
      "precision": 0.8982363217743075,
      "recall": 0.8808397397989356,
      "f1-score": 0.8851825498750436,
      "support": 3382.0
    }
  },
  "target_agreement": 0.8935541099940864
}