{
  "accuracy": 0.8997634535777647,
  "precision_macro": 0.8308637192423722,
  "recall_macro": 0.8794469820077786,
  "f1_macro": 0.8521825405976156,
  "confusion_matrix": [
    [
      1025,
      61,
      6,
      27,
      0
    ],
    [
      18,
      1320,
      36,
      79,
      4
    ],
    [
      13,
      4,
      337,
      0,
      9
    ],
    [
      1,
      71,
      4,
      336,
      1
    ],
    [
      0,
      5,
      0,
      0,
      25
    ]
  ],
  "classification_report": {
    "0": {
      "precision": 0.9697256385998108,
      "recall": 0.9159964253798034,
      "f1-score": 0.9420955882352942,
      "support": 1119.0
    },
    "1": {
      "precision": 0.9034907597535934,
      "recall": 0.905971173644475,
      "f1-score": 0.9047292666209733,
      "support": 1457.0
    },
    "2": {
      "precision": 0.8798955613577023,
      "recall": 0.928374655647383,
      "f1-score": 0.903485254691689,
      "support": 363.0
    },
    "3": {
      "precision": 0.7601809954751131,
      "recall": 0.8135593220338984,
      "f1-score": 0.7859649122807018,
      "support": 413.0
    },
    "4": {
      "precision": 0.6410256410256411,
      "recall": 0.8333333333333334,
      "f1-score": 0.7246376811594203,
      "support": 30.0
    },
    "accuracy": 0.8997634535777647,
    "macro avg": {
      "precision": 0.8308637192423722,
      "recall": 0.8794469820077786,
      "f1-score": 0.8521825405976156,
      "support": 3382.0
    },
    "weighted avg": {
      "precision": 0.9030445404166205,
      "recall": 0.8997634535777647,
      "f1-score": 0.9008584539804398,
      "support": 3382.0
    }
  },
  "target_agreement": 0.9157303370786517
}