{
  "accuracy": 0.8462448255470136,
  "precision_macro": 0.7848568502604869,
  "recall_macro": 0.8667916054066552,
  "f1_macro": 0.8087291483727599,
  "confusion_matrix": [
    [
      1031,
      44,
      9,
      35,
      0
    ],
    [
      30,
      1080,
      35,
      308,
      4
    ],
    [
      14,
      5,
      333,
      1,
      10
    ],
    [
      0,
      15,
      3,
      394,
      1
    ],
    [
      0,
      1,
      0,
      5,
      24
    ]
  ],
  "classification_report": {
    "0": {
      "precision": 0.9590697674418605,
      "recall": 0.9213583556747096,
      "f1-score": 0.9398359161349134,
      "support": 1119.0
    },
    "1": {
      "precision": 0.9432314410480349,
      "recall": 0.7412491420727523,
      "f1-score": 0.830130668716372,
      "support": 1457.0
    },
    "2": {
      "precision": 0.8763157894736842,
      "recall": 0.9173553719008265,
      "f1-score": 0.8963660834454913,
      "support": 363.0
    },
    "3": {
      "precision": 0.5302826379542396,
      "recall": 0.9539951573849879,
      "f1-score": 0.6816608996539792,
      "support": 413.0
    },
    "4": {
      "precision": 0.6153846153846154,
      "recall": 0.8,
      "f1-score": 0.6956521739130435,
      "support": 30.0
    },
    "accuracy": 0.8462448255470136,
    "macro avg": {
      "precision": 0.7848568502604869,
      "recall": 0.8667916054066552,
      "f1-score": 0.8087291483727599,
      "support": 3382.0
    },
    "weighted avg": {
      "precision": 0.88795333497635,
      "recall": 0.8462448255470136,
      "f1-score": 0.854214423282058,
      "support": 3382.0
    }
  },
  "target_agreement": 0.8636901241868716
}