{
  "accuracy": 0.905972797161443,
  "precision_macro": 0.8356682109018344,
  "recall_macro": 0.8847572924393277,
  "f1_macro": 0.857624734784489,
  "confusion_matrix": [
    [
      1036,
      57,
      8,
      18,
      0
    ],
    [
      31,
      1309,
      34,
      79,
      4
    ],
    [
      2,
      3,
      350,
      0,
      8
    ],
    [
      1,
      64,
      1,
      345,
      2
    ],
    [
      0,
      4,
      0,
      2,
      24
    ]
  ],
  "classification_report": {
    "0": {
      "precision": 0.9682242990654205,
      "recall": 0.9258266309204647,
      "f1-score": 0.9465509365006852,
      "support": 1119.0
    },
    "1": {
      "precision": 0.9109255393180237,
      "recall": 0.8984214138641043,
      "f1-score": 0.9046302695231514,
      "support": 1457.0
    },
    "2": {
      "precision": 0.8905852417302799,
      "recall": 0.9641873278236914,
      "f1-score": 0.9259259259259259,
      "support": 363.0
    },
    "3": {
      "precision": 0.777027027027027,
      "recall": 0.8353510895883777,
      "f1-score": 0.8051341890315052,
      "support": 413.0
    },
    "4": {
      "precision": 0.631578947368421,
      "recall": 0.8,
      "f1-score": 0.7058823529411765,
      "support": 30.0
    },
    "accuracy": 0.905972797161443,
    "macro avg": {
      "precision": 0.8356682109018344,
      "recall": 0.8847572924393277,
      "f1-score": 0.857624734784489,
      "support": 3382.0
    },
    "weighted avg": {
      "precision": 0.9088715182648942,
      "recall": 0.905972797161443,
      "f1-score": 0.9068730935567287,
      "support": 3382.0
    }
  },
  "target_agreement": 0.9246008279124778
}