{
  "accuracy": 0.8811354228267297,
  "precision_macro": 0.7426975804882012,
  "recall_macro": 0.8782778106717071,
  "f1_macro": 0.7768721697745147,
  "confusion_matrix": [
    [
      1019,
      51,
      20,
      27,
      2
    ],
    [
      24,
      1239,
      32,
      147,
      15
    ],
    [
      13,
      2,
      328,
      1,
      19
    ],
    [
      0,
      9,
      1,
      369,
      34
    ],
    [
      0,
      0,
      0,
      5,
      25
    ]
  ],
  "classification_report": {
    "0": {
      "precision": 0.9649621212121212,
      "recall": 0.9106344950848972,
      "f1-score": 0.9370114942528736,
      "support": 1119.0
    },
    "1": {
      "precision": 0.9523443504996156,
      "recall": 0.8503774879890186,
      "f1-score": 0.8984771573604061,
      "support": 1457.0
    },
    "2": {
      "precision": 0.8608923884514436,
      "recall": 0.9035812672176309,
      "f1-score": 0.8817204301075269,
      "support": 363.0
    },
    "3": {
      "precision": 0.6721311475409836,
      "recall": 0.8934624697336562,
      "f1-score": 0.7671517671517671,
      "support": 413.0
    },
    "4": {
      "precision": 0.2631578947368421,
      "recall": 0.8333333333333334,
      "f1-score": 0.4,
      "support": 30.0
    },
    "accuracy": 0.8811354228267297,
    "macro avg": {
      "precision": 0.7426975804882012,
      "recall": 0.8782778106717071,
      "f1-score": 0.7768721697745147,
      "support": 3382.0
    },
    "weighted avg": {
      "precision": 0.9063711324951831,
      "recall": 0.8811354228267297,
      "f1-score": 0.8889696263470697,
      "support": 3382.0
    }
  },
  "target_agreement": 0.882909520993495
}