{
  "accuracy": 0.908929627439385,
  "precision_macro": 0.8163990358333739,
  "recall_macro": 0.8989840633331123,
  "f1_macro": 0.848721629807535,
  "confusion_matrix": [
    [
      1056,
      39,
      3,
      20,
      1
    ],
    [
      28,
      1263,
      27,
      133,
      6
    ],
    [
      4,
      3,
      343,
      2,
      11
    ],
    [
      0,
      21,
      1,
      388,
      3
    ],
    [
      0,
      3,
      0,
      3,
      24
    ]
  ],
  "classification_report": {
    "0": {
      "precision": 0.9705882352941176,
      "recall": 0.9436997319034852,
      "f1-score": 0.9569551427276847,
      "support": 1119.0
    },
    "1": {
      "precision": 0.9503386004514672,
      "recall": 0.8668496911461908,
      "f1-score": 0.9066762383345298,
      "support": 1457.0
    },
    "2": {
      "precision": 0.9171122994652406,
      "recall": 0.9449035812672176,
      "f1-score": 0.9308005427408412,
      "support": 363.0
    },
    "3": {
      "precision": 0.7106227106227107,
      "recall": 0.9394673123486683,
      "f1-score": 0.8091762252346194,
      "support": 413.0
    },
    "4": {
      "precision": 0.5333333333333333,
      "recall": 0.8,
      "f1-score": 0.64,
      "support": 30.0
    },
    "accuracy": 0.908929627439385,
    "macro avg": {
      "precision": 0.8163990358333739,
      "recall": 0.8989840633331123,
      "f1-score": 0.848721629807535,
      "support": 3382.0
    },
    "weighted avg": {
      "precision": 0.9204998581741477,
      "recall": 0.908929627439385,
      "f1-score": 0.9116293500894477,
      "support": 3382.0
    }
  },
  "target_agreement": 0.9098166765227675
}