{
  "accuracy": 0.9192785334121821,
  "precision_macro": 0.8617229206293023,
  "recall_macro": 0.9084378156656797,
  "f1_macro": 0.8825664953800274,
  "confusion_matrix": [
    [
      1048,
      44,
      4,
      23,
      0
    ],
    [
      23,
      1311,
      23,
      96,
      4
    ],
    [
      4,
      4,
      351,
      0,
      4
    ],
    [
      0,
      36,
      1,
      374,
      2
    ],
    [
      0,
      3,
      0,
      2,
      25
    ]
  ],
  "classification_report": {
    "0": {
      "precision": 0.9748837209302326,
      "recall": 0.936550491510277,
      "f1-score": 0.9553327256153145,
      "support": 1119.0
    },
    "1": {
      "precision": 0.9377682403433476,
      "recall": 0.8997940974605353,
      "f1-score": 0.9183887915936952,
      "support": 1457.0
    },
    "2": {
      "precision": 0.9261213720316622,
      "recall": 0.9669421487603306,
      "f1-score": 0.9460916442048517,
      "support": 363.0
    },
    "3": {
      "precision": 0.7555555555555555,
      "recall": 0.9055690072639225,
      "f1-score": 0.8237885462555066,
      "support": 413.0
    },
    "4": {
      "precision": 0.7142857142857143,
      "recall": 0.8333333333333334,
      "f1-score": 0.7692307692307693,
      "support": 30.0
    },
    "accuracy": 0.9192785334121821,
    "macro avg": {
      "precision": 0.8617229206293023,
      "recall": 0.9084378156656797,
      "f1-score": 0.8825664953800274,
      "support": 3382.0
    },
    "weighted avg": {
      "precision": 0.9245648385043456,
      "recall": 0.9192785334121821,
      "f1-score": 0.920710422484435,
      "support": 3382.0
    }
  },
  "target_agreement": 0.9198698994677705
}