{
  "accuracy": 0.9231224127735068,
  "precision_macro": 0.8506030461990569,
  "recall_macro": 0.8988621034363735,
  "f1_macro": 0.8720688754216249,
  "confusion_matrix": [
    [
      1067,
      37,
      1,
      14,
      0
    ],
    [
      18,
      1322,
      24,
      89,
      4
    ],
    [
      0,
      5,
      350,
      0,
      8
    ],
    [
      0,
      52,
      0,
      359,
      2
    ],
    [
      0,
      4,
      0,
      2,
      24
    ]
  ],
  "classification_report": {
    "0": {
      "precision": 0.9834101382488479,
      "recall": 0.9535299374441466,
      "f1-score": 0.9682395644283122,
      "support": 1119.0
    },
    "1": {
      "precision": 0.9309859154929577,
      "recall": 0.9073438572409059,
      "f1-score": 0.9190128606187,
      "support": 1457.0
    },
    "2": {
      "precision": 0.9333333333333333,
      "recall": 0.9641873278236914,
      "f1-score": 0.948509485094851,
      "support": 363.0
    },
    "3": {
      "precision": 0.7737068965517241,
      "recall": 0.8692493946731235,
      "f1-score": 0.8187001140250855,
      "support": 413.0
    },
    "4": {
      "precision": 0.631578947368421,
      "recall": 0.8,
      "f1-score": 0.7058823529411765,
      "support": 30.0
    },
    "accuracy": 0.9231224127735068,
    "macro avg": {
      "precision": 0.8506030461990569,
      "recall": 0.8988621034363735,
      "f1-score": 0.8720688754216249,
      "support": 3382.0
    },
    "weighted avg": {
      "precision": 0.926721094107219,
      "recall": 0.9231224127735068,
      "f1-score": 0.9243259524798207,
      "support": 3382.0
    }
  },
  "target_agreement": 0.9497338852749853
}