{
  "accuracy": 0.9316972205795387,
  "precision_macro": 0.8821209697519871,
  "recall_macro": 0.9125771709473653,
  "f1_macro": 0.8949278412180824,
  "confusion_matrix": [
    [
      1073,
      32,
      0,
      14,
      0
    ],
    [
      31,
      1301,
      24,
      99,
      2
    ],
    [
      0,
      3,
      356,
      0,
      4
    ],
    [
      0,
      14,
      0,
      398,
      1
    ],
    [
      0,
      4,
      0,
      3,
      23
    ]
  ],
  "classification_report": {
    "0": {
      "precision": 0.9719202898550725,
      "recall": 0.9588918677390528,
      "f1-score": 0.9653621232568601,
      "support": 1119.0
    },
    "1": {
      "precision": 0.9608567208271788,
      "recall": 0.8929306794783802,
      "f1-score": 0.9256492351476343,
      "support": 1457.0
    },
    "2": {
      "precision": 0.9368421052631579,
      "recall": 0.9807162534435262,
      "f1-score": 0.9582772543741588,
      "support": 363.0
    },
    "3": {
      "precision": 0.77431906614786,
      "recall": 0.9636803874092009,
      "f1-score": 0.8586839266450917,
      "support": 413.0
    },
    "4": {
      "precision": 0.7666666666666667,
      "recall": 0.7666666666666667,
      "f1-score": 0.7666666666666667,
      "support": 30.0
    },
    "accuracy": 0.9316972205795387,
    "macro avg": {
      "precision": 0.8821209697519871,
      "recall": 0.9125771709473653,
      "f1-score": 0.8949278412180824,
      "support": 3382.0
    },
    "weighted avg": {
      "precision": 0.9374377602373205,
      "recall": 0.9316972205795387,
      "f1-score": 0.9327032101054914,
      "support": 3382.0
    }
  },
  "target_agreement": 0.9355410999408634
}