{
  "accuracy": 0.9160260201064458,
  "precision_macro": 0.8096669335385182,
  "recall_macro": 0.9206630540375462,
  "f1_macro": 0.8484877110810538,
  "confusion_matrix": [
    [
      1066,
      35,
      2,
      15,
      1
    ],
    [
      25,
      1262,
      22,
      137,
      11
    ],
    [
      1,
      3,
      349,
      0,
      10
    ],
    [
      0,
      8,
      1,
      395,
      9
    ],
    [
      0,
      2,
      0,
      2,
      26
    ]
  ],
  "classification_report": {
    "0": {
      "precision": 0.9761904761904762,
      "recall": 0.9526362823949955,
      "f1-score": 0.9642695612844867,
      "support": 1119.0
    },
    "1": {
      "precision": 0.9633587786259542,
      "recall": 0.8661633493479753,
      "f1-score": 0.9121792555113841,
      "support": 1457.0
    },
    "2": {
      "precision": 0.9331550802139037,
      "recall": 0.9614325068870524,
      "f1-score": 0.9470827679782904,
      "support": 363.0
    },
    "3": {
      "precision": 0.7194899817850637,
      "recall": 0.9564164648910412,
      "f1-score": 0.8212058212058212,
      "support": 413.0
    },
    "4": {
      "precision": 0.45614035087719296,
      "recall": 0.8666666666666667,
      "f1-score": 0.5977011494252874,
      "support": 30.0
    },
    "accuracy": 0.9160260201064458,
    "macro avg": {
      "precision": 0.8096669335385182,
      "recall": 0.9206630540375462,
      "f1-score": 0.8484877110810538,
      "support": 3382.0
    },
    "weighted avg": {
      "precision": 0.9300827174560472,
      "recall": 0.9160260201064458,
      "f1-score": 0.9192616492531961,
      "support": 3382.0
    }
  },
  "target_agreement": 0.9178001182732111
}