{
  "accuracy": 0.8805440567711413,
  "precision_macro": 0.7700339757808341,
  "recall_macro": 0.8935896329527069,
  "f1_macro": 0.8101210035674006,
  "confusion_matrix": [
    [
      997,
      81,
      11,
      25,
      5
    ],
    [
      9,
      1231,
      40,
      160,
      17
    ],
    [
      9,
      0,
      337,
      5,
      12
    ],
    [
      0,
      22,
      1,
      387,
      3
    ],
    [
      0,
      0,
      0,
      4,
      26
    ]
  ],
  "classification_report": {
    "0": {
      "precision": 0.9822660098522168,
      "recall": 0.8909740840035746,
      "f1-score": 0.9343955014058107,
      "support": 1119.0
    },
    "1": {
      "precision": 0.9227886056971514,
      "recall": 0.8448867536032945,
      "f1-score": 0.8821211035471157,
      "support": 1457.0
    },
    "2": {
      "precision": 0.8663239074550129,
      "recall": 0.928374655647383,
      "f1-score": 0.8962765957446809,
      "support": 363.0
    },
    "3": {
      "precision": 0.6660929432013769,
      "recall": 0.937046004842615,
      "f1-score": 0.778672032193159,
      "support": 413.0
    },
    "4": {
      "precision": 0.4126984126984127,
      "recall": 0.8666666666666667,
      "f1-score": 0.5591397849462365,
      "support": 30.0
    },
    "accuracy": 0.8805440567711413,
    "macro avg": {
      "precision": 0.7700339757808341,
      "recall": 0.8935896329527069,
      "f1-score": 0.8101210035674006,
      "support": 3382.0
    },
    "weighted avg": {
      "precision": 0.90053565341652,
      "recall": 0.8805440567711413,
      "f1-score": 0.8854385455472297,
      "support": 3382.0
    }
  },
  "target_agreement": 0.8811354228267297
}