{
  "accuracy": 0.8639858072146659,
  "precision_macro": 0.7919697811540035,
  "recall_macro": 0.8647408348974297,
  "f1_macro": 0.8175421470299286,
  "confusion_matrix": [
    [
      1021,
      56,
      7,
      35,
      0
    ],
    [
      18,
      1193,
      27,
      215,
      4
    ],
    [
      26,
      4,
      316,
      4,
      13
    ],
    [
      1,
      44,
      1,
      367,
      0
    ],
    [
      0,
      2,
      0,
      3,
      25
    ]
  ],
  "classification_report": {
    "0": {
      "precision": 0.9577861163227017,
      "recall": 0.9124218051831993,
      "f1-score": 0.9345537757437071,
      "support": 1119.0
    },
    "1": {
      "precision": 0.9183987682832948,
      "recall": 0.818805765271105,
      "f1-score": 0.8657474600870827,
      "support": 1457.0
    },
    "2": {
      "precision": 0.9002849002849003,
      "recall": 0.8705234159779615,
      "f1-score": 0.8851540616246498,
      "support": 363.0
    },
    "3": {
      "precision": 0.5881410256410257,
      "recall": 0.8886198547215496,
      "f1-score": 0.7078109932497589,
      "support": 413.0
    },
    "4": {
      "precision": 0.5952380952380952,
      "recall": 0.8333333333333334,
      "f1-score": 0.6944444444444444,
      "support": 30.0
    },
    "accuracy": 0.8639858072146659,
    "macro avg": {
      "precision": 0.7919697811540035,
      "recall": 0.8647408348974297,
      "f1-score": 0.8175421470299286,
      "support": 3382.0
    },
    "weighted avg": {
      "precision": 0.8862899097587726,
      "recall": 0.8639858072146659,
      "f1-score": 0.8697900420814073,
      "support": 3382.0
    }
  },
  "target_agreement": 0.8778829095209935
}