{
  "accuracy": 0.8962152572442342,
  "precision_macro": 0.8170063042468403,
  "recall_macro": 0.9062002602501437,
  "f1_macro": 0.8495894900753921,
  "confusion_matrix": [
    [
      1063,
      18,
      1,
      37,
      0
    ],
    [
      27,
      1195,
      38,
      192,
      5
    ],
    [
      0,
      3,
      349,
      2,
      9
    ],
    [
      0,
      11,
      1,
      399,
      2
    ],
    [
      0,
      3,
      0,
      2,
      25
    ]
  ],
  "classification_report": {
    "0": {
      "precision": 0.9752293577981651,
      "recall": 0.9499553172475425,
      "f1-score": 0.9624264373019465,
      "support": 1119.0
    },
    "1": {
      "precision": 0.9715447154471545,
      "recall": 0.820178448867536,
      "f1-score": 0.8894678079642724,
      "support": 1457.0
    },
    "2": {
      "precision": 0.897172236503856,
      "recall": 0.9614325068870524,
      "f1-score": 0.9281914893617021,
      "support": 363.0
    },
    "3": {
      "precision": 0.6313291139240507,
      "recall": 0.9661016949152542,
      "f1-score": 0.7636363636363637,
      "support": 413.0
    },
    "4": {
      "precision": 0.6097560975609756,
      "recall": 0.8333333333333334,
      "f1-score": 0.704225352112676,
      "support": 30.0
    },
    "accuracy": 0.8962152572442342,
    "macro avg": {
      "precision": 0.8170063042468403,
      "recall": 0.9062002602501437,
      "f1-score": 0.8495894900753921,
      "support": 3382.0
    },
    "weighted avg": {
      "precision": 0.9200258517477862,
      "recall": 0.8962152572442342,
      "f1-score": 0.9007545443312595,
      "support": 3382.0
    }
  },
  "target_agreement": 0.8979893554109994
}