{
  "accuracy": 0.9086339444115907,
  "precision_macro": 0.7919325775218774,
  "recall_macro": 0.9142480866629927,
  "f1_macro": 0.8325492021703484,
  "confusion_matrix": [
    [
      1061,
      33,
      3,
      20,
      2
    ],
    [
      27,
      1250,
      33,
      135,
      12
    ],
    [
      3,
      2,
      349,
      0,
      9
    ],
    [
      0,
      11,
      0,
      387,
      15
    ],
    [
      0,
      2,
      0,
      2,
      26
    ]
  ],
  "classification_report": {
    "0": {
      "precision": 0.9725022914757103,
      "recall": 0.9481680071492404,
      "f1-score": 0.9601809954751132,
      "support": 1119.0
    },
    "1": {
      "precision": 0.963020030816641,
      "recall": 0.8579272477693891,
      "f1-score": 0.9074410163339383,
      "support": 1457.0
    },
    "2": {
      "precision": 0.9064935064935065,
      "recall": 0.9614325068870524,
      "f1-score": 0.9331550802139037,
      "support": 363.0
    },
    "3": {
      "precision": 0.7113970588235294,
      "recall": 0.937046004842615,
      "f1-score": 0.8087774294670846,
      "support": 413.0
    },
    "4": {
      "precision": 0.40625,
      "recall": 0.8666666666666667,
      "f1-score": 0.5531914893617021,
      "support": 30.0
    },
    "accuracy": 0.9086339444115907,
    "macro avg": {
      "precision": 0.7919325775218774,
      "recall": 0.9142480866629927,
      "f1-score": 0.8325492021703484,
      "support": 3382.0
    },
    "weighted avg": {
      "precision": 0.9244239731556554,
      "recall": 0.9086339444115907,
      "f1-score": 0.9124601454475468,
      "support": 3382.0
    }
  },
  "target_agreement": 0.9098166765227675
}