{
  "accuracy": 0.9039030159668835,
  "precision_macro": 0.806849766462897,
  "recall_macro": 0.8938185410889448,
  "f1_macro": 0.8394982883238068,
  "confusion_matrix": [
    [
      1026,
      50,
      7,
      36,
      0
    ],
    [
      20,
      1280,
      23,
      129,
      5
    ],
    [
      2,
      4,
      340,
      0,
      17
    ],
    [
      1,
      22,
      1,
      387,
      2
    ],
    [
      0,
      4,
      0,
      2,
      24
    ]
  ],
  "classification_report": {
    "0": {
      "precision": 0.9780743565300286,
      "recall": 0.9168900804289544,
      "f1-score": 0.9464944649446494,
      "support": 1119.0
    },
    "1": {
      "precision": 0.9411764705882353,
      "recall": 0.8785175017158545,
      "f1-score": 0.9087681931132411,
      "support": 1457.0
    },
    "2": {
      "precision": 0.9164420485175202,
      "recall": 0.9366391184573003,
      "f1-score": 0.9264305177111717,
      "support": 363.0
    },
    "3": {
      "precision": 0.6985559566787004,
      "recall": 0.937046004842615,
      "f1-score": 0.8004136504653567,
      "support": 413.0
    },
    "4": {
      "precision": 0.5,
      "recall": 0.8,
      "f1-score": 0.6153846153846154,
      "support": 30.0
    },
    "accuracy": 0.9039030159668835,
    "macro avg": {
      "precision": 0.806849766462897,
      "recall": 0.8938185410889448,
      "f1-score": 0.8394982883238068,
      "support": 3382.0
    },
    "weighted avg": {
      "precision": 0.917188467275081,
      "recall": 0.9039030159668835,
      "f1-score": 0.9073120099562214,
      "support": 3382.0
    }
  },
  "target_agreement": 0.9178001182732111
}