{
  "accuracy": 0.8817267888823181,
  "precision_macro": 0.7822685500254132,
  "recall_macro": 0.8993508087073764,
  "f1_macro": 0.8214560310741177,
  "confusion_matrix": [
    [
      1002,
      68,
      9,
      36,
      4
    ],
    [
      9,
      1215,
      42,
      181,
      10
    ],
    [
      11,
      0,
      334,
      6,
      12
    ],
    [
      0,
      5,
      1,
      405,
      2
    ],
    [
      0,
      0,
      0,
      4,
      26
    ]
  ],
  "classification_report": {
    "0": {
      "precision": 0.9804305283757339,
      "recall": 0.8954423592493298,
      "f1-score": 0.9360112097150864,
      "support": 1119.0
    },
    "1": {
      "precision": 0.9433229813664596,
      "recall": 0.8339052848318462,
      "f1-score": 0.8852459016393442,
      "support": 1457.0
    },
    "2": {
      "precision": 0.8652849740932642,
      "recall": 0.9201101928374655,
      "f1-score": 0.8918558077436582,
      "support": 363.0
    },
    "3": {
      "precision": 0.6408227848101266,
      "recall": 0.9806295399515739,
      "f1-score": 0.7751196172248804,
      "support": 413.0
    },
    "4": {
      "precision": 0.48148148148148145,
      "recall": 0.8666666666666667,
      "f1-score": 0.6190476190476191,
      "support": 30.0
    },
    "accuracy": 0.8817267888823181,
    "macro avg": {
      "precision": 0.7822685500254132,
      "recall": 0.8993508087073764,
      "f1-score": 0.8214560310741177,
      "support": 3382.0
    },
    "weighted avg": {
      "precision": 0.9061874764252691,
      "recall": 0.8817267888823181,
      "f1-score": 0.8869424337835479,
      "support": 3382.0
    }
  },
  "target_agreement": 0.8823181549379066
}