{
  "accuracy": 0.9036073329390893,
  "precision_macro": 0.8204480859800046,
  "recall_macro": 0.9028000806645515,
  "f1_macro": 0.8537376398494105,
  "confusion_matrix": [
    [
      1017,
      60,
      14,
      28,
      0
    ],
    [
      9,
      1280,
      36,
      125,
      7
    ],
    [
      3,
      3,
      348,
      0,
      9
    ],
    [
      0,
      25,
      1,
      386,
      1
    ],
    [
      0,
      2,
      0,
      3,
      25
    ]
  ],
  "classification_report": {
    "0": {
      "precision": 0.9883381924198251,
      "recall": 0.9088471849865952,
      "f1-score": 0.946927374301676,
      "support": 1119.0
    },
    "1": {
      "precision": 0.9343065693430657,
      "recall": 0.8785175017158545,
      "f1-score": 0.9055535903784931,
      "support": 1457.0
    },
    "2": {
      "precision": 0.8721804511278195,
      "recall": 0.9586776859504132,
      "f1-score": 0.9133858267716536,
      "support": 363.0
    },
    "3": {
      "precision": 0.7121771217712177,
      "recall": 0.9346246973365617,
      "f1-score": 0.8083769633507853,
      "support": 413.0
    },
    "4": {
      "precision": 0.5952380952380952,
      "recall": 0.8333333333333334,
      "f1-score": 0.6944444444444444,
      "support": 30.0
    },
    "accuracy": 0.9036073329390893,
    "macro avg": {
      "precision": 0.8204480859800046,
      "recall": 0.9028000806645515,
      "f1-score": 0.8537376398494105,
      "support": 3382.0
    },
    "weighted avg": {
      "precision": 0.9153822905850636,
      "recall": 0.9036073329390893,
      "f1-score": 0.9063439938912945,
      "support": 3382.0
    }
  },
  "target_agreement": 0.9030159668835009
}