{
  "accuracy": 0.9009461856889415,
  "precision_macro": 0.7781987767921101,
  "recall_macro": 0.8765666098806987,
  "f1_macro": 0.8111263189409572,
  "confusion_matrix": [
    [
      1030,
      62,
      8,
      18,
      1
    ],
    [
      8,
      1295,
      33,
      108,
      13
    ],
    [
      7,
      2,
      343,
      0,
      11
    ],
    [
      0,
      40,
      1,
      356,
      16
    ],
    [
      1,
      1,
      0,
      5,
      23
    ]
  ],
  "classification_report": {
    "0": {
      "precision": 0.9847036328871893,
      "recall": 0.9204647006255585,
      "f1-score": 0.9515011547344111,
      "support": 1119.0
    },
    "1": {
      "precision": 0.925,
      "recall": 0.8888126286890872,
      "f1-score": 0.9065453272663633,
      "support": 1457.0
    },
    "2": {
      "precision": 0.8909090909090909,
      "recall": 0.9449035812672176,
      "f1-score": 0.9171122994652406,
      "support": 363.0
    },
    "3": {
      "precision": 0.731006160164271,
      "recall": 0.8619854721549637,
      "f1-score": 0.7911111111111111,
      "support": 413.0
    },
    "4": {
      "precision": 0.359375,
      "recall": 0.7666666666666667,
      "f1-score": 0.48936170212765956,
      "support": 30.0
    },
    "accuracy": 0.9009461856889415,
    "macro avg": {
      "precision": 0.7781987767921101,
      "recall": 0.8765666098806987,
      "f1-score": 0.8111263189409572,
      "support": 3382.0
    },
    "weighted avg": {
      "precision": 0.9123876875661174,
      "recall": 0.9009461856889415,
      "f1-score": 0.9047569008378173,
      "support": 3382.0
    }
  },
  "target_agreement": 0.9021289178001183
}