{
  "accuracy": 0.92193968066233,
  "precision_macro": 0.8451772420798424,
  "recall_macro": 0.9280121563477364,
  "f1_macro": 0.8792042159309326,
  "confusion_matrix": [
    [
      1047,
      53,
      4,
      15,
      0
    ],
    [
      21,
      1287,
      26,
      114,
      9
    ],
    [
      0,
      2,
      357,
      0,
      4
    ],
    [
      0,
      8,
      1,
      401,
      3
    ],
    [
      0,
      3,
      0,
      1,
      26
    ]
  ],
  "classification_report": {
    "0": {
      "precision": 0.9803370786516854,
      "recall": 0.935656836461126,
      "f1-score": 0.9574759945130316,
      "support": 1119.0
    },
    "1": {
      "precision": 0.9512195121951219,
      "recall": 0.883321894303363,
      "f1-score": 0.9160142348754449,
      "support": 1457.0
    },
    "2": {
      "precision": 0.9201030927835051,
      "recall": 0.9834710743801653,
      "f1-score": 0.9507323568575233,
      "support": 363.0
    },
    "3": {
      "precision": 0.7551789077212806,
      "recall": 0.9709443099273608,
      "f1-score": 0.8495762711864406,
      "support": 413.0
    },
    "4": {
      "precision": 0.6190476190476191,
      "recall": 0.8666666666666667,
      "f1-score": 0.7222222222222222,
      "support": 30.0
    },
    "accuracy": 0.92193968066233,
    "macro avg": {
      "precision": 0.8451772420798424,
      "recall": 0.9280121563477364,
      "f1-score": 0.8792042159309326,
      "support": 3382.0
    },
    "weighted avg": {
      "precision": 0.930627368545316,
      "recall": 0.92193968066233,
      "f1-score": 0.9236268155764499,
      "support": 3382.0
    }
  },
  "target_agreement": 0.924896510940272
}