{
  "accuracy": 0.8971023063276168,
  "precision_macro": 0.7852883276512819,
  "recall_macro": 0.9097061852350503,
  "f1_macro": 0.825437340614933,
  "confusion_matrix": [
    [
      1066,
      22,
      6,
      21,
      4
    ],
    [
      28,
      1219,
      31,
      163,
      16
    ],
    [
      13,
      6,
      333,
      0,
      11
    ],
    [
      0,
      17,
      2,
      389,
      5
    ],
    [
      0,
      0,
      0,
      3,
      27
    ]
  ],
  "classification_report": {
    "0": {
      "precision": 0.9629629629629629,
      "recall": 0.9526362823949955,
      "f1-score": 0.9577717879604672,
      "support": 1119.0
    },
    "1": {
      "precision": 0.9643987341772152,
      "recall": 0.8366506520247083,
      "f1-score": 0.8959941198088938,
      "support": 1457.0
    },
    "2": {
      "precision": 0.8951612903225806,
      "recall": 0.9173553719008265,
      "f1-score": 0.9061224489795918,
      "support": 363.0
    },
    "3": {
      "precision": 0.6753472222222222,
      "recall": 0.9418886198547215,
      "f1-score": 0.7866531850353893,
      "support": 413.0
    },
    "4": {
      "precision": 0.42857142857142855,
      "recall": 0.9,
      "f1-score": 0.5806451612903226,
      "support": 30.0
    },
    "accuracy": 0.8971023063276168,
    "macro avg": {
      "precision": 0.7852883276512819,
      "recall": 0.9097061852350503,
      "f1-score": 0.825437340614933,
      "support": 3382.0
    },
    "weighted avg": {
      "precision": 0.9164410423636237,
      "recall": 0.8971023063276168,
      "f1-score": 0.9013718605935063,
      "support": 3382.0
    }
  },
  "target_agreement": 0.897397989355411
}