{
  "accuracy": 0.9198698994677705,
  "precision_macro": 0.8417496441049798,
  "recall_macro": 0.9003822163581738,
  "f1_macro": 0.8670373305024471,
  "confusion_matrix": [
    [
      1058,
      44,
      4,
      13,
      0
    ],
    [
      21,
      1310,
      23,
      97,
      6
    ],
    [
      0,
      6,
      349,
      0,
      8
    ],
    [
      0,
      41,
      0,
      370,
      2
    ],
    [
      0,
      4,
      0,
      2,
      24
    ]
  ],
  "classification_report": {
    "0": {
      "precision": 0.9805375347544022,
      "recall": 0.9454870420017873,
      "f1-score": 0.9626933575978162,
      "support": 1119.0
    },
    "1": {
      "precision": 0.9323843416370107,
      "recall": 0.8991077556623198,
      "f1-score": 0.9154437456324249,
      "support": 1457.0
    },
    "2": {
      "precision": 0.9281914893617021,
      "recall": 0.9614325068870524,
      "f1-score": 0.9445196211096076,
      "support": 363.0
    },
    "3": {
      "precision": 0.7676348547717843,
      "recall": 0.8958837772397095,
      "f1-score": 0.8268156424581006,
      "support": 413.0
    },
    "4": {
      "precision": 0.6,
      "recall": 0.8,
      "f1-score": 0.6857142857142857,
      "support": 30.0
    },
    "accuracy": 0.9198698994677705,
    "macro avg": {
      "precision": 0.8417496441049798,
      "recall": 0.9003822163581738,
      "f1-score": 0.8670373305024471,
      "support": 3382.0
    },
    "weighted avg": {
      "precision": 0.9247995839190849,
      "recall": 0.9198698994677705,
      "f1-score": 0.9213371720602634,
      "support": 3382.0
    }
  },
  "target_agreement": 0.9450029568302779
}