{
  "accuracy": 0.9121821407451213,
  "precision_macro": 0.8230827756699582,
  "recall_macro": 0.8998032603094087,
  "f1_macro": 0.853895735651785,
  "confusion_matrix": [
    [
      1056,
      45,
      2,
      15,
      1
    ],
    [
      24,
      1294,
      27,
      106,
      6
    ],
    [
      2,
      3,
      344,
      3,
      11
    ],
    [
      0,
      43,
      1,
      366,
      3
    ],
    [
      0,
      3,
      0,
      2,
      25
    ]
  ],
  "classification_report": {
    "0": {
      "precision": 0.9759704251386322,
      "recall": 0.9436997319034852,
      "f1-score": 0.959563834620627,
      "support": 1119.0
    },
    "1": {
      "precision": 0.9322766570605188,
      "recall": 0.8881262868908717,
      "f1-score": 0.9096660808435852,
      "support": 1457.0
    },
    "2": {
      "precision": 0.9197860962566845,
      "recall": 0.9476584022038568,
      "f1-score": 0.9335142469470827,
      "support": 363.0
    },
    "3": {
      "precision": 0.7439024390243902,
      "recall": 0.8861985472154964,
      "f1-score": 0.8088397790055248,
      "support": 413.0
    },
    "4": {
      "precision": 0.5434782608695652,
      "recall": 0.8333333333333334,
      "f1-score": 0.6578947368421053,
      "support": 30.0
    },
    "accuracy": 0.9121821407451213,
    "macro avg": {
      "precision": 0.8230827756699582,
      "recall": 0.8998032603094087,
      "f1-score": 0.853895735651785,
      "support": 3382.0
    },
    "weighted avg": {
      "precision": 0.9189403912334839,
      "recall": 0.9121821407451213,
      "f1-score": 0.9141894598479956,
      "support": 3382.0
    }
  },
  "target_agreement": 0.9130691898285038
}