{
  "accuracy": 0.9302188054405677,
  "precision_macro": 0.8690295013807766,
  "recall_macro": 0.9121233824360155,
  "f1_macro": 0.8874608546426194,
  "confusion_matrix": [
    [
      1077,
      26,
      1,
      15,
      0
    ],
    [
      25,
      1292,
      27,
      110,
      3
    ],
    [
      0,
      2,
      357,
      0,
      4
    ],
    [
      0,
      14,
      0,
      397,
      2
    ],
    [
      0,
      4,
      0,
      3,
      23
    ]
  ],
  "classification_report": {
    "0": {
      "precision": 0.9773139745916516,
      "recall": 0.9624664879356568,
      "f1-score": 0.9698334083746061,
      "support": 1119.0
    },
    "1": {
      "precision": 0.9656203288490284,
      "recall": 0.8867536032944406,
      "f1-score": 0.9245080500894455,
      "support": 1457.0
    },
    "2": {
      "precision": 0.9272727272727272,
      "recall": 0.9834710743801653,
      "f1-score": 0.9545454545454546,
      "support": 363.0
    },
    "3": {
      "precision": 0.7561904761904762,
      "recall": 0.9612590799031477,
      "f1-score": 0.8464818763326226,
      "support": 413.0
    },
    "4": {
      "precision": 0.71875,
      "recall": 0.7666666666666667,
      "f1-score": 0.7419354838709677,
      "support": 30.0
    },
    "accuracy": 0.9302188054405677,
    "macro avg": {
      "precision": 0.8690295013807766,
      "recall": 0.9121233824360155,
      "f1-score": 0.8874608546426194,
      "support": 3382.0
    },
    "weighted avg": {
      "precision": 0.9376086112855586,
      "recall": 0.9302188054405677,
      "f1-score": 0.9315809853320547,
      "support": 3382.0
    }
  },
  "target_agreement": 0.933471318746304
}