{
  "accuracy": 0.9080425783560023,
  "precision_macro": 0.8187875462545187,
  "recall_macro": 0.905645084183664,
  "f1_macro": 0.8517776662898175,
  "confusion_matrix": [
    [
      1044,
      40,
      2,
      33,
      0
    ],
    [
      23,
      1268,
      24,
      136,
      6
    ],
    [
      2,
      5,
      343,
      0,
      13
    ],
    [
      0,
      20,
      0,
      391,
      2
    ],
    [
      0,
      2,
      0,
      3,
      25
    ]
  ],
  "classification_report": {
    "0": {
      "precision": 0.9766136576239476,
      "recall": 0.9329758713136729,
      "f1-score": 0.9542961608775137,
      "support": 1119.0
    },
    "1": {
      "precision": 0.949812734082397,
      "recall": 0.8702814001372684,
      "f1-score": 0.9083094555873925,
      "support": 1457.0
    },
    "2": {
      "precision": 0.9295392953929539,
      "recall": 0.9449035812672176,
      "f1-score": 0.9371584699453552,
      "support": 363.0
    },
    "3": {
      "precision": 0.69449378330373,
      "recall": 0.9467312348668281,
      "f1-score": 0.8012295081967213,
      "support": 413.0
    },
    "4": {
      "precision": 0.5434782608695652,
      "recall": 0.8333333333333334,
      "f1-score": 0.6578947368421053,
      "support": 30.0
    },
    "accuracy": 0.9080425783560023,
    "macro avg": {
      "precision": 0.8187875462545187,
      "recall": 0.905645084183664,
      "f1-score": 0.8517776662898175,
      "support": 3382.0
    },
    "weighted avg": {
      "precision": 0.9217211357177468,
      "recall": 0.9080425783560023,
      "f1-score": 0.9113239013582027,
      "support": 3382.0
    }
  },
  "target_agreement": 0.9240094618568894
}