{
  "accuracy": 0.8938497930218805,
  "precision_macro": 0.7956523459600008,
  "recall_macro": 0.8726681714967481,
  "f1_macro": 0.825749143652376,
  "confusion_matrix": [
    [
      1018,
      75,
      8,
      16,
      2
    ],
    [
      18,
      1281,
      36,
      112,
      10
    ],
    [
      16,
      4,
      331,
      0,
      12
    ],
    [
      0,
      41,
      1,
      370,
      1
    ],
    [
      0,
      5,
      0,
      2,
      23
    ]
  ],
  "classification_report": {
    "0": {
      "precision": 0.967680608365019,
      "recall": 0.9097408400357462,
      "f1-score": 0.9378166743436205,
      "support": 1119.0
    },
    "1": {
      "precision": 0.9110953058321479,
      "recall": 0.87920384351407,
      "f1-score": 0.8948655256723717,
      "support": 1457.0
    },
    "2": {
      "precision": 0.8803191489361702,
      "recall": 0.9118457300275482,
      "f1-score": 0.8958051420838972,
      "support": 363.0
    },
    "3": {
      "precision": 0.74,
      "recall": 0.8958837772397095,
      "f1-score": 0.8105147864184009,
      "support": 413.0
    },
    "4": {
      "precision": 0.4791666666666667,
      "recall": 0.7666666666666667,
      "f1-score": 0.5897435897435898,
      "support": 30.0
    },
    "accuracy": 0.8938497930218805,
    "macro avg": {
      "precision": 0.7956523459600008,
      "recall": 0.8726681714967481,
      "f1-score": 0.825749143652376,
      "support": 3382.0
    },
    "weighted avg": {
      "precision": 0.9017892703789845,
      "recall": 0.8938497930218805,
      "f1-score": 0.8961703461131634,
      "support": 3382.0
    }
  },
  "target_agreement": 0.89591957421644
}