{
  "accuracy": 0.9130691898285038,
  "precision_macro": 0.8190934593784167,
  "recall_macro": 0.9198842781354326,
  "f1_macro": 0.8572257902782295,
  "confusion_matrix": [
    [
      1052,
      42,
      1,
      23,
      1
    ],
    [
      22,
      1263,
      32,
      133,
      7
    ],
    [
      1,
      2,
      351,
      0,
      9
    ],
    [
      0,
      11,
      0,
      396,
      6
    ],
    [
      0,
      3,
      0,
      1,
      26
    ]
  ],
  "classification_report": {
    "0": {
      "precision": 0.9786046511627907,
      "recall": 0.9401251117068812,
      "f1-score": 0.95897903372835,
      "support": 1119.0
    },
    "1": {
      "precision": 0.9560938682816048,
      "recall": 0.8668496911461908,
      "f1-score": 0.9092872570194385,
      "support": 1457.0
    },
    "2": {
      "precision": 0.9140625,
      "recall": 0.9669421487603306,
      "f1-score": 0.9397590361445783,
      "support": 363.0
    },
    "3": {
      "precision": 0.7160940325497287,
      "recall": 0.9588377723970944,
      "f1-score": 0.8198757763975155,
      "support": 413.0
    },
    "4": {
      "precision": 0.5306122448979592,
      "recall": 0.8666666666666667,
      "f1-score": 0.6582278481012658,
      "support": 30.0
    },
    "accuracy": 0.9130691898285038,
    "macro avg": {
      "precision": 0.8190934593784167,
      "recall": 0.9198842781354326,
      "f1-score": 0.8572257902782295,
      "support": 3382.0
    },
    "weighted avg": {
      "precision": 0.9259483326515192,
      "recall": 0.9130691898285038,
      "f1-score": 0.9158536763557183,
      "support": 3382.0
    }
  },
  "target_agreement": 0.9136605558840922
}