{
  "accuracy": 0.9003548196333531,
  "precision_macro": 0.8054398963673108,
  "recall_macro": 0.8926980835073236,
  "f1_macro": 0.8381381197246526,
  "confusion_matrix": [
    [
      1000,
      82,
      6,
      29,
      2
    ],
    [
      8,
      1307,
      30,
      97,
      15
    ],
    [
      13,
      4,
      339,
      0,
      7
    ],
    [
      0,
      35,
      2,
      374,
      2
    ],
    [
      0,
      3,
      0,
      2,
      25
    ]
  ],
  "classification_report": {
    "0": {
      "precision": 0.9794319294809011,
      "recall": 0.8936550491510277,
      "f1-score": 0.9345794392523364,
      "support": 1119.0
    },
    "1": {
      "precision": 0.9133473095737247,
      "recall": 0.8970487302676733,
      "f1-score": 0.9051246537396122,
      "support": 1457.0
    },
    "2": {
      "precision": 0.8992042440318302,
      "recall": 0.9338842975206612,
      "f1-score": 0.9162162162162162,
      "support": 363.0
    },
    "3": {
      "precision": 0.7450199203187251,
      "recall": 0.9055690072639225,
      "f1-score": 0.8174863387978142,
      "support": 413.0
    },
    "4": {
      "precision": 0.49019607843137253,
      "recall": 0.8333333333333334,
      "f1-score": 0.6172839506172839,
      "support": 30.0
    },
    "accuracy": 0.9003548196333531,
    "macro avg": {
      "precision": 0.8054398963673108,
      "recall": 0.8926980835073236,
      "f1-score": 0.8381381197246526,
      "support": 3382.0
    },
    "weighted avg": {
      "precision": 0.9093854551053147,
      "recall": 0.9003548196333531,
      "f1-score": 0.9028054038883744,
      "support": 3382.0
    }
  },
  "target_agreement": 0.9027202838557067
}