{
  "accuracy": 0.9231224127735068,
  "precision_macro": 0.8557762393099754,
  "recall_macro": 0.9072494363275279,
  "f1_macro": 0.8786632581039425,
  "confusion_matrix": [
    [
      1062,
      37,
      7,
      13,
      0
    ],
    [
      29,
      1303,
      20,
      100,
      5
    ],
    [
      0,
      4,
      354,
      0,
      5
    ],
    [
      0,
      32,
      0,
      379,
      2
    ],
    [
      0,
      3,
      1,
      2,
      24
    ]
  ],
  "classification_report": {
    "0": {
      "precision": 0.9734188817598534,
      "recall": 0.9490616621983914,
      "f1-score": 0.9610859728506788,
      "support": 1119.0
    },
    "1": {
      "precision": 0.9448875997099347,
      "recall": 0.8943033630748113,
      "f1-score": 0.9188998589562765,
      "support": 1457.0
    },
    "2": {
      "precision": 0.9267015706806283,
      "recall": 0.9752066115702479,
      "f1-score": 0.9503355704697987,
      "support": 363.0
    },
    "3": {
      "precision": 0.7672064777327935,
      "recall": 0.9176755447941889,
      "f1-score": 0.8357221609702316,
      "support": 413.0
    },
    "4": {
      "precision": 0.6666666666666666,
      "recall": 0.8,
      "f1-score": 0.7272727272727273,
      "support": 30.0
    },
    "accuracy": 0.9231224127735068,
    "macro avg": {
      "precision": 0.8557762393099754,
      "recall": 0.9072494363275279,
      "f1-score": 0.8786632581039425,
      "support": 3382.0
    },
    "weighted avg": {
      "precision": 0.9282099074297345,
      "recall": 0.9231224127735068,
      "f1-score": 0.9243747913952184,
      "support": 3382.0
    }
  },
  "target_agreement": 0.94795978710822
}