{
  "accuracy": 0.9036073329390893,
  "precision_macro": 0.801802202326358,
  "recall_macro": 0.9050398033672187,
  "f1_macro": 0.8396994419268635,
  "confusion_matrix": [
    [
      1034,
      36,
      11,
      37,
      1
    ],
    [
      18,
      1258,
      32,
      141,
      8
    ],
    [
      5,
      1,
      345,
      2,
      10
    ],
    [
      0,
      12,
      1,
      394,
      6
    ],
    [
      0,
      2,
      0,
      3,
      25
    ]
  ],
  "classification_report": {
    "0": {
      "precision": 0.978240302743614,
      "recall": 0.9240393208221627,
      "f1-score": 0.9503676470588235,
      "support": 1119.0
    },
    "1": {
      "precision": 0.961038961038961,
      "recall": 0.8634179821551132,
      "f1-score": 0.9096167751265365,
      "support": 1457.0
    },
    "2": {
      "precision": 0.8868894601542416,
      "recall": 0.9504132231404959,
      "f1-score": 0.9175531914893617,
      "support": 363.0
    },
    "3": {
      "precision": 0.682842287694974,
      "recall": 0.9539951573849879,
      "f1-score": 0.795959595959596,
      "support": 413.0
    },
    "4": {
      "precision": 0.5,
      "recall": 0.8333333333333334,
      "f1-score": 0.625,
      "support": 30.0
    },
    "accuracy": 0.9036073329390893,
    "macro avg": {
      "precision": 0.801802202326358,
      "recall": 0.9050398033672187,
      "f1-score": 0.8396994419268635,
      "support": 3382.0
    },
    "weighted avg": {
      "precision": 0.9207094629976003,
      "recall": 0.9036073329390893,
      "f1-score": 0.9075476522945412,
      "support": 3382.0
    }
  },
  "target_agreement": 0.9050857480780603
}