{
  "accuracy": 0.9263749260792431,
  "precision_macro": 0.8462934607684194,
  "recall_macro": 0.9140891617577586,
  "f1_macro": 0.8747214379733824,
  "confusion_matrix": [
    [
      1063,
      39,
      2,
      15,
      0
    ],
    [
      19,
      1315,
      20,
      98,
      5
    ],
    [
      3,
      3,
      351,
      0,
      6
    ],
    [
      0,
      28,
      0,
      379,
      6
    ],
    [
      0,
      4,
      0,
      1,
      25
    ]
  ],
  "classification_report": {
    "0": {
      "precision": 0.9797235023041475,
      "recall": 0.9499553172475425,
      "f1-score": 0.9646098003629764,
      "support": 1119.0
    },
    "1": {
      "precision": 0.9467242620590353,
      "recall": 0.9025394646533974,
      "f1-score": 0.9241040056219255,
      "support": 1457.0
    },
    "2": {
      "precision": 0.9410187667560321,
      "recall": 0.9669421487603306,
      "f1-score": 0.9538043478260869,
      "support": 363.0
    },
    "3": {
      "precision": 0.768762677484787,
      "recall": 0.9176755447941889,
      "f1-score": 0.8366445916114791,
      "support": 413.0
    },
    "4": {
      "precision": 0.5952380952380952,
      "recall": 0.8333333333333334,
      "f1-score": 0.6944444444444444,
      "support": 30.0
    },
    "accuracy": 0.9263749260792431,
    "macro avg": {
      "precision": 0.8462934607684194,
      "recall": 0.9140891617577586,
      "f1-score": 0.8747214379733824,
      "support": 3382.0
    },
    "weighted avg": {
      "precision": 0.9321803045207435,
      "recall": 0.9263749260792431,
      "f1-score": 0.9279764727164577,
      "support": 3382.0
    }
  },
  "target_agreement": 0.9293317563571851
}