{
  "accuracy": 0.9180958013010053,
  "precision_macro": 0.813624353877431,
  "recall_macro": 0.9115201110735063,
  "f1_macro": 0.8514665416929093,
  "confusion_matrix": [
    [
      1077,
      20,
      5,
      17,
      0
    ],
    [
      23,
      1271,
      38,
      114,
      11
    ],
    [
      0,
      2,
      351,
      1,
      9
    ],
    [
      0,
      25,
      2,
      381,
      5
    ],
    [
      0,
      4,
      0,
      1,
      25
    ]
  ],
  "classification_report": {
    "0": {
      "precision": 0.9790909090909091,
      "recall": 0.9624664879356568,
      "f1-score": 0.9707075259125733,
      "support": 1119.0
    },
    "1": {
      "precision": 0.9614220877458396,
      "recall": 0.8723404255319149,
      "f1-score": 0.9147175242893127,
      "support": 1457.0
    },
    "2": {
      "precision": 0.8863636363636364,
      "recall": 0.9669421487603306,
      "f1-score": 0.924901185770751,
      "support": 363.0
    },
    "3": {
      "precision": 0.7412451361867705,
      "recall": 0.9225181598062954,
      "f1-score": 0.8220064724919094,
      "support": 413.0
    },
    "4": {
      "precision": 0.5,
      "recall": 0.8333333333333334,
      "f1-score": 0.625,
      "support": 30.0
    },
    "accuracy": 0.9180958013010053,
    "macro avg": {
      "precision": 0.813624353877431,
      "recall": 0.9115201110735063,
      "f1-score": 0.8514665416929093,
      "support": 3382.0
    },
    "weighted avg": {
      "precision": 0.9282315051341076,
      "recall": 0.9180958013010053,
      "f1-score": 0.9204443991601534,
      "support": 3382.0
    }
  },
  "target_agreement": 0.9198698994677705
}