{
  "accuracy": 0.9207569485511532,
  "precision_macro": 0.828892815644631,
  "recall_macro": 0.8963380529578938,
  "f1_macro": 0.8557582146899501,
  "confusion_matrix": [
    [
      1059,
      48,
      1,
      11,
      0
    ],
    [
      23,
      1324,
      24,
      80,
      6
    ],
    [
      6,
      4,
      344,
      0,
      9
    ],
    [
      0,
      42,
      0,
      363,
      8
    ],
    [
      0,
      5,
      0,
      1,
      24
    ]
  ],
  "classification_report": {
    "0": {
      "precision": 0.9733455882352942,
      "recall": 0.9463806970509383,
      "f1-score": 0.9596737652922519,
      "support": 1119.0
    },
    "1": {
      "precision": 0.9304286718200984,
      "recall": 0.908716540837337,
      "f1-score": 0.9194444444444444,
      "support": 1457.0
    },
    "2": {
      "precision": 0.9322493224932249,
      "recall": 0.9476584022038568,
      "f1-score": 0.9398907103825137,
      "support": 363.0
    },
    "3": {
      "precision": 0.7978021978021979,
      "recall": 0.8789346246973365,
      "f1-score": 0.836405529953917,
      "support": 413.0
    },
    "4": {
      "precision": 0.5106382978723404,
      "recall": 0.8,
      "f1-score": 0.6233766233766234,
      "support": 30.0
    },
    "accuracy": 0.9207569485511532,
    "macro avg": {
      "precision": 0.828892815644631,
      "recall": 0.8963380529578938,
      "f1-score": 0.8557582146899501,
      "support": 3382.0
    },
    "weighted avg": {
      "precision": 0.9249042722562673,
      "recall": 0.9207569485511532,
      "f1-score": 0.9221829122882035,
      "support": 3382.0
    }
  },
  "target_agreement": 0.923418095801301
}