{
  "accuracy": 0.8775872264931993,
  "precision_macro": 0.7500646785847958,
  "recall_macro": 0.8540363857330011,
  "f1_macro": 0.7765592432931531,
  "confusion_matrix": [
    [
      1010,
      66,
      17,
      23,
      3
    ],
    [
      16,
      1301,
      41,
      78,
      21
    ],
    [
      13,
      4,
      333,
      2,
      11
    ],
    [
      0,
      90,
      1,
      299,
      23
    ],
    [
      0,
      2,
      0,
      3,
      25
    ]
  ],
  "classification_report": {
    "0": {
      "precision": 0.9720885466794995,
      "recall": 0.902591599642538,
      "f1-score": 0.9360518999073216,
      "support": 1119.0
    },
    "1": {
      "precision": 0.8892686261107313,
      "recall": 0.8929306794783802,
      "f1-score": 0.8910958904109589,
      "support": 1457.0
    },
    "2": {
      "precision": 0.8494897959183674,
      "recall": 0.9173553719008265,
      "f1-score": 0.8821192052980132,
      "support": 363.0
    },
    "3": {
      "precision": 0.7382716049382716,
      "recall": 0.7239709443099274,
      "f1-score": 0.7310513447432763,
      "support": 413.0
    },
    "4": {
      "precision": 0.30120481927710846,
      "recall": 0.8333333333333334,
      "f1-score": 0.4424778761061947,
      "support": 30.0
    },
    "accuracy": 0.8775872264931993,
    "macro avg": {
      "precision": 0.7500646785847958,
      "recall": 0.8540363857330011,
      "f1-score": 0.7765592432931531,
      "support": 3382.0
    },
    "weighted avg": {
      "precision": 0.8887458856634779,
      "recall": 0.8775872264931993,
      "f1-score": 0.8814833239238313,
      "support": 3382.0
    }
  },
  "target_agreement": 0.8787699586043761
}