{
  "accuracy": 0.9136605558840922,
  "precision_macro": 0.8340742584657546,
  "recall_macro": 0.8946055222409646,
  "f1_macro": 0.8598248443244998,
  "confusion_matrix": [
    [
      1050,
      39,
      1,
      29,
      0
    ],
    [
      20,
      1304,
      26,
      102,
      5
    ],
    [
      2,
      3,
      347,
      2,
      9
    ],
    [
      0,
      45,
      1,
      365,
      2
    ],
    [
      0,
      5,
      0,
      1,
      24
    ]
  ],
  "classification_report": {
    "0": {
      "precision": 0.9794776119402985,
      "recall": 0.938337801608579,
      "f1-score": 0.9584664536741214,
      "support": 1119.0
    },
    "1": {
      "precision": 0.9340974212034384,
      "recall": 0.8949897048730268,
      "f1-score": 0.9141254819488258,
      "support": 1457.0
    },
    "2": {
      "precision": 0.9253333333333333,
      "recall": 0.9559228650137741,
      "f1-score": 0.940379403794038,
      "support": 363.0
    },
    "3": {
      "precision": 0.7314629258517034,
      "recall": 0.8837772397094431,
      "f1-score": 0.8004385964912281,
      "support": 413.0
    },
    "4": {
      "precision": 0.6,
      "recall": 0.8,
      "f1-score": 0.6857142857142857,
      "support": 30.0
    },
    "accuracy": 0.9136605558840922,
    "macro avg": {
      "precision": 0.8340742584657546,
      "recall": 0.8946055222409646,
      "f1-score": 0.8598248443244998,
      "support": 3382.0
    },
    "weighted avg": {
      "precision": 0.9204629150891065,
      "recall": 0.9136605558840922,
      "f1-score": 0.9157052280781558,
      "support": 3382.0
    }
  },
  "target_agreement": 0.9151389710230633
}