{
  "accuracy": 0.881431105854524,
  "precision_macro": 0.8117120480301402,
  "recall_macro": 0.8923822851267909,
  "f1_macro": 0.8421616217533879,
  "confusion_matrix": [
    [
      1015,
      61,
      17,
      26,
      0
    ],
    [
      17,
      1205,
      42,
      189,
      4
    ],
    [
      13,
      1,
      337,
      4,
      8
    ],
    [
      1,
      9,
      3,
      399,
      1
    ],
    [
      0,
      3,
      0,
      2,
      25
    ]
  ],
  "classification_report": {
    "0": {
      "precision": 0.9703632887189293,
      "recall": 0.9070598748882931,
      "f1-score": 0.9376443418013857,
      "support": 1119.0
    },
    "1": {
      "precision": 0.9421422986708365,
      "recall": 0.8270418668496912,
      "f1-score": 0.8808479532163743,
      "support": 1457.0
    },
    "2": {
      "precision": 0.8446115288220551,
      "recall": 0.928374655647383,
      "f1-score": 0.884514435695538,
      "support": 363.0
    },
    "3": {
      "precision": 0.6435483870967742,
      "recall": 0.9661016949152542,
      "f1-score": 0.7725072604065828,
      "support": 413.0
    },
    "4": {
      "precision": 0.6578947368421053,
      "recall": 0.8333333333333334,
      "f1-score": 0.7352941176470589,
      "support": 30.0
    },
    "accuracy": 0.881431105854524,
    "macro avg": {
      "precision": 0.8117120480301402,
      "recall": 0.8923822851267909,
      "f1-score": 0.8421616217533879,
      "support": 3382.0
    },
    "weighted avg": {
      "precision": 0.9020266588345736,
      "recall": 0.881431105854524,
      "f1-score": 0.8855122852001238,
      "support": 3382.0
    }
  },
  "target_agreement": 0.8840922531046718
}