{
  "accuracy": 0.8808397397989356,
  "precision_macro": 0.7528842714435393,
  "recall_macro": 0.8963631665542582,
  "f1_macro": 0.7911273783272087,
  "confusion_matrix": [
    [
      1002,
      61,
      12,
      37,
      7
    ],
    [
      15,
      1220,
      33,
      171,
      18
    ],
    [
      4,
      1,
      337,
      2,
      19
    ],
    [
      0,
      2,
      3,
      394,
      14
    ],
    [
      0,
      0,
      0,
      4,
      26
    ]
  ],
  "classification_report": {
    "0": {
      "precision": 0.9813907933398629,
      "recall": 0.8954423592493298,
      "f1-score": 0.9364485981308411,
      "support": 1119.0
    },
    "1": {
      "precision": 0.9501557632398754,
      "recall": 0.8373369938229238,
      "f1-score": 0.8901860634804816,
      "support": 1457.0
    },
    "2": {
      "precision": 0.8753246753246753,
      "recall": 0.928374655647383,
      "f1-score": 0.9010695187165776,
      "support": 363.0
    },
    "3": {
      "precision": 0.6480263157894737,
      "recall": 0.9539951573849879,
      "f1-score": 0.77179236043095,
      "support": 413.0
    },
    "4": {
      "precision": 0.30952380952380953,
      "recall": 0.8666666666666667,
      "f1-score": 0.45614035087719296,
      "support": 30.0
    },
    "accuracy": 0.8808397397989356,
    "macro avg": {
      "precision": 0.7528842714435393,
      "recall": 0.8963631665542582,
      "f1-score": 0.7911273783272087,
      "support": 3382.0
    },
    "weighted avg": {
      "precision": 0.9098807464924391,
      "recall": 0.8808397397989356,
      "f1-score": 0.8883529764866612,
      "support": 3382.0
    }
  },
  "target_agreement": 0.881431105854524
}