{
  "accuracy": 0.835304553518628,
  "precision_macro": 0.750885575770987,
  "recall_macro": 0.8668928215875257,
  "f1_macro": 0.7812653767839306,
  "confusion_matrix": [
    [
      1030,
      48,
      13,
      26,
      2
    ],
    [
      20,
      1046,
      32,
      351,
      8
    ],
    [
      16,
      2,
      329,
      2,
      14
    ],
    [
      1,
      9,
      3,
      395,
      5
    ],
    [
      0,
      1,
      0,
      4,
      25
    ]
  ],
  "classification_report": {
    "0": {
      "precision": 0.9653233364573571,
      "recall": 0.9204647006255585,
      "f1-score": 0.9423604757548033,
      "support": 1119.0
    },
    "1": {
      "precision": 0.945750452079566,
      "recall": 0.7179135209334249,
      "f1-score": 0.8162309793211081,
      "support": 1457.0
    },
    "2": {
      "precision": 0.8726790450928382,
      "recall": 0.90633608815427,
      "f1-score": 0.8891891891891892,
      "support": 363.0
    },
    "3": {
      "precision": 0.5077120822622108,
      "recall": 0.9564164648910412,
      "f1-score": 0.6633081444164568,
      "support": 413.0
    },
    "4": {
      "precision": 0.46296296296296297,
      "recall": 0.8333333333333334,
      "f1-score": 0.5952380952380952,
      "support": 30.0
    },
    "accuracy": 0.835304553518628,
    "macro avg": {
      "precision": 0.750885575770987,
      "recall": 0.8668928215875257,
      "f1-score": 0.7812653767839306,
      "support": 3382.0
    },
    "weighted avg": {
      "precision": 0.8866090166787677,
      "recall": 0.835304553518628,
      "f1-score": 0.8451593706142208,
      "support": 3382.0
    }
  },
  "target_agreement": 0.836782968657599
}