{
  "accuracy": 0.8938497930218805,
  "precision_macro": 0.7698922793065832,
  "recall_macro": 0.8920243973673969,
  "f1_macro": 0.8092532579013106,
  "confusion_matrix": [
    [
      1045,
      16,
      5,
      47,
      6
    ],
    [
      52,
      1239,
      42,
      113,
      11
    ],
    [
      11,
      1,
      341,
      0,
      10
    ],
    [
      1,
      22,
      1,
      373,
      16
    ],
    [
      0,
      2,
      1,
      2,
      25
    ]
  ],
  "classification_report": {
    "0": {
      "precision": 0.9422903516681695,
      "recall": 0.9338695263628239,
      "f1-score": 0.9380610412926391,
      "support": 1119.0
    },
    "1": {
      "precision": 0.96796875,
      "recall": 0.8503774879890186,
      "f1-score": 0.9053708439897699,
      "support": 1457.0
    },
    "2": {
      "precision": 0.8743589743589744,
      "recall": 0.9393939393939394,
      "f1-score": 0.9057104913678619,
      "support": 363.0
    },
    "3": {
      "precision": 0.697196261682243,
      "recall": 0.9031476997578692,
      "f1-score": 0.7869198312236287,
      "support": 413.0
    },
    "4": {
      "precision": 0.36764705882352944,
      "recall": 0.8333333333333334,
      "f1-score": 0.5102040816326531,
      "support": 30.0
    },
    "accuracy": 0.8938497930218805,
    "macro avg": {
      "precision": 0.7698922793065832,
      "recall": 0.8920243973673969,
      "f1-score": 0.8092532579013106,
      "support": 3382.0
    },
    "weighted avg": {
      "precision": 0.911034047249693,
      "recall": 0.8938497930218805,
      "f1-score": 0.898253266117809,
      "support": 3382.0
    }
  },
  "target_agreement": 0.8953282081608516
}