{
  "accuracy": 0.9012418687167356,
  "precision_macro": 0.7905606520971781,
  "recall_macro": 0.909054752853879,
  "f1_macro": 0.8317651245612325,
  "confusion_matrix": [
    [
      1054,
      22,
      11,
      31,
      1
    ],
    [
      23,
      1219,
      35,
      164,
      16
    ],
    [
      2,
      2,
      352,
      1,
      6
    ],
    [
      0,
      7,
      1,
      398,
      7
    ],
    [
      0,
      2,
      1,
      2,
      25
    ]
  ],
  "classification_report": {
    "0": {
      "precision": 0.9768303985171455,
      "recall": 0.9419124218051832,
      "f1-score": 0.9590536851683349,
      "support": 1119.0
    },
    "1": {
      "precision": 0.9736421725239617,
      "recall": 0.8366506520247083,
      "f1-score": 0.8999630860095976,
      "support": 1457.0
    },
    "2": {
      "precision": 0.88,
      "recall": 0.9696969696969697,
      "f1-score": 0.9226736566186108,
      "support": 363.0
    },
    "3": {
      "precision": 0.6677852348993288,
      "recall": 0.9636803874092009,
      "f1-score": 0.7888999008919723,
      "support": 413.0
    },
    "4": {
      "precision": 0.45454545454545453,
      "recall": 0.8333333333333334,
      "f1-score": 0.5882352941176471,
      "support": 30.0
    },
    "accuracy": 0.9012418687167356,
    "macro avg": {
      "precision": 0.7905606520971781,
      "recall": 0.909054752853879,
      "f1-score": 0.8317651245612325,
      "support": 3382.0
    },
    "weighted avg": {
      "precision": 0.9226911670484578,
      "recall": 0.9012418687167356,
      "f1-score": 0.905624052413903,
      "support": 3382.0
    }
  },
  "target_agreement": 0.9033116499112951
}