{
  "accuracy": 0.8471318746303962,
  "precision_macro": 0.7245555403112358,
  "recall_macro": 0.884935734244095,
  "f1_macro": 0.7605209567951013,
  "confusion_matrix": [
    [
      993,
      61,
      17,
      46,
      2
    ],
    [
      9,
      1119,
      40,
      248,
      41
    ],
    [
      13,
      0,
      334,
      5,
      11
    ],
    [
      0,
      6,
      1,
      392,
      14
    ],
    [
      1,
      0,
      0,
      2,
      27
    ]
  ],
  "classification_report": {
    "0": {
      "precision": 0.9773622047244095,
      "recall": 0.8873994638069705,
      "f1-score": 0.9302107728337237,
      "support": 1119.0
    },
    "1": {
      "precision": 0.9435075885328836,
      "recall": 0.7680164722031572,
      "f1-score": 0.8467650397275823,
      "support": 1457.0
    },
    "2": {
      "precision": 0.8520408163265306,
      "recall": 0.9201101928374655,
      "f1-score": 0.8847682119205298,
      "support": 363.0
    },
    "3": {
      "precision": 0.5656565656565656,
      "recall": 0.9491525423728814,
      "f1-score": 0.7088607594936709,
      "support": 413.0
    },
    "4": {
      "precision": 0.28421052631578947,
      "recall": 0.9,
      "f1-score": 0.432,
      "support": 30.0
    },
    "accuracy": 0.8471318746303962,
    "macro avg": {
      "precision": 0.7245555403112358,
      "recall": 0.884935734244095,
      "f1-score": 0.7605209567951013,
      "support": 3382.0
    },
    "weighted avg": {
      "precision": 0.8929012883829662,
      "recall": 0.8471318746303962,
      "f1-score": 0.8579340249207755,
      "support": 3382.0
    }
  },
  "target_agreement": 0.8471318746303962
}