{
  "accuracy": 0.8707865168539326,
  "precision_macro": 0.734410953715821,
  "recall_macro": 0.8788362671492905,
  "f1_macro": 0.7661571622664036,
  "confusion_matrix": [
    [
      1041,
      54,
      7,
      12,
      5
    ],
    [
      20,
      1205,
      38,
      163,
      31
    ],
    [
      14,
      3,
      329,
      1,
      16
    ],
    [
      0,
      36,
      2,
      343,
      32
    ],
    [
      0,
      0,
      0,
      3,
      27
    ]
  ],
  "classification_report": {
    "0": {
      "precision": 0.9683720930232558,
      "recall": 0.9302949061662198,
      "f1-score": 0.9489516864175023,
      "support": 1119.0
    },
    "1": {
      "precision": 0.9283513097072419,
      "recall": 0.8270418668496912,
      "f1-score": 0.8747731397459165,
      "support": 1457.0
    },
    "2": {
      "precision": 0.875,
      "recall": 0.90633608815427,
      "f1-score": 0.8903924221921515,
      "support": 363.0
    },
    "3": {
      "precision": 0.657088122605364,
      "recall": 0.8305084745762712,
      "f1-score": 0.7336898395721925,
      "support": 413.0
    },
    "4": {
      "precision": 0.24324324324324326,
      "recall": 0.9,
      "f1-score": 0.3829787234042553,
      "support": 30.0
    },
    "accuracy": 0.8707865168539326,
    "macro avg": {
      "precision": 0.734410953715821,
      "recall": 0.8788362671492905,
      "f1-score": 0.7661571622664036,
      "support": 3382.0
    },
    "weighted avg": {
      "precision": 0.8966634897308656,
      "recall": 0.8707865168539326,
      "f1-score": 0.8794018676558779,
      "support": 3382.0
    }
  },
  "target_agreement": 0.871377882909521
}