{
  "accuracy": 0.9027202838557067,
  "precision_macro": 0.8121200309295077,
  "recall_macro": 0.9088884629607952,
  "f1_macro": 0.848420693449168,
  "confusion_matrix": [
    [
      1055,
      19,
      5,
      31,
      9
    ],
    [
      61,
      1225,
      25,
      141,
      5
    ],
    [
      3,
      4,
      349,
      1,
      6
    ],
    [
      0,
      12,
      0,
      399,
      2
    ],
    [
      0,
      3,
      0,
      2,
      25
    ]
  ],
  "classification_report": {
    "0": {
      "precision": 0.9428060768543343,
      "recall": 0.9428060768543343,
      "f1-score": 0.9428060768543343,
      "support": 1119.0
    },
    "1": {
      "precision": 0.9699129057798892,
      "recall": 0.8407687028140014,
      "f1-score": 0.9007352941176471,
      "support": 1457.0
    },
    "2": {
      "precision": 0.920844327176781,
      "recall": 0.9614325068870524,
      "f1-score": 0.9407008086253369,
      "support": 363.0
    },
    "3": {
      "precision": 0.6951219512195121,
      "recall": 0.9661016949152542,
      "f1-score": 0.8085106382978723,
      "support": 413.0
    },
    "4": {
      "precision": 0.5319148936170213,
      "recall": 0.8333333333333334,
      "f1-score": 0.6493506493506493,
      "support": 30.0
    },
    "accuracy": 0.9027202838557067,
    "macro avg": {
      "precision": 0.8121200309295077,
      "recall": 0.9088884629607952,
      "f1-score": 0.848420693449168,
      "support": 3382.0
    },
    "weighted avg": {
      "precision": 0.9182354840770665,
      "recall": 0.9027202838557067,
      "f1-score": 0.9054527292010496,
      "support": 3382.0
    }
  },
  "target_agreement": 0.9036073329390893
}