{
  "accuracy": 0.8979893554109994,
  "precision_macro": 0.8220565710460525,
  "recall_macro": 0.8971096246525091,
  "f1_macro": 0.8525994130983594,
  "confusion_matrix": [
    [
      1036,
      48,
      11,
      24,
      0
    ],
    [
      24,
      1252,
      32,
      144,
      5
    ],
    [
      5,
      6,
      342,
      1,
      9
    ],
    [
      0,
      29,
      1,
      382,
      1
    ],
    [
      0,
      3,
      0,
      2,
      25
    ]
  ],
  "classification_report": {
    "0": {
      "precision": 0.9727699530516432,
      "recall": 0.9258266309204647,
      "f1-score": 0.9487179487179487,
      "support": 1119.0
    },
    "1": {
      "precision": 0.9357249626307922,
      "recall": 0.8592999313658202,
      "f1-score": 0.8958855098389982,
      "support": 1457.0
    },
    "2": {
      "precision": 0.8860103626943006,
      "recall": 0.9421487603305785,
      "f1-score": 0.9132176234979973,
      "support": 363.0
    },
    "3": {
      "precision": 0.6907775768535263,
      "recall": 0.9249394673123487,
      "f1-score": 0.7908902691511387,
      "support": 413.0
    },
    "4": {
      "precision": 0.625,
      "recall": 0.8333333333333334,
      "f1-score": 0.7142857142857143,
      "support": 30.0
    },
    "accuracy": 0.8979893554109994,
    "macro avg": {
      "precision": 0.8220565710460525,
      "recall": 0.8971096246525091,
      "f1-score": 0.8525994130983594,
      "support": 3382.0
    },
    "weighted avg": {
      "precision": 0.9099774538487257,
      "recall": 0.8979893554109994,
      "f1-score": 0.9007938564070282,
      "support": 3382.0
    }
  },
  "target_agreement": 0.9006505026611472
}