{
  "accuracy": 0.918982850384388,
  "precision_macro": 0.8457004288541305,
  "recall_macro": 0.9244980655276505,
  "f1_macro": 0.8772703877128659,
  "confusion_matrix": [
    [
      1080,
      25,
      0,
      14,
      0
    ],
    [
      46,
      1252,
      23,
      132,
      4
    ],
    [
      1,
      6,
      346,
      0,
      10
    ],
    [
      0,
      7,
      1,
      404,
      1
    ],
    [
      0,
      2,
      0,
      2,
      26
    ]
  ],
  "classification_report": {
    "0": {
      "precision": 0.9582963620230701,
      "recall": 0.9651474530831099,
      "f1-score": 0.9617097061442564,
      "support": 1119.0
    },
    "1": {
      "precision": 0.9690402476780186,
      "recall": 0.8592999313658202,
      "f1-score": 0.9108766824299745,
      "support": 1457.0
    },
    "2": {
      "precision": 0.9351351351351351,
      "recall": 0.953168044077135,
      "f1-score": 0.9440654843110505,
      "support": 363.0
    },
    "3": {
      "precision": 0.7318840579710145,
      "recall": 0.9782082324455206,
      "f1-score": 0.8373056994818653,
      "support": 413.0
    },
    "4": {
      "precision": 0.6341463414634146,
      "recall": 0.8666666666666667,
      "f1-score": 0.7323943661971831,
      "support": 30.0
    },
    "accuracy": 0.918982850384388,
    "macro avg": {
      "precision": 0.8457004288541305,
      "recall": 0.9244980655276505,
      "f1-score": 0.8772703877128659,
      "support": 3382.0
    },
    "weighted avg": {
      "precision": 0.9299147930841732,
      "recall": 0.918982850384388,
      "f1-score": 0.9206905213343387,
      "support": 3382.0
    }
  },
  "target_agreement": 0.9216439976345357
}