{
  "accuracy": 0.8716735659373152,
  "precision_macro": 0.7659141988915161,
  "recall_macro": 0.8894575182159883,
  "f1_macro": 0.8042119695472761,
  "confusion_matrix": [
    [
      966,
      107,
      8,
      36,
      2
    ],
    [
      7,
      1245,
      38,
      150,
      17
    ],
    [
      12,
      2,
      331,
      4,
      14
    ],
    [
      0,
      27,
      1,
      379,
      6
    ],
    [
      0,
      0,
      0,
      3,
      27
    ]
  ],
  "classification_report": {
    "0": {
      "precision": 0.9807106598984772,
      "recall": 0.8632707774798928,
      "f1-score": 0.9182509505703422,
      "support": 1119.0
    },
    "1": {
      "precision": 0.9015206372194062,
      "recall": 0.8544955387783116,
      "f1-score": 0.8773784355179705,
      "support": 1457.0
    },
    "2": {
      "precision": 0.8756613756613757,
      "recall": 0.9118457300275482,
      "f1-score": 0.893387314439946,
      "support": 363.0
    },
    "3": {
      "precision": 0.6625874125874126,
      "recall": 0.9176755447941889,
      "f1-score": 0.7695431472081218,
      "support": 413.0
    },
    "4": {
      "precision": 0.4090909090909091,
      "recall": 0.9,
      "f1-score": 0.5625,
      "support": 30.0
    },
    "accuracy": 0.8716735659373152,
    "macro avg": {
      "precision": 0.7659141988915161,
      "recall": 0.8894575182159883,
      "f1-score": 0.8042119695472761,
      "support": 3382.0
    },
    "weighted avg": {
      "precision": 0.8914007110855942,
      "recall": 0.8716735659373152,
      "f1-score": 0.8766585183845509,
      "support": 3382.0
    }
  },
  "target_agreement": 0.8722649319929036
}