{
  "accuracy": 0.8805440567711413,
  "precision_macro": 0.7508898786638397,
  "recall_macro": 0.9023376759040108,
  "f1_macro": 0.7847314888083247,
  "confusion_matrix": [
    [
      1025,
      60,
      6,
      23,
      5
    ],
    [
      11,
      1216,
      26,
      165,
      39
    ],
    [
      13,
      2,
      333,
      4,
      11
    ],
    [
      0,
      14,
      1,
      376,
      22
    ],
    [
      0,
      0,
      0,
      2,
      28
    ]
  ],
  "classification_report": {
    "0": {
      "precision": 0.9771210676835081,
      "recall": 0.9159964253798034,
      "f1-score": 0.9455719557195572,
      "support": 1119.0
    },
    "1": {
      "precision": 0.9411764705882353,
      "recall": 0.8345916266300618,
      "f1-score": 0.8846853401236814,
      "support": 1457.0
    },
    "2": {
      "precision": 0.9098360655737705,
      "recall": 0.9173553719008265,
      "f1-score": 0.9135802469135802,
      "support": 363.0
    },
    "3": {
      "precision": 0.6596491228070176,
      "recall": 0.910411622276029,
      "f1-score": 0.7650050864699899,
      "support": 413.0
    },
    "4": {
      "precision": 0.26666666666666666,
      "recall": 0.9333333333333333,
      "f1-score": 0.4148148148148148,
      "support": 30.0
    },
    "accuracy": 0.8805440567711413,
    "macro avg": {
      "precision": 0.7508898786638397,
      "recall": 0.9023376759040108,
      "f1-score": 0.7847314888083247,
      "support": 3382.0
    },
    "weighted avg": {
      "precision": 0.9093430431423659,
      "recall": 0.8805440567711413,
      "f1-score": 0.8891492412171993,
      "support": 3382.0
    }
  },
  "target_agreement": 0.8811354228267297
}