{
  "accuracy": 0.8979893554109994,
  "precision_macro": 0.772241720454461,
  "recall_macro": 0.9097398266536215,
  "f1_macro": 0.8127676828527415,
  "confusion_matrix": [
    [
      1028,
      36,
      11,
      43,
      1
    ],
    [
      19,
      1242,
      29,
      139,
      28
    ],
    [
      0,
      1,
      350,
      0,
      12
    ],
    [
      0,
      13,
      0,
      391,
      9
    ],
    [
      0,
      2,
      0,
      2,
      26
    ]
  ],
  "classification_report": {
    "0": {
      "precision": 0.9818529130850048,
      "recall": 0.9186773905272565,
      "f1-score": 0.9492151431209603,
      "support": 1119.0
    },
    "1": {
      "precision": 0.9598145285935085,
      "recall": 0.8524365133836651,
      "f1-score": 0.9029443838604144,
      "support": 1457.0
    },
    "2": {
      "precision": 0.8974358974358975,
      "recall": 0.9641873278236914,
      "f1-score": 0.9296148738379814,
      "support": 363.0
    },
    "3": {
      "precision": 0.68,
      "recall": 0.9467312348668281,
      "f1-score": 0.791497975708502,
      "support": 413.0
    },
    "4": {
      "precision": 0.34210526315789475,
      "recall": 0.8666666666666667,
      "f1-score": 0.49056603773584906,
      "support": 30.0
    },
    "accuracy": 0.8979893554109994,
    "macro avg": {
      "precision": 0.772241720454461,
      "recall": 0.9097398266536215,
      "f1-score": 0.8127676828527415,
      "support": 3382.0
    },
    "weighted avg": {
      "precision": 0.9207615513207658,
      "recall": 0.8979893554109994,
      "f1-score": 0.9038490705913224,
      "support": 3382.0
    }
  },
  "target_agreement": 0.8997634535777647
}