{
  "accuracy": 0.9121821407451213,
  "precision_macro": 0.8081647099565268,
  "recall_macro": 0.8939129059243515,
  "f1_macro": 0.8407517732629346,
  "confusion_matrix": [
    [
      1055,
      43,
      0,
      20,
      1
    ],
    [
      28,
      1295,
      30,
      98,
      6
    ],
    [
      1,
      2,
      349,
      0,
      11
    ],
    [
      0,
      40,
      1,
      362,
      10
    ],
    [
      0,
      5,
      0,
      1,
      24
    ]
  ],
  "classification_report": {
    "0": {
      "precision": 0.9732472324723247,
      "recall": 0.9428060768543343,
      "f1-score": 0.9577848388561053,
      "support": 1119.0
    },
    "1": {
      "precision": 0.9350180505415162,
      "recall": 0.8888126286890872,
      "f1-score": 0.9113300492610837,
      "support": 1457.0
    },
    "2": {
      "precision": 0.9184210526315789,
      "recall": 0.9614325068870524,
      "f1-score": 0.9394347240915208,
      "support": 363.0
    },
    "3": {
      "precision": 0.7525987525987526,
      "recall": 0.8765133171912833,
      "f1-score": 0.8098434004474273,
      "support": 413.0
    },
    "4": {
      "precision": 0.46153846153846156,
      "recall": 0.8,
      "f1-score": 0.5853658536585366,
      "support": 30.0
    },
    "accuracy": 0.9121821407451213,
    "macro avg": {
      "precision": 0.8081647099565268,
      "recall": 0.8939129059243515,
      "f1-score": 0.8407517732629346,
      "support": 3382.0
    },
    "weighted avg": {
      "precision": 0.9194089986842761,
      "recall": 0.9121821407451213,
      "f1-score": 0.9144323540192627,
      "support": 3382.0
    }
  },
  "target_agreement": 0.9124778237729154
}