{
  "accuracy": 0.9296274393849793,
  "precision_macro": 0.8589108567232447,
  "recall_macro": 0.9127207893633038,
  "f1_macro": 0.8821659486281064,
  "confusion_matrix": [
    [
      1059,
      44,
      1,
      15,
      0
    ],
    [
      13,
      1320,
      20,
      101,
      3
    ],
    [
      0,
      4,
      351,
      0,
      8
    ],
    [
      0,
      21,
      0,
      390,
      2
    ],
    [
      0,
      3,
      0,
      3,
      24
    ]
  ],
  "classification_report": {
    "0": {
      "precision": 0.9878731343283582,
      "recall": 0.9463806970509383,
      "f1-score": 0.9666818804198996,
      "support": 1119.0
    },
    "1": {
      "precision": 0.9482758620689655,
      "recall": 0.905971173644475,
      "f1-score": 0.9266409266409267,
      "support": 1457.0
    },
    "2": {
      "precision": 0.9435483870967742,
      "recall": 0.9669421487603306,
      "f1-score": 0.9551020408163265,
      "support": 363.0
    },
    "3": {
      "precision": 0.7662082514734774,
      "recall": 0.9443099273607748,
      "f1-score": 0.8459869848156182,
      "support": 413.0
    },
    "4": {
      "precision": 0.6486486486486487,
      "recall": 0.8,
      "f1-score": 0.7164179104477612,
      "support": 30.0
    },
    "accuracy": 0.9296274393849793,
    "macro avg": {
      "precision": 0.8589108567232447,
      "recall": 0.9127207893633038,
      "f1-score": 0.8821659486281064,
      "support": 3382.0
    },
    "weighted avg": {
      "precision": 0.9359785630343141,
      "recall": 0.9296274393849793,
      "f1-score": 0.9312300582981395,
      "support": 3382.0
    }
  },
  "target_agreement": 0.9325842696629213
}