{
  "accuracy": 0.9121821407451213,
  "precision_macro": 0.8227654311206234,
  "recall_macro": 0.8866208153373638,
  "f1_macro": 0.8486490575572716,
  "confusion_matrix": [
    [
      1016,
      67,
      6,
      30,
      0
    ],
    [
      18,
      1331,
      21,
      82,
      5
    ],
    [
      3,
      5,
      341,
      0,
      14
    ],
    [
      3,
      33,
      1,
      374,
      2
    ],
    [
      0,
      5,
      0,
      2,
      23
    ]
  ],
  "classification_report": {
    "0": {
      "precision": 0.9769230769230769,
      "recall": 0.9079535299374442,
      "f1-score": 0.9411764705882353,
      "support": 1119.0
    },
    "1": {
      "precision": 0.9236641221374046,
      "recall": 0.9135209334248455,
      "f1-score": 0.9185645272601795,
      "support": 1457.0
    },
    "2": {
      "precision": 0.924119241192412,
      "recall": 0.9393939393939394,
      "f1-score": 0.9316939890710383,
      "support": 363.0
    },
    "3": {
      "precision": 0.7663934426229508,
      "recall": 0.9055690072639225,
      "f1-score": 0.8301886792452831,
      "support": 413.0
    },
    "4": {
      "precision": 0.5227272727272727,
      "recall": 0.7666666666666667,
      "f1-score": 0.6216216216216216,
      "support": 30.0
    },
    "accuracy": 0.9121821407451213,
    "macro avg": {
      "precision": 0.8227654311206234,
      "recall": 0.8866208153373638,
      "f1-score": 0.8486490575572716,
      "support": 3382.0
    },
    "weighted avg": {
      "precision": 0.9185727804757728,
      "recall": 0.9121821407451213,
      "f1-score": 0.914029118277958,
      "support": 3382.0
    }
  },
  "target_agreement": 0.9237137788290952
}