{
  "accuracy": 0.8920756948551153,
  "precision_macro": 0.8073844447526245,
  "recall_macro": 0.8701429224144686,
  "f1_macro": 0.8330771131621464,
  "confusion_matrix": [
    [
      1004,
      82,
      10,
      23,
      0
    ],
    [
      9,
      1293,
      30,
      118,
      7
    ],
    [
      11,
      5,
      335,
      1,
      11
    ],
    [
      0,
      49,
      1,
      362,
      1
    ],
    [
      0,
      6,
      0,
      1,
      23
    ]
  ],
  "classification_report": {
    "0": {
      "precision": 0.98046875,
      "recall": 0.8972296693476318,
      "f1-score": 0.9370041997200187,
      "support": 1119.0
    },
    "1": {
      "precision": 0.9010452961672474,
      "recall": 0.8874399450926561,
      "f1-score": 0.8941908713692946,
      "support": 1457.0
    },
    "2": {
      "precision": 0.8909574468085106,
      "recall": 0.9228650137741047,
      "f1-score": 0.9066305818673883,
      "support": 363.0
    },
    "3": {
      "precision": 0.7168316831683168,
      "recall": 0.8765133171912833,
      "f1-score": 0.7886710239651417,
      "support": 413.0
    },
    "4": {
      "precision": 0.5476190476190477,
      "recall": 0.7666666666666667,
      "f1-score": 0.6388888888888888,
      "support": 30.0
    },
    "accuracy": 0.8920756948551153,
    "macro avg": {
      "precision": 0.8073844447526245,
      "recall": 0.8701429224144686,
      "f1-score": 0.8330771131621464,
      "support": 3382.0
    },
    "weighted avg": {
      "precision": 0.9006106261189402,
      "recall": 0.8920756948551153,
      "f1-score": 0.8945412477391765,
      "support": 3382.0
    }
  },
  "target_agreement": 0.9071555292726198
}