{
  "accuracy": 0.9195742164399764,
  "precision_macro": 0.8141297620897513,
  "recall_macro": 0.9171810973375404,
  "f1_macro": 0.8520103724943423,
  "confusion_matrix": [
    [
      1063,
      34,
      9,
      12,
      1
    ],
    [
      21,
      1292,
      23,
      112,
      9
    ],
    [
      0,
      2,
      352,
      0,
      9
    ],
    [
      0,
      25,
      1,
      377,
      10
    ],
    [
      0,
      2,
      0,
      2,
      26
    ]
  ],
  "classification_report": {
    "0": {
      "precision": 0.9806273062730627,
      "recall": 0.9499553172475425,
      "f1-score": 0.9650476622787109,
      "support": 1119.0
    },
    "1": {
      "precision": 0.9535055350553505,
      "recall": 0.8867536032944406,
      "f1-score": 0.918918918918919,
      "support": 1457.0
    },
    "2": {
      "precision": 0.9142857142857143,
      "recall": 0.9696969696969697,
      "f1-score": 0.9411764705882353,
      "support": 363.0
    },
    "3": {
      "precision": 0.7495029821073559,
      "recall": 0.9128329297820823,
      "f1-score": 0.8231441048034934,
      "support": 413.0
    },
    "4": {
      "precision": 0.4727272727272727,
      "recall": 0.8666666666666667,
      "f1-score": 0.611764705882353,
      "support": 30.0
    },
    "accuracy": 0.9195742164399764,
    "macro avg": {
      "precision": 0.8141297620897513,
      "recall": 0.9171810973375404,
      "f1-score": 0.8520103724943423,
      "support": 3382.0
    },
    "weighted avg": {
      "precision": 0.9290927807135049,
      "recall": 0.9195742164399764,
      "f1-score": 0.9221501224833191,
      "support": 3382.0
    }
  },
  "target_agreement": 0.9213483146067416
}