{
  "accuracy": 0.8840922531046718,
  "precision_macro": 0.8033976903928688,
  "recall_macro": 0.8804517152133913,
  "f1_macro": 0.8328866973541675,
  "confusion_matrix": [
    [
      1010,
      72,
      7,
      30,
      0
    ],
    [
      12,
      1255,
      29,
      156,
      5
    ],
    [
      14,
      4,
      330,
      2,
      13
    ],
    [
      0,
      42,
      0,
      370,
      1
    ],
    [
      0,
      2,
      0,
      3,
      25
    ]
  ],
  "classification_report": {
    "0": {
      "precision": 0.974903474903475,
      "recall": 0.902591599642538,
      "f1-score": 0.9373549883990719,
      "support": 1119.0
    },
    "1": {
      "precision": 0.9127272727272727,
      "recall": 0.8613589567604667,
      "f1-score": 0.8862994350282486,
      "support": 1457.0
    },
    "2": {
      "precision": 0.9016393442622951,
      "recall": 0.9090909090909091,
      "f1-score": 0.9053497942386831,
      "support": 363.0
    },
    "3": {
      "precision": 0.6595365418894831,
      "recall": 0.8958837772397095,
      "f1-score": 0.7597535934291582,
      "support": 413.0
    },
    "4": {
      "precision": 0.5681818181818182,
      "recall": 0.8333333333333334,
      "f1-score": 0.6756756756756757,
      "support": 30.0
    },
    "accuracy": 0.8840922531046718,
    "macro avg": {
      "precision": 0.8033976903928688,
      "recall": 0.8804517152133913,
      "f1-score": 0.8328866973541675,
      "support": 3382.0
    },
    "weighted avg": {
      "precision": 0.8981341670886012,
      "recall": 0.8840922531046718,
      "f1-score": 0.8879151355765448,
      "support": 3382.0
    }
  },
  "target_agreement": 0.897397989355411
}