{
  "accuracy": 0.9101123595505618,
  "precision_macro": 0.8179539784502315,
  "recall_macro": 0.8733017801772874,
  "f1_macro": 0.840381080024053,
  "confusion_matrix": [
    [
      1063,
      46,
      3,
      7,
      0
    ],
    [
      18,
      1319,
      29,
      87,
      4
    ],
    [
      2,
      3,
      345,
      0,
      13
    ],
    [
      0,
      80,
      0,
      328,
      5
    ],
    [
      2,
      4,
      0,
      1,
      23
    ]
  ],
  "classification_report": {
    "0": {
      "precision": 0.9797235023041475,
      "recall": 0.9499553172475425,
      "f1-score": 0.9646098003629764,
      "support": 1119.0
    },
    "1": {
      "precision": 0.9084022038567493,
      "recall": 0.9052848318462594,
      "f1-score": 0.9068408387762118,
      "support": 1457.0
    },
    "2": {
      "precision": 0.9151193633952255,
      "recall": 0.9504132231404959,
      "f1-score": 0.9324324324324325,
      "support": 363.0
    },
    "3": {
      "precision": 0.7754137115839244,
      "recall": 0.7941888619854721,
      "f1-score": 0.784688995215311,
      "support": 413.0
    },
    "4": {
      "precision": 0.5111111111111111,
      "recall": 0.7666666666666667,
      "f1-score": 0.6133333333333333,
      "support": 30.0
    },
    "accuracy": 0.9101123595505618,
    "macro avg": {
      "precision": 0.8179539784502315,
      "recall": 0.8733017801772874,
      "f1-score": 0.840381080024053,
      "support": 3382.0
    },
    "weighted avg": {
      "precision": 0.9129568702624442,
      "recall": 0.9101123595505618,
      "f1-score": 0.9111812527202862,
      "support": 3382.0
    }
  },
  "target_agreement": 0.9109994086339445
}