{
  "accuracy": 0.9151389710230633,
  "precision_macro": 0.8547658487583808,
  "recall_macro": 0.9074361817199399,
  "f1_macro": 0.8776803798474992,
  "confusion_matrix": [
    [
      1038,
      58,
      6,
      17,
      0
    ],
    [
      22,
      1302,
      25,
      106,
      2
    ],
    [
      6,
      4,
      345,
      1,
      7
    ],
    [
      0,
      26,
      0,
      385,
      2
    ],
    [
      0,
      3,
      0,
      2,
      25
    ]
  ],
  "classification_report": {
    "0": {
      "precision": 0.9737335834896811,
      "recall": 0.9276139410187667,
      "f1-score": 0.9501144164759725,
      "support": 1119.0
    },
    "1": {
      "precision": 0.9346733668341709,
      "recall": 0.8936170212765957,
      "f1-score": 0.9136842105263158,
      "support": 1457.0
    },
    "2": {
      "precision": 0.9175531914893617,
      "recall": 0.9504132231404959,
      "f1-score": 0.9336941813261164,
      "support": 363.0
    },
    "3": {
      "precision": 0.7534246575342466,
      "recall": 0.9322033898305084,
      "f1-score": 0.8333333333333334,
      "support": 413.0
    },
    "4": {
      "precision": 0.6944444444444444,
      "recall": 0.8333333333333334,
      "f1-score": 0.7575757575757576,
      "support": 30.0
    },
    "accuracy": 0.9151389710230633,
    "macro avg": {
      "precision": 0.8547658487583808,
      "recall": 0.9074361817199399,
      "f1-score": 0.8776803798474992,
      "support": 3382.0
    },
    "weighted avg": {
      "precision": 0.9214951214689401,
      "recall": 0.9151389710230633,
      "f1-score": 0.9166886025986916,
      "support": 3382.0
    }
  },
  "target_agreement": 0.9325842696629213
}