{
  "accuracy": 0.8879361324659965,
  "precision_macro": 0.767846132037299,
  "recall_macro": 0.8777824899127357,
  "f1_macro": 0.8029200005480976,
  "confusion_matrix": [
    [
      1015,
      70,
      9,
      23,
      2
    ],
    [
      12,
      1259,
      32,
      141,
      13
    ],
    [
      14,
      2,
      332,
      2,
      13
    ],
    [
      0,
      25,
      1,
      373,
      14
    ],
    [
      0,
      0,
      0,
      6,
      24
    ]
  ],
  "classification_report": {
    "0": {
      "precision": 0.9750240153698367,
      "recall": 0.9070598748882931,
      "f1-score": 0.9398148148148148,
      "support": 1119.0
    },
    "1": {
      "precision": 0.9284660766961652,
      "recall": 0.8641043239533288,
      "f1-score": 0.8951297547102738,
      "support": 1457.0
    },
    "2": {
      "precision": 0.8877005347593583,
      "recall": 0.9146005509641874,
      "f1-score": 0.9009497964721845,
      "support": 363.0
    },
    "3": {
      "precision": 0.6844036697247706,
      "recall": 0.9031476997578692,
      "f1-score": 0.778705636743215,
      "support": 413.0
    },
    "4": {
      "precision": 0.36363636363636365,
      "recall": 0.8,
      "f1-score": 0.5,
      "support": 30.0
    },
    "accuracy": 0.8879361324659965,
    "macro avg": {
      "precision": 0.767846132037299,
      "recall": 0.8777824899127357,
      "f1-score": 0.8029200005480976,
      "support": 3382.0
    },
    "weighted avg": {
      "precision": 0.9046806763950999,
      "recall": 0.8879361324659965,
      "f1-score": 0.8928169824024238,
      "support": 3382.0
    }
  },
  "target_agreement": 0.8894145476049675
}