{
  "accuracy": 0.9243051448846836,
  "precision_macro": 0.8151941076836815,
  "recall_macro": 0.9177884289123057,
  "f1_macro": 0.8502533859208699,
  "confusion_matrix": [
    [
      1081,
      20,
      4,
      13,
      1
    ],
    [
      44,
      1295,
      19,
      84,
      15
    ],
    [
      3,
      5,
      343,
      0,
      12
    ],
    [
      0,
      24,
      1,
      381,
      7
    ],
    [
      0,
      3,
      0,
      1,
      26
    ]
  ],
  "classification_report": {
    "0": {
      "precision": 0.9583333333333334,
      "recall": 0.966041108132261,
      "f1-score": 0.9621717846016912,
      "support": 1119.0
    },
    "1": {
      "precision": 0.961395694135115,
      "recall": 0.8888126286890872,
      "f1-score": 0.9236804564907275,
      "support": 1457.0
    },
    "2": {
      "precision": 0.9346049046321526,
      "recall": 0.9449035812672176,
      "f1-score": 0.9397260273972603,
      "support": 363.0
    },
    "3": {
      "precision": 0.7954070981210856,
      "recall": 0.9225181598062954,
      "f1-score": 0.8542600896860987,
      "support": 413.0
    },
    "4": {
      "precision": 0.4262295081967213,
      "recall": 0.8666666666666667,
      "f1-score": 0.5714285714285714,
      "support": 30.0
    },
    "accuracy": 0.9243051448846836,
    "macro avg": {
      "precision": 0.8151941076836815,
      "recall": 0.9177884289123057,
      "f1-score": 0.8502533859208699,
      "support": 3382.0
    },
    "weighted avg": {
      "precision": 0.9324896876127273,
      "recall": 0.9243051448846836,
      "f1-score": 0.9265362135436735,
      "support": 3382.0
    }
  },
  "target_agreement": 0.9263749260792431
}