{
  "accuracy": 0.9163217031342401,
  "precision_macro": 0.8556019512777226,
  "recall_macro": 0.8950869653010024,
  "f1_macro": 0.8726314625037835,
  "confusion_matrix": [
    [
      1057,
      45,
      4,
      13,
      0
    ],
    [
      23,
      1291,
      20,
      121,
      2
    ],
    [
      3,
      7,
      346,
      0,
      7
    ],
    [
      0,
      28,
      2,
      382,
      1
    ],
    [
      0,
      4,
      0,
      3,
      23
    ]
  ],
  "classification_report": {
    "0": {
      "precision": 0.9759926131117267,
      "recall": 0.9445933869526363,
      "f1-score": 0.9600363306085377,
      "support": 1119.0
    },
    "1": {
      "precision": 0.9389090909090909,
      "recall": 0.8860672614962252,
      "f1-score": 0.911723163841808,
      "support": 1457.0
    },
    "2": {
      "precision": 0.9301075268817204,
      "recall": 0.953168044077135,
      "f1-score": 0.9414965986394558,
      "support": 363.0
    },
    "3": {
      "precision": 0.7360308285163777,
      "recall": 0.9249394673123487,
      "f1-score": 0.8197424892703863,
      "support": 413.0
    },
    "4": {
      "precision": 0.696969696969697,
      "recall": 0.7666666666666667,
      "f1-score": 0.7301587301587301,
      "support": 30.0
    },
    "accuracy": 0.9163217031342401,
    "macro avg": {
      "precision": 0.8556019512777226,
      "recall": 0.8950869653010024,
      "f1-score": 0.8726314625037835,
      "support": 3382.0
    },
    "weighted avg": {
      "precision": 0.9233131682054959,
      "recall": 0.9163217031342401,
      "f1-score": 0.9180612001620406,
      "support": 3382.0
    }
  },
  "target_agreement": 0.9408633944411591
}