{
  "accuracy": 0.8784742755765819,
  "precision_macro": 0.755672380531591,
  "recall_macro": 0.8518794169679863,
  "f1_macro": 0.7766713615807446,
  "confusion_matrix": [
    [
      996,
      83,
      13,
      24,
      3
    ],
    [
      8,
      1322,
      30,
      76,
      21
    ],
    [
      12,
      9,
      324,
      0,
      18
    ],
    [
      0,
      89,
      0,
      304,
      20
    ],
    [
      0,
      4,
      0,
      1,
      25
    ]
  ],
  "classification_report": {
    "0": {
      "precision": 0.9803149606299213,
      "recall": 0.8900804289544236,
      "f1-score": 0.9330210772833724,
      "support": 1119.0
    },
    "1": {
      "precision": 0.8772395487723955,
      "recall": 0.9073438572409059,
      "f1-score": 0.8920377867746289,
      "support": 1457.0
    },
    "2": {
      "precision": 0.8828337874659401,
      "recall": 0.8925619834710744,
      "f1-score": 0.8876712328767123,
      "support": 363.0
    },
    "3": {
      "precision": 0.7506172839506173,
      "recall": 0.7360774818401937,
      "f1-score": 0.7432762836185819,
      "support": 413.0
    },
    "4": {
      "precision": 0.28735632183908044,
      "recall": 0.8333333333333334,
      "f1-score": 0.42735042735042733,
      "support": 30.0
    },
    "accuracy": 0.8784742755765819,
    "macro avg": {
      "precision": 0.755672380531591,
      "recall": 0.8518794169679863,
      "f1-score": 0.7766713615807446,
      "support": 3382.0
    },
    "weighted avg": {
      "precision": 0.8912491887295019,
      "recall": 0.8784742755765819,
      "f1-score": 0.882840897782366,
      "support": 3382.0
    }
  },
  "target_agreement": 0.8802483737433471
}