{
  "accuracy": 0.9130691898285038,
  "precision_macro": 0.8166388037534045,
  "recall_macro": 0.8965304274408261,
  "f1_macro": 0.8481539310978992,
  "confusion_matrix": [
    [
      1041,
      59,
      3,
      16,
      0
    ],
    [
      11,
      1285,
      32,
      122,
      7
    ],
    [
      1,
      6,
      343,
      0,
      13
    ],
    [
      0,
      15,
      0,
      396,
      2
    ],
    [
      0,
      4,
      0,
      3,
      23
    ]
  ],
  "classification_report": {
    "0": {
      "precision": 0.9886039886039886,
      "recall": 0.9302949061662198,
      "f1-score": 0.9585635359116023,
      "support": 1119.0
    },
    "1": {
      "precision": 0.9386413440467495,
      "recall": 0.8819492107069321,
      "f1-score": 0.9094125973106865,
      "support": 1457.0
    },
    "2": {
      "precision": 0.9074074074074074,
      "recall": 0.9449035812672176,
      "f1-score": 0.9257759784075573,
      "support": 363.0
    },
    "3": {
      "precision": 0.7374301675977654,
      "recall": 0.9588377723970944,
      "f1-score": 0.8336842105263158,
      "support": 413.0
    },
    "4": {
      "precision": 0.5111111111111111,
      "recall": 0.7666666666666667,
      "f1-score": 0.6133333333333333,
      "support": 30.0
    },
    "accuracy": 0.9130691898285038,
    "macro avg": {
      "precision": 0.8166388037534045,
      "recall": 0.8965304274408261,
      "f1-score": 0.8481539310978992,
      "support": 3382.0
    },
    "weighted avg": {
      "precision": 0.9234562930112585,
      "recall": 0.9130691898285038,
      "f1-score": 0.9155573654867136,
      "support": 3382.0
    }
  },
  "target_agreement": 0.9139562389118865
}