{
  "accuracy": 0.9260792430514488,
  "precision_macro": 0.8644046564182591,
  "recall_macro": 0.9103299842474939,
  "f1_macro": 0.8847761617401124,
  "confusion_matrix": [
    [
      1043,
      56,
      2,
      18,
      0
    ],
    [
      13,
      1325,
      22,
      92,
      5
    ],
    [
      0,
      4,
      355,
      0,
      4
    ],
    [
      0,
      26,
      0,
      385,
      2
    ],
    [
      0,
      5,
      0,
      1,
      24
    ]
  ],
  "classification_report": {
    "0": {
      "precision": 0.9876893939393939,
      "recall": 0.9320822162645219,
      "f1-score": 0.9590804597701149,
      "support": 1119.0
    },
    "1": {
      "precision": 0.9357344632768362,
      "recall": 0.9094028826355525,
      "f1-score": 0.9223807866341803,
      "support": 1457.0
    },
    "2": {
      "precision": 0.9366754617414248,
      "recall": 0.977961432506887,
      "f1-score": 0.9568733153638814,
      "support": 363.0
    },
    "3": {
      "precision": 0.7762096774193549,
      "recall": 0.9322033898305084,
      "f1-score": 0.847084708470847,
      "support": 413.0
    },
    "4": {
      "precision": 0.6857142857142857,
      "recall": 0.8,
      "f1-score": 0.7384615384615385,
      "support": 30.0
    },
    "accuracy": 0.9260792430514488,
    "macro avg": {
      "precision": 0.8644046564182591,
      "recall": 0.9103299842474939,
      "f1-score": 0.8847761617401124,
      "support": 3382.0
    },
    "weighted avg": {
      "precision": 0.9313272509669697,
      "recall": 0.9260792430514488,
      "f1-score": 0.9273993745825411,
      "support": 3382.0
    }
  },
  "target_agreement": 0.9296274393849793
}