{
  "accuracy": 0.9109994086339445,
  "precision_macro": 0.8296352050989417,
  "recall_macro": 0.9204644826665312,
  "f1_macro": 0.8652400775372759,
  "confusion_matrix": [
    [
      1019,
      80,
      4,
      15,
      1
    ],
    [
      11,
      1281,
      28,
      128,
      9
    ],
    [
      0,
      3,
      353,
      1,
      6
    ],
    [
      0,
      7,
      1,
      402,
      3
    ],
    [
      0,
      2,
      0,
      2,
      26
    ]
  ],
  "classification_report": {
    "0": {
      "precision": 0.9893203883495145,
      "recall": 0.9106344950848972,
      "f1-score": 0.9483480688692415,
      "support": 1119.0
    },
    "1": {
      "precision": 0.932993445010925,
      "recall": 0.87920384351407,
      "f1-score": 0.9053003533568904,
      "support": 1457.0
    },
    "2": {
      "precision": 0.9145077720207254,
      "recall": 0.9724517906336089,
      "f1-score": 0.9425901201602136,
      "support": 363.0
    },
    "3": {
      "precision": 0.7335766423357665,
      "recall": 0.9733656174334141,
      "f1-score": 0.8366285119667014,
      "support": 413.0
    },
    "4": {
      "precision": 0.5777777777777777,
      "recall": 0.8666666666666667,
      "f1-score": 0.6933333333333334,
      "support": 30.0
    },
    "accuracy": 0.9109994086339445,
    "macro avg": {
      "precision": 0.8296352050989417,
      "recall": 0.9204644826665312,
      "f1-score": 0.8652400775372759,
      "support": 3382.0
    },
    "weighted avg": {
      "precision": 0.9221430431122273,
      "recall": 0.9109994086339445,
      "f1-score": 0.9132796844961786,
      "support": 3382.0
    }
  },
  "target_agreement": 0.9127735068007097
}