{
  "accuracy": 0.8944411590774689,
  "precision_macro": 0.787677518215103,
  "recall_macro": 0.8892082990787499,
  "f1_macro": 0.8219489425887907,
  "confusion_matrix": [
    [
      1030,
      65,
      7,
      15,
      2
    ],
    [
      15,
      1261,
      24,
      140,
      17
    ],
    [
      8,
      9,
      330,
      2,
      14
    ],
    [
      0,
      32,
      1,
      379,
      1
    ],
    [
      0,
      3,
      0,
      2,
      25
    ]
  ],
  "classification_report": {
    "0": {
      "precision": 0.9781576448243114,
      "recall": 0.9204647006255585,
      "f1-score": 0.9484346224677717,
      "support": 1119.0
    },
    "1": {
      "precision": 0.9204379562043795,
      "recall": 0.8654770075497598,
      "f1-score": 0.8921117792713124,
      "support": 1457.0
    },
    "2": {
      "precision": 0.9116022099447514,
      "recall": 0.9090909090909091,
      "f1-score": 0.9103448275862069,
      "support": 363.0
    },
    "3": {
      "precision": 0.7044609665427509,
      "recall": 0.9176755447941889,
      "f1-score": 0.7970557308096741,
      "support": 413.0
    },
    "4": {
      "precision": 0.423728813559322,
      "recall": 0.8333333333333334,
      "f1-score": 0.5617977528089888,
      "support": 30.0
    },
    "accuracy": 0.8944411590774689,
    "macro avg": {
      "precision": 0.787677518215103,
      "recall": 0.8892082990787499,
      "f1-score": 0.8219489425887907,
      "support": 3382.0
    },
    "weighted avg": {
      "precision": 0.9078067275420064,
      "recall": 0.8944411590774689,
      "f1-score": 0.898166270479656,
      "support": 3382.0
    }
  },
  "target_agreement": 0.8976936723832052
}