{
  "accuracy": 0.9003548196333531,
  "precision_macro": 0.7902946987775874,
  "recall_macro": 0.906060694220024,
  "f1_macro": 0.8303792032511355,
  "confusion_matrix": [
    [
      1040,
      51,
      7,
      18,
      3
    ],
    [
      17,
      1235,
      35,
      160,
      10
    ],
    [
      1,
      1,
      348,
      0,
      13
    ],
    [
      0,
      10,
      0,
      397,
      6
    ],
    [
      0,
      2,
      0,
      3,
      25
    ]
  ],
  "classification_report": {
    "0": {
      "precision": 0.9829867674858223,
      "recall": 0.9294012511170688,
      "f1-score": 0.9554432705558108,
      "support": 1119.0
    },
    "1": {
      "precision": 0.9507313317936874,
      "recall": 0.8476321207961565,
      "f1-score": 0.8962264150943396,
      "support": 1457.0
    },
    "2": {
      "precision": 0.8923076923076924,
      "recall": 0.9586776859504132,
      "f1-score": 0.9243027888446215,
      "support": 363.0
    },
    "3": {
      "precision": 0.6868512110726643,
      "recall": 0.9612590799031477,
      "f1-score": 0.8012108980827447,
      "support": 413.0
    },
    "4": {
      "precision": 0.43859649122807015,
      "recall": 0.8333333333333334,
      "f1-score": 0.5747126436781609,
      "support": 30.0
    },
    "accuracy": 0.9003548196333531,
    "macro avg": {
      "precision": 0.7902946987775874,
      "recall": 0.906060694220024,
      "f1-score": 0.8303792032511355,
      "support": 3382.0
    },
    "weighted avg": {
      "precision": 0.9183657245587175,
      "recall": 0.9003548196333531,
      "f1-score": 0.9043779713523125,
      "support": 3382.0
    }
  },
  "target_agreement": 0.9006505026611472
}