{
  "accuracy": 0.8660555884092254,
  "precision_macro": 0.7490204933646514,
  "recall_macro": 0.9003675394455379,
  "f1_macro": 0.7880150763307956,
  "confusion_matrix": [
    [
      1019,
      53,
      11,
      34,
      2
    ],
    [
      8,
      1158,
      35,
      233,
      23
    ],
    [
      14,
      3,
      330,
      2,
      14
    ],
    [
      0,
      4,
      2,
      394,
      13
    ],
    [
      0,
      0,
      0,
      2,
      28
    ]
  ],
  "classification_report": {
    "0": {
      "precision": 0.978866474543708,
      "recall": 0.9106344950848972,
      "f1-score": 0.9435185185185185,
      "support": 1119.0
    },
    "1": {
      "precision": 0.9507389162561576,
      "recall": 0.7947838023335622,
      "f1-score": 0.8657943925233644,
      "support": 1457.0
    },
    "2": {
      "precision": 0.873015873015873,
      "recall": 0.9090909090909091,
      "f1-score": 0.8906882591093117,
      "support": 363.0
    },
    "3": {
      "precision": 0.5924812030075188,
      "recall": 0.9539951573849879,
      "f1-score": 0.7309833024118738,
      "support": 413.0
    },
    "4": {
      "precision": 0.35,
      "recall": 0.9333333333333333,
      "f1-score": 0.509090909090909,
      "support": 30.0
    },
    "accuracy": 0.8660555884092254,
    "macro avg": {
      "precision": 0.7490204933646514,
      "recall": 0.9003675394455379,
      "f1-score": 0.7880150763307956,
      "support": 3382.0
    },
    "weighted avg": {
      "precision": 0.902624980705647,
      "recall": 0.8660555884092254,
      "f1-score": 0.8745559791112583,
      "support": 3382.0
    }
  },
  "target_agreement": 0.8660555884092254
}