{
  "accuracy": 0.8344175044352454,
  "precision_macro": 0.7183672469836349,
  "recall_macro": 0.8709707510520207,
  "f1_macro": 0.75289314479985,
  "confusion_matrix": [
    [
      985,
      79,
      12,
      39,
      4
    ],
    [
      7,
      1090,
      43,
      298,
      19
    ],
    [
      8,
      0,
      342,
      3,
      10
    ],
    [
      0,
      3,
      2,
      379,
      29
    ],
    [
      0,
      0,
      0,
      4,
      26
    ]
  ],
  "classification_report": {
    "0": {
      "precision": 0.985,
      "recall": 0.8802502234137622,
      "f1-score": 0.929683813119396,
      "support": 1119.0
    },
    "1": {
      "precision": 0.9300341296928327,
      "recall": 0.7481125600549073,
      "f1-score": 0.8292126283758083,
      "support": 1457.0
    },
    "2": {
      "precision": 0.8571428571428571,
      "recall": 0.9421487603305785,
      "f1-score": 0.8976377952755905,
      "support": 363.0
    },
    "3": {
      "precision": 0.5242047026279392,
      "recall": 0.9176755447941889,
      "f1-score": 0.6672535211267606,
      "support": 413.0
    },
    "4": {
      "precision": 0.29545454545454547,
      "recall": 0.8666666666666667,
      "f1-score": 0.4406779661016949,
      "support": 30.0
    },
    "accuracy": 0.8344175044352454,
    "macro avg": {
      "precision": 0.7183672469836349,
      "recall": 0.8709707510520207,
      "f1-score": 0.75289314479985,
      "support": 3382.0
    },
    "weighted avg": {
      "precision": 0.8852092734045799,
      "recall": 0.8344175044352454,
      "f1-score": 0.8465752659129505,
      "support": 3382.0
    }
  },
  "target_agreement": 0.8347131874630396
}