{
  "accuracy": 0.8574807806031933,
  "precision_macro": 0.7481493430532388,
  "recall_macro": 0.8878726864257176,
  "f1_macro": 0.7861759741283236,
  "confusion_matrix": [
    [
      1003,
      78,
      9,
      26,
      3
    ],
    [
      10,
      1150,
      34,
      246,
      17
    ],
    [
      12,
      6,
      331,
      0,
      14
    ],
    [
      0,
      11,
      1,
      389,
      12
    ],
    [
      0,
      1,
      0,
      2,
      27
    ]
  ],
  "classification_report": {
    "0": {
      "precision": 0.9785365853658536,
      "recall": 0.8963360142984808,
      "f1-score": 0.9356343283582089,
      "support": 1119.0
    },
    "1": {
      "precision": 0.9229534510433387,
      "recall": 0.789293067947838,
      "f1-score": 0.8509064002959674,
      "support": 1457.0
    },
    "2": {
      "precision": 0.8826666666666667,
      "recall": 0.9118457300275482,
      "f1-score": 0.8970189701897019,
      "support": 363.0
    },
    "3": {
      "precision": 0.5867269984917044,
      "recall": 0.9418886198547215,
      "f1-score": 0.7230483271375465,
      "support": 413.0
    },
    "4": {
      "precision": 0.3698630136986301,
      "recall": 0.9,
      "f1-score": 0.5242718446601942,
      "support": 30.0
    },
    "accuracy": 0.8574807806031933,
    "macro avg": {
      "precision": 0.7481493430532388,
      "recall": 0.8878726864257176,
      "f1-score": 0.7861759741283236,
      "support": 3382.0
    },
    "weighted avg": {
      "precision": 0.8910549254827225,
      "recall": 0.8574807806031933,
      "f1-score": 0.8653786041663318,
      "support": 3382.0
    }
  },
  "target_agreement": 0.8589591957421644
}