{
  "accuracy": 0.8968066232998226,
  "precision_macro": 0.7885183351513384,
  "recall_macro": 0.9006151217097752,
  "f1_macro": 0.8265584304847489,
  "confusion_matrix": [
    [
      1060,
      20,
      1,
      37,
      1
    ],
    [
      40,
      1233,
      28,
      143,
      13
    ],
    [
      4,
      4,
      342,
      2,
      11
    ],
    [
      0,
      32,
      1,
      372,
      8
    ],
    [
      0,
      1,
      1,
      2,
      26
    ]
  ],
  "classification_report": {
    "0": {
      "precision": 0.9601449275362319,
      "recall": 0.9472743521000894,
      "f1-score": 0.9536662168241116,
      "support": 1119.0
    },
    "1": {
      "precision": 0.9558139534883721,
      "recall": 0.8462594371997255,
      "f1-score": 0.8977065890061886,
      "support": 1457.0
    },
    "2": {
      "precision": 0.9168900804289544,
      "recall": 0.9421487603305785,
      "f1-score": 0.9293478260869565,
      "support": 363.0
    },
    "3": {
      "precision": 0.6690647482014388,
      "recall": 0.9007263922518159,
      "f1-score": 0.7678018575851393,
      "support": 413.0
    },
    "4": {
      "precision": 0.4406779661016949,
      "recall": 0.8666666666666667,
      "f1-score": 0.5842696629213483,
      "support": 30.0
    },
    "accuracy": 0.8968066232998226,
    "macro avg": {
      "precision": 0.7885183351513384,
      "recall": 0.9006151217097752,
      "f1-score": 0.8265584304847489,
      "support": 3382.0
    },
    "weighted avg": {
      "precision": 0.9134826384776928,
      "recall": 0.8968066232998226,
      "f1-score": 0.9009741320958209,
      "support": 3382.0
    }
  },
  "target_agreement": 0.8971023063276168
}