{
  "accuracy": 0.9240094618568894,
  "precision_macro": 0.8372174076804193,
  "recall_macro": 0.9074245722680256,
  "f1_macro": 0.86451957469052,
  "confusion_matrix": [
    [
      1034,
      75,
      2,
      8,
      0
    ],
    [
      10,
      1348,
      20,
      72,
      7
    ],
    [
      2,
      3,
      348,
      0,
      10
    ],
    [
      0,
      36,
      1,
      370,
      6
    ],
    [
      0,
      3,
      0,
      2,
      25
    ]
  ],
  "classification_report": {
    "0": {
      "precision": 0.988527724665392,
      "recall": 0.9240393208221627,
      "f1-score": 0.9551963048498845,
      "support": 1119.0
    },
    "1": {
      "precision": 0.9201365187713311,
      "recall": 0.9251887439945092,
      "f1-score": 0.9226557152635181,
      "support": 1457.0
    },
    "2": {
      "precision": 0.9380053908355795,
      "recall": 0.9586776859504132,
      "f1-score": 0.9482288828337875,
      "support": 363.0
    },
    "3": {
      "precision": 0.8185840707964602,
      "recall": 0.8958837772397095,
      "f1-score": 0.8554913294797688,
      "support": 413.0
    },
    "4": {
      "precision": 0.5208333333333334,
      "recall": 0.8333333333333334,
      "f1-score": 0.6410256410256411,
      "support": 30.0
    },
    "accuracy": 0.9240094618568894,
    "macro avg": {
      "precision": 0.8372174076804193,
      "recall": 0.9074245722680256,
      "f1-score": 0.86451957469052,
      "support": 3382.0
    },
    "weighted avg": {
      "precision": 0.9287396835785501,
      "recall": 0.9240094618568894,
      "f1-score": 0.9254671244945433,
      "support": 3382.0
    }
  },
  "target_agreement": 0.9257835600236547
}