{
  "accuracy": 0.8660555884092254,
  "precision_macro": 0.7759656072925953,
  "recall_macro": 0.8928309307713331,
  "f1_macro": 0.8125539143140237,
  "confusion_matrix": [
    [
      1017,
      48,
      11,
      40,
      3
    ],
    [
      22,
      1147,
      33,
      244,
      11
    ],
    [
      12,
      2,
      336,
      4,
      9
    ],
    [
      0,
      4,
      3,
      403,
      3
    ],
    [
      0,
      0,
      0,
      4,
      26
    ]
  ],
  "classification_report": {
    "0": {
      "precision": 0.9676498572787822,
      "recall": 0.9088471849865952,
      "f1-score": 0.9373271889400921,
      "support": 1119.0
    },
    "1": {
      "precision": 0.95503746877602,
      "recall": 0.7872340425531915,
      "f1-score": 0.8630549285176825,
      "support": 1457.0
    },
    "2": {
      "precision": 0.8772845953002611,
      "recall": 0.9256198347107438,
      "f1-score": 0.900804289544236,
      "support": 363.0
    },
    "3": {
      "precision": 0.5798561151079137,
      "recall": 0.9757869249394673,
      "f1-score": 0.7274368231046932,
      "support": 413.0
    },
    "4": {
      "precision": 0.5,
      "recall": 0.8666666666666667,
      "f1-score": 0.6341463414634146,
      "support": 30.0
    },
    "accuracy": 0.8660555884092254,
    "macro avg": {
      "precision": 0.7759656072925953,
      "recall": 0.8928309307713331,
      "f1-score": 0.8125539143140237,
      "support": 3382.0
    },
    "weighted avg": {
      "precision": 0.901012615592898,
      "recall": 0.8660555884092254,
      "f1-score": 0.8730892698299599,
      "support": 3382.0
    }
  },
  "target_agreement": 0.8666469544648138
}