{
  "accuracy": 0.9124778237729154,
  "precision_macro": 0.8566528773548969,
  "recall_macro": 0.9022892521369483,
  "f1_macro": 0.87406167808192,
  "confusion_matrix": [
    [
      1070,
      35,
      1,
      13,
      0
    ],
    [
      19,
      1242,
      32,
      163,
      1
    ],
    [
      0,
      4,
      353,
      0,
      6
    ],
    [
      0,
      13,
      1,
      398,
      1
    ],
    [
      0,
      4,
      0,
      3,
      23
    ]
  ],
  "classification_report": {
    "0": {
      "precision": 0.9825528007346189,
      "recall": 0.9562109025915997,
      "f1-score": 0.9692028985507246,
      "support": 1119.0
    },
    "1": {
      "precision": 0.9568567026194145,
      "recall": 0.8524365133836651,
      "f1-score": 0.9016333938294011,
      "support": 1457.0
    },
    "2": {
      "precision": 0.9121447028423773,
      "recall": 0.9724517906336089,
      "f1-score": 0.9413333333333334,
      "support": 363.0
    },
    "3": {
      "precision": 0.6897746967071057,
      "recall": 0.9636803874092009,
      "f1-score": 0.804040404040404,
      "support": 413.0
    },
    "4": {
      "precision": 0.7419354838709677,
      "recall": 0.7666666666666667,
      "f1-score": 0.7540983606557377,
      "support": 30.0
    },
    "accuracy": 0.9124778237729154,
    "macro avg": {
      "precision": 0.8566528773548969,
      "recall": 0.9022892521369483,
      "f1-score": 0.87406167808192,
      "support": 3382.0
    },
    "weighted avg": {
      "precision": 0.9260379482928659,
      "recall": 0.9124778237729154,
      "f1-score": 0.9150247001703302,
      "support": 3382.0
    }
  },
  "target_agreement": 0.9163217031342401
}