{
  "accuracy": 0.881431105854524,
  "precision_macro": 0.7938790626100715,
  "recall_macro": 0.9042258185301577,
  "f1_macro": 0.8301704486714827,
  "confusion_matrix": [
    [
      1045,
      37,
      5,
      30,
      2
    ],
    [
      29,
      1164,
      26,
      231,
      7
    ],
    [
      0,
      5,
      346,
      2,
      10
    ],
    [
      0,
      8,
      0,
      400,
      5
    ],
    [
      0,
      1,
      0,
      3,
      26
    ]
  ],
  "classification_report": {
    "0": {
      "precision": 0.972998137802607,
      "recall": 0.9338695263628239,
      "f1-score": 0.9530323757409941,
      "support": 1119.0
    },
    "1": {
      "precision": 0.9580246913580247,
      "recall": 0.7989018531228552,
      "f1-score": 0.8712574850299402,
      "support": 1457.0
    },
    "2": {
      "precision": 0.9177718832891246,
      "recall": 0.953168044077135,
      "f1-score": 0.9351351351351351,
      "support": 363.0
    },
    "3": {
      "precision": 0.6006006006006006,
      "recall": 0.9685230024213075,
      "f1-score": 0.7414272474513438,
      "support": 413.0
    },
    "4": {
      "precision": 0.52,
      "recall": 0.8666666666666667,
      "f1-score": 0.65,
      "support": 30.0
    },
    "accuracy": 0.881431105854524,
    "macro avg": {
      "precision": 0.7938790626100715,
      "recall": 0.9042258185301577,
      "f1-score": 0.8301704486714827,
      "support": 3382.0
    },
    "weighted avg": {
      "precision": 0.9111254089863275,
      "recall": 0.881431105854524,
      "f1-score": 0.8873533091053382,
      "support": 3382.0
    }
  },
  "target_agreement": 0.8820224719101124
}