{
  "accuracy": 0.9240094618568894,
  "precision_macro": 0.8398197524773316,
  "recall_macro": 0.9179867865241025,
  "f1_macro": 0.8713406326561779,
  "confusion_matrix": [
    [
      1066,
      36,
      1,
      15,
      1
    ],
    [
      24,
      1289,
      24,
      115,
      5
    ],
    [
      3,
      4,
      346,
      1,
      9
    ],
    [
      0,
      11,
      0,
      399,
      3
    ],
    [
      0,
      3,
      0,
      2,
      25
    ]
  ],
  "classification_report": {
    "0": {
      "precision": 0.9752973467520586,
      "recall": 0.9526362823949955,
      "f1-score": 0.9638336347197106,
      "support": 1119.0
    },
    "1": {
      "precision": 0.9597915115413254,
      "recall": 0.8846945778997941,
      "f1-score": 0.9207142857142857,
      "support": 1457.0
    },
    "2": {
      "precision": 0.9326145552560647,
      "recall": 0.953168044077135,
      "f1-score": 0.9427792915531336,
      "support": 363.0
    },
    "3": {
      "precision": 0.75,
      "recall": 0.9661016949152542,
      "f1-score": 0.8444444444444444,
      "support": 413.0
    },
    "4": {
      "precision": 0.5813953488372093,
      "recall": 0.8333333333333334,
      "f1-score": 0.684931506849315,
      "support": 30.0
    },
    "accuracy": 0.9240094618568894,
    "macro avg": {
      "precision": 0.8398197524773316,
      "recall": 0.9179867865241025,
      "f1-score": 0.8713406326561779,
      "support": 3382.0
    },
    "weighted avg": {
      "precision": 0.9330292452260003,
      "recall": 0.9240094618568894,
      "f1-score": 0.9259440967273487,
      "support": 3382.0
    }
  },
  "target_agreement": 0.9266706091070372
}