{
  "accuracy": 0.8846836191602602,
  "precision_macro": 0.790021415983024,
  "recall_macro": 0.8665917300362427,
  "f1_macro": 0.8200501757270651,
  "confusion_matrix": [
    [
      1016,
      57,
      17,
      29,
      0
    ],
    [
      13,
      1239,
      44,
      157,
      4
    ],
    [
      13,
      5,
      330,
      1,
      14
    ],
    [
      0,
      24,
      3,
      385,
      1
    ],
    [
      1,
      4,
      0,
      3,
      22
    ]
  ],
  "classification_report": {
    "0": {
      "precision": 0.9741131351869607,
      "recall": 0.9079535299374442,
      "f1-score": 0.9398704902867715,
      "support": 1119.0
    },
    "1": {
      "precision": 0.9322799097065463,
      "recall": 0.8503774879890186,
      "f1-score": 0.8894472361809045,
      "support": 1457.0
    },
    "2": {
      "precision": 0.8375634517766497,
      "recall": 0.9090909090909091,
      "f1-score": 0.8718626155878467,
      "support": 363.0
    },
    "3": {
      "precision": 0.6695652173913044,
      "recall": 0.9322033898305084,
      "f1-score": 0.7793522267206477,
      "support": 413.0
    },
    "4": {
      "precision": 0.5365853658536586,
      "recall": 0.7333333333333333,
      "f1-score": 0.6197183098591549,
      "support": 30.0
    },
    "accuracy": 0.8846836191602602,
    "macro avg": {
      "precision": 0.790021415983024,
      "recall": 0.8665917300362427,
      "f1-score": 0.8200501757270651,
      "support": 3382.0
    },
    "weighted avg": {
      "precision": 0.9003630855913037,
      "recall": 0.8846836191602602,
      "f1-score": 0.8884062241680265,
      "support": 3382.0
    }
  },
  "target_agreement": 0.898876404494382
}