{
  "accuracy": 0.9036073329390893,
  "precision_macro": 0.8109291130976469,
  "recall_macro": 0.8980661253523688,
  "f1_macro": 0.8441820466965225,
  "confusion_matrix": [
    [
      1050,
      23,
      6,
      40,
      0
    ],
    [
      25,
      1246,
      31,
      148,
      7
    ],
    [
      4,
      4,
      344,
      0,
      11
    ],
    [
      1,
      18,
      0,
      392,
      2
    ],
    [
      0,
      3,
      1,
      2,
      24
    ]
  ],
  "classification_report": {
    "0": {
      "precision": 0.9722222222222222,
      "recall": 0.938337801608579,
      "f1-score": 0.9549795361527967,
      "support": 1119.0
    },
    "1": {
      "precision": 0.9629057187017002,
      "recall": 0.8551818805765271,
      "f1-score": 0.905852417302799,
      "support": 1457.0
    },
    "2": {
      "precision": 0.900523560209424,
      "recall": 0.9476584022038568,
      "f1-score": 0.9234899328859061,
      "support": 363.0
    },
    "3": {
      "precision": 0.6735395189003437,
      "recall": 0.9491525423728814,
      "f1-score": 0.7879396984924623,
      "support": 413.0
    },
    "4": {
      "precision": 0.5454545454545454,
      "recall": 0.8,
      "f1-score": 0.6486486486486487,
      "support": 30.0
    },
    "accuracy": 0.9036073329390893,
    "macro avg": {
      "precision": 0.8109291130976469,
      "recall": 0.8980661253523688,
      "f1-score": 0.8441820466965225,
      "support": 3382.0
    },
    "weighted avg": {
      "precision": 0.920253048149185,
      "recall": 0.9036073329390893,
      "f1-score": 0.9073194776876368,
      "support": 3382.0
    }
  },
  "target_agreement": 0.9175044352454169
}