{
  "accuracy": 0.9127735068007097,
  "precision_macro": 0.8274930109918088,
  "recall_macro": 0.9157917782762052,
  "f1_macro": 0.861763972017183,
  "confusion_matrix": [
    [
      1079,
      21,
      4,
      14,
      1
    ],
    [
      52,
      1232,
      20,
      146,
      7
    ],
    [
      0,
      4,
      352,
      0,
      7
    ],
    [
      0,
      9,
      1,
      399,
      4
    ],
    [
      0,
      2,
      0,
      3,
      25
    ]
  ],
  "classification_report": {
    "0": {
      "precision": 0.9540229885057471,
      "recall": 0.9642537980339589,
      "f1-score": 0.9591111111111111,
      "support": 1119.0
    },
    "1": {
      "precision": 0.9716088328075709,
      "recall": 0.8455730954015099,
      "f1-score": 0.9042201834862386,
      "support": 1457.0
    },
    "2": {
      "precision": 0.9336870026525199,
      "recall": 0.9696969696969697,
      "f1-score": 0.9513513513513514,
      "support": 363.0
    },
    "3": {
      "precision": 0.7099644128113879,
      "recall": 0.9661016949152542,
      "f1-score": 0.8184615384615385,
      "support": 413.0
    },
    "4": {
      "precision": 0.5681818181818182,
      "recall": 0.8333333333333334,
      "f1-score": 0.6756756756756757,
      "support": 30.0
    },
    "accuracy": 0.9127735068007097,
    "macro avg": {
      "precision": 0.8274930109918088,
      "recall": 0.9157917782762052,
      "f1-score": 0.861763972017183,
      "support": 3382.0
    },
    "weighted avg": {
      "precision": 0.9261901042394984,
      "recall": 0.9127735068007097,
      "f1-score": 0.9149407353247219,
      "support": 3382.0
    }
  },
  "target_agreement": 0.9151389710230633
}