{
  "accuracy": 0.892962743938498,
  "precision_macro": 0.7951870338364166,
  "recall_macro": 0.8731951085868722,
  "f1_macro": 0.8258125281589501,
  "confusion_matrix": [
    [
      1033,
      45,
      13,
      27,
      1
    ],
    [
      17,
      1246,
      34,
      155,
      5
    ],
    [
      3,
      6,
      340,
      1,
      13
    ],
    [
      0,
      31,
      1,
      379,
      2
    ],
    [
      0,
      8,
      0,
      0,
      22
    ]
  ],
  "classification_report": {
    "0": {
      "precision": 0.9810066476733144,
      "recall": 0.9231456657730116,
      "f1-score": 0.9511970534069981,
      "support": 1119.0
    },
    "1": {
      "precision": 0.9326347305389222,
      "recall": 0.8551818805765271,
      "f1-score": 0.8922305764411027,
      "support": 1457.0
    },
    "2": {
      "precision": 0.8762886597938144,
      "recall": 0.9366391184573003,
      "f1-score": 0.9054593874833555,
      "support": 363.0
    },
    "3": {
      "precision": 0.6743772241992882,
      "recall": 0.9176755447941889,
      "f1-score": 0.7774358974358975,
      "support": 413.0
    },
    "4": {
      "precision": 0.5116279069767442,
      "recall": 0.7333333333333333,
      "f1-score": 0.6027397260273972,
      "support": 30.0
    },
    "accuracy": 0.892962743938498,
    "macro avg": {
      "precision": 0.7951870338364166,
      "recall": 0.8731951085868722,
      "f1-score": 0.8258125281589501,
      "support": 3382.0
    },
    "weighted avg": {
      "precision": 0.9073195314755801,
      "recall": 0.892962743938498,
      "f1-score": 0.8965743429081676,
      "support": 3382.0
    }
  },
  "target_agreement": 0.9178001182732111
}