{
  "accuracy": 0.897397989355411,
  "precision_macro": 0.8108709496607975,
  "recall_macro": 0.8729692750512031,
  "f1_macro": 0.8367280749153471,
  "confusion_matrix": [
    [
      1003,
      82,
      10,
      24,
      0
    ],
    [
      8,
      1294,
      36,
      114,
      5
    ],
    [
      8,
      4,
      340,
      0,
      11
    ],
    [
      0,
      34,
      1,
      376,
      2
    ],
    [
      0,
      8,
      0,
      0,
      22
    ]
  ],
  "classification_report": {
    "0": {
      "precision": 0.9842983316977428,
      "recall": 0.8963360142984808,
      "f1-score": 0.9382600561272217,
      "support": 1119.0
    },
    "1": {
      "precision": 0.909985935302391,
      "recall": 0.8881262868908717,
      "f1-score": 0.8989232372351511,
      "support": 1457.0
    },
    "2": {
      "precision": 0.8785529715762274,
      "recall": 0.9366391184573003,
      "f1-score": 0.9066666666666666,
      "support": 363.0
    },
    "3": {
      "precision": 0.7315175097276264,
      "recall": 0.910411622276029,
      "f1-score": 0.8112189859762675,
      "support": 413.0
    },
    "4": {
      "precision": 0.55,
      "recall": 0.7333333333333333,
      "f1-score": 0.6285714285714286,
      "support": 30.0
    },
    "accuracy": 0.897397989355411,
    "macro avg": {
      "precision": 0.8108709496607975,
      "recall": 0.8729692750512031,
      "f1-score": 0.8367280749153471,
      "support": 3382.0
    },
    "weighted avg": {
      "precision": 0.9062125372871195,
      "recall": 0.897397989355411,
      "f1-score": 0.8996613670973735,
      "support": 3382.0
    }
  },
  "target_agreement": 0.9180958013010053
}