{
  "accuracy": 0.8698994677705499,
  "precision_macro": 0.7473962461670455,
  "recall_macro": 0.8338161998763466,
  "f1_macro": 0.7587460418988328,
  "confusion_matrix": [
    [
      1013,
      78,
      13,
      10,
      5
    ],
    [
      21,
      1319,
      40,
      59,
      18
    ],
    [
      14,
      7,
      326,
      0,
      16
    ],
    [
      0,
      122,
      1,
      259,
      31
    ],
    [
      0,
      4,
      0,
      1,
      25
    ]
  ],
  "classification_report": {
    "0": {
      "precision": 0.9666030534351145,
      "recall": 0.9052725647899911,
      "f1-score": 0.9349330872173511,
      "support": 1119.0
    },
    "1": {
      "precision": 0.8620915032679739,
      "recall": 0.9052848318462594,
      "f1-score": 0.8831603615667895,
      "support": 1457.0
    },
    "2": {
      "precision": 0.8578947368421053,
      "recall": 0.8980716253443526,
      "f1-score": 0.8775235531628532,
      "support": 363.0
    },
    "3": {
      "precision": 0.7872340425531915,
      "recall": 0.6271186440677966,
      "f1-score": 0.6981132075471698,
      "support": 413.0
    },
    "4": {
      "precision": 0.2631578947368421,
      "recall": 0.8333333333333334,
      "f1-score": 0.4,
      "support": 30.0
    },
    "accuracy": 0.8698994677705499,
    "macro avg": {
      "precision": 0.7473962461670455,
      "recall": 0.8338161998763466,
      "f1-score": 0.7587460418988328,
      "support": 3382.0
    },
    "weighted avg": {
      "precision": 0.881766505897572,
      "recall": 0.8698994677705499,
      "f1-score": 0.8728020626594101,
      "support": 3382.0
    }
  },
  "target_agreement": 0.8716735659373152
}