{
  "accuracy": 0.882909520993495,
  "precision_macro": 0.7856879315318056,
  "recall_macro": 0.8529766685348651,
  "f1_macro": 0.8112703480220034,
  "confusion_matrix": [
    [
      1000,
      92,
      12,
      15,
      0
    ],
    [
      9,
      1301,
      34,
      107,
      6
    ],
    [
      12,
      7,
      326,
      0,
      18
    ],
    [
      0,
      72,
      3,
      336,
      2
    ],
    [
      0,
      4,
      0,
      3,
      23
    ]
  ],
  "classification_report": {
    "0": {
      "precision": 0.9794319294809011,
      "recall": 0.8936550491510277,
      "f1-score": 0.9345794392523364,
      "support": 1119.0
    },
    "1": {
      "precision": 0.8814363143631436,
      "recall": 0.8929306794783802,
      "f1-score": 0.887146266621207,
      "support": 1457.0
    },
    "2": {
      "precision": 0.8693333333333333,
      "recall": 0.8980716253443526,
      "f1-score": 0.8834688346883469,
      "support": 363.0
    },
    "3": {
      "precision": 0.7288503253796096,
      "recall": 0.8135593220338984,
      "f1-score": 0.7688787185354691,
      "support": 413.0
    },
    "4": {
      "precision": 0.46938775510204084,
      "recall": 0.7666666666666667,
      "f1-score": 0.5822784810126582,
      "support": 30.0
    },
    "accuracy": 0.882909520993495,
    "macro avg": {
      "precision": 0.7856879315318056,
      "recall": 0.8529766685348651,
      "f1-score": 0.8112703480220034,
      "support": 3382.0
    },
    "weighted avg": {
      "precision": 0.8902725772179387,
      "recall": 0.882909520993495,
      "f1-score": 0.8852989222849974,
      "support": 3382.0
    }
  },
  "target_agreement": 0.898876404494382
}