{
  "accuracy": 0.9275576581904199,
  "precision_macro": 0.8634686947491124,
  "recall_macro": 0.910389973122878,
  "f1_macro": 0.8846619838210126,
  "confusion_matrix": [
    [
      1053,
      44,
      7,
      15,
      0
    ],
    [
      21,
      1323,
      23,
      85,
      5
    ],
    [
      0,
      4,
      355,
      0,
      4
    ],
    [
      0,
      28,
      1,
      382,
      2
    ],
    [
      0,
      4,
      1,
      1,
      24
    ]
  ],
  "classification_report": {
    "0": {
      "precision": 0.9804469273743017,
      "recall": 0.9410187667560321,
      "f1-score": 0.960328317373461,
      "support": 1119.0
    },
    "1": {
      "precision": 0.9429793300071276,
      "recall": 0.9080301990391215,
      "f1-score": 0.9251748251748252,
      "support": 1457.0
    },
    "2": {
      "precision": 0.917312661498708,
      "recall": 0.977961432506887,
      "f1-score": 0.9466666666666667,
      "support": 363.0
    },
    "3": {
      "precision": 0.7908902691511387,
      "recall": 0.9249394673123487,
      "f1-score": 0.8526785714285714,
      "support": 413.0
    },
    "4": {
      "precision": 0.6857142857142857,
      "recall": 0.8,
      "f1-score": 0.7384615384615385,
      "support": 30.0
    },
    "accuracy": 0.9275576581904199,
    "macro avg": {
      "precision": 0.8634686947491124,
      "recall": 0.910389973122878,
      "f1-score": 0.8846619838210126,
      "support": 3382.0
    },
    "weighted avg": {
      "precision": 0.9317665882339172,
      "recall": 0.9275576581904199,
      "f1-score": 0.9286035492532435,
      "support": 3382.0
    }
  },
  "target_agreement": 0.9529863985807214
}