{
  "accuracy": 0.9210526315789473,
  "precision_macro": 0.7946257697541019,
  "recall_macro": 0.9199286202385398,
  "f1_macro": 0.8322642111920221,
  "confusion_matrix": [
    [
      1067,
      19,
      1,
      19,
      13
    ],
    [
      19,
      1286,
      28,
      107,
      17
    ],
    [
      3,
      3,
      344,
      1,
      12
    ],
    [
      0,
      14,
      0,
      392,
      7
    ],
    [
      0,
      3,
      0,
      1,
      26
    ]
  ],
  "classification_report": {
    "0": {
      "precision": 0.9797979797979798,
      "recall": 0.9535299374441466,
      "f1-score": 0.9664855072463768,
      "support": 1119.0
    },
    "1": {
      "precision": 0.970566037735849,
      "recall": 0.8826355525051476,
      "f1-score": 0.9245147375988497,
      "support": 1457.0
    },
    "2": {
      "precision": 0.9222520107238605,
      "recall": 0.9476584022038568,
      "f1-score": 0.9347826086956522,
      "support": 363.0
    },
    "3": {
      "precision": 0.7538461538461538,
      "recall": 0.9491525423728814,
      "f1-score": 0.8403001071811361,
      "support": 413.0
    },
    "4": {
      "precision": 0.3466666666666667,
      "recall": 0.8666666666666667,
      "f1-score": 0.49523809523809526,
      "support": 30.0
    },
    "accuracy": 0.9210526315789473,
    "macro avg": {
      "precision": 0.7946257697541019,
      "recall": 0.9199286202385398,
      "f1-score": 0.8322642111920221,
      "support": 3382.0
    },
    "weighted avg": {
      "precision": 0.9364354221780881,
      "recall": 0.9210526315789473,
      "f1-score": 0.9254117177320207,
      "support": 3382.0
    }
  },
  "target_agreement": 0.9222353636901242
}