{
  "accuracy": 0.9112950916617386,
  "precision_macro": 0.8397224077443706,
  "recall_macro": 0.8914843788907877,
  "f1_macro": 0.8619661086101905,
  "confusion_matrix": [
    [
      1042,
      46,
      2,
      29,
      0
    ],
    [
      24,
      1324,
      28,
      77,
      4
    ],
    [
      17,
      4,
      333,
      0,
      9
    ],
    [
      0,
      53,
      0,
      358,
      2
    ],
    [
      0,
      3,
      0,
      2,
      25
    ]
  ],
  "classification_report": {
    "0": {
      "precision": 0.9621421975992613,
      "recall": 0.9311885612153709,
      "f1-score": 0.9464123524069028,
      "support": 1119.0
    },
    "1": {
      "precision": 0.9258741258741259,
      "recall": 0.908716540837337,
      "f1-score": 0.917215102182196,
      "support": 1457.0
    },
    "2": {
      "precision": 0.9173553719008265,
      "recall": 0.9173553719008265,
      "f1-score": 0.9173553719008265,
      "support": 363.0
    },
    "3": {
      "precision": 0.7682403433476395,
      "recall": 0.8668280871670703,
      "f1-score": 0.8145620022753128,
      "support": 413.0
    },
    "4": {
      "precision": 0.625,
      "recall": 0.8333333333333334,
      "f1-score": 0.7142857142857143,
      "support": 30.0
    },
    "accuracy": 0.9112950916617386,
    "macro avg": {
      "precision": 0.8397224077443706,
      "recall": 0.8914843788907877,
      "f1-score": 0.8619661086101905,
      "support": 3382.0
    },
    "weighted avg": {
      "precision": 0.9150410947116351,
      "recall": 0.9112950916617386,
      "f1-score": 0.9125548505591542,
      "support": 3382.0
    }
  },
  "target_agreement": 0.9275576581904199
}