{
  "accuracy": 0.8820224719101124,
  "precision_macro": 0.7524978300827054,
  "recall_macro": 0.8877500449548563,
  "f1_macro": 0.7771498521007951,
  "confusion_matrix": [
    [
      1030,
      66,
      8,
      8,
      7
    ],
    [
      20,
      1261,
      28,
      97,
      51
    ],
    [
      9,
      2,
      335,
      0,
      17
    ],
    [
      0,
      64,
      1,
      329,
      19
    ],
    [
      0,
      0,
      0,
      2,
      28
    ]
  ],
  "classification_report": {
    "0": {
      "precision": 0.9726156751652503,
      "recall": 0.9204647006255585,
      "f1-score": 0.945821854912764,
      "support": 1119.0
    },
    "1": {
      "precision": 0.905240488155061,
      "recall": 0.8654770075497598,
      "f1-score": 0.8849122807017544,
      "support": 1457.0
    },
    "2": {
      "precision": 0.9005376344086021,
      "recall": 0.9228650137741047,
      "f1-score": 0.9115646258503401,
      "support": 363.0
    },
    "3": {
      "precision": 0.7545871559633027,
      "recall": 0.7966101694915254,
      "f1-score": 0.7750294464075382,
      "support": 413.0
    },
    "4": {
      "precision": 0.22950819672131148,
      "recall": 0.9333333333333333,
      "f1-score": 0.3684210526315789,
      "support": 30.0
    },
    "accuracy": 0.8820224719101124,
    "macro avg": {
      "precision": 0.7524978300827054,
      "recall": 0.8877500449548563,
      "f1-score": 0.7771498521007951,
      "support": 3382.0
    },
    "weighted avg": {
      "precision": 0.9026366748541232,
      "recall": 0.8820224719101124,
      "f1-score": 0.8899259611941968,
      "support": 3382.0
    }
  },
  "target_agreement": 0.8832052040212892
}