{
  "accuracy": 0.9071555292726198,
  "precision_macro": 0.830068404953406,
  "recall_macro": 0.8791307727502072,
  "f1_macro": 0.8514002875236022,
  "confusion_matrix": [
    [
      1057,
      39,
      4,
      19,
      0
    ],
    [
      26,
      1310,
      28,
      90,
      3
    ],
    [
      8,
      5,
      338,
      0,
      12
    ],
    [
      0,
      72,
      1,
      339,
      1
    ],
    [
      0,
      5,
      0,
      1,
      24
    ]
  ],
  "classification_report": {
    "0": {
      "precision": 0.9688359303391384,
      "recall": 0.9445933869526363,
      "f1-score": 0.9565610859728507,
      "support": 1119.0
    },
    "1": {
      "precision": 0.9154437456324249,
      "recall": 0.8991077556623198,
      "f1-score": 0.907202216066482,
      "support": 1457.0
    },
    "2": {
      "precision": 0.9110512129380054,
      "recall": 0.931129476584022,
      "f1-score": 0.9209809264305178,
      "support": 363.0
    },
    "3": {
      "precision": 0.755011135857461,
      "recall": 0.8208232445520581,
      "f1-score": 0.7865429234338747,
      "support": 413.0
    },
    "4": {
      "precision": 0.6,
      "recall": 0.8,
      "f1-score": 0.6857142857142857,
      "support": 30.0
    },
    "accuracy": 0.9071555292726198,
    "macro avg": {
      "precision": 0.830068404953406,
      "recall": 0.8791307727502072,
      "f1-score": 0.8514002875236022,
      "support": 3382.0
    },
    "weighted avg": {
      "precision": 0.9102484130223437,
      "recall": 0.9071555292726198,
      "f1-score": 0.9083131922697756,
      "support": 3382.0
    }
  },
  "target_agreement": 0.9228267297457126
}