{
  "accuracy": 0.918982850384388,
  "precision_macro": 0.8659814385480409,
  "recall_macro": 0.9116632440595941,
  "f1_macro": 0.8859310881921513,
  "confusion_matrix": [
    [
      1057,
      42,
      5,
      15,
      0
    ],
    [
      29,
      1292,
      20,
      113,
      3
    ],
    [
      2,
      7,
      349,
      1,
      4
    ],
    [
      0,
      26,
      0,
      385,
      2
    ],
    [
      0,
      4,
      0,
      1,
      25
    ]
  ],
  "classification_report": {
    "0": {
      "precision": 0.9715073529411765,
      "recall": 0.9445933869526363,
      "f1-score": 0.957861350249207,
      "support": 1119.0
    },
    "1": {
      "precision": 0.9423778264040846,
      "recall": 0.8867536032944406,
      "f1-score": 0.9137199434229137,
      "support": 1457.0
    },
    "2": {
      "precision": 0.9331550802139037,
      "recall": 0.9614325068870524,
      "f1-score": 0.9470827679782904,
      "support": 363.0
    },
    "3": {
      "precision": 0.7475728155339806,
      "recall": 0.9322033898305084,
      "f1-score": 0.8297413793103449,
      "support": 413.0
    },
    "4": {
      "precision": 0.7352941176470589,
      "recall": 0.8333333333333334,
      "f1-score": 0.78125,
      "support": 30.0
    },
    "accuracy": 0.918982850384388,
    "macro avg": {
      "precision": 0.8659814385480409,
      "recall": 0.9116632440595941,
      "f1-score": 0.8859310881921513,
      "support": 3382.0
    },
    "weighted avg": {
      "precision": 0.9254000329611237,
      "recall": 0.918982850384388,
      "f1-score": 0.9204756188430928,
      "support": 3382.0
    }
  },
  "target_agreement": 0.9450029568302779
}