{
  "accuracy": 0.9080425783560023,
  "precision_macro": 0.8273425348368226,
  "recall_macro": 0.8807868966155479,
  "f1_macro": 0.8478507915726915,
  "confusion_matrix": [
    [
      1057,
      54,
      1,
      7,
      0
    ],
    [
      25,
      1328,
      27,
      72,
      5
    ],
    [
      6,
      5,
      342,
      0,
      10
    ],
    [
      0,
      88,
      0,
      319,
      6
    ],
    [
      0,
      4,
      0,
      1,
      25
    ]
  ],
  "classification_report": {
    "0": {
      "precision": 0.9715073529411765,
      "recall": 0.9445933869526363,
      "f1-score": 0.957861350249207,
      "support": 1119.0
    },
    "1": {
      "precision": 0.8979039891818796,
      "recall": 0.911461908030199,
      "f1-score": 0.9046321525885559,
      "support": 1457.0
    },
    "2": {
      "precision": 0.9243243243243243,
      "recall": 0.9421487603305785,
      "f1-score": 0.9331514324693042,
      "support": 363.0
    },
    "3": {
      "precision": 0.7994987468671679,
      "recall": 0.7723970944309927,
      "f1-score": 0.7857142857142857,
      "support": 413.0
    },
    "4": {
      "precision": 0.5434782608695652,
      "recall": 0.8333333333333334,
      "f1-score": 0.6578947368421053,
      "support": 30.0
    },
    "accuracy": 0.9080425783560023,
    "macro avg": {
      "precision": 0.8273425348368226,
      "recall": 0.8807868966155479,
      "f1-score": 0.8478507915726915,
      "support": 3382.0
    },
    "weighted avg": {
      "precision": 0.9099319633918191,
      "recall": 0.9080425783560023,
      "f1-score": 0.9085945326262594,
      "support": 3382.0
    }
  },
  "target_agreement": 0.9086339444115907
}