{
  "accuracy": 0.8941454760496748,
  "precision_macro": 0.8049960422704343,
  "recall_macro": 0.8749964947162872,
  "f1_macro": 0.8324823814622055,
  "confusion_matrix": [
    [
      1029,
      58,
      9,
      23,
      0
    ],
    [
      17,
      1266,
      25,
      144,
      5
    ],
    [
      13,
      4,
      331,
      1,
      14
    ],
    [
      0,
      37,
      0,
      375,
      1
    ],
    [
      0,
      4,
      0,
      3,
      23
    ]
  ],
  "classification_report": {
    "0": {
      "precision": 0.9716713881019831,
      "recall": 0.9195710455764075,
      "f1-score": 0.9449035812672176,
      "support": 1119.0
    },
    "1": {
      "precision": 0.9247626004382761,
      "recall": 0.8689087165408373,
      "f1-score": 0.8959660297239915,
      "support": 1457.0
    },
    "2": {
      "precision": 0.9068493150684932,
      "recall": 0.9118457300275482,
      "f1-score": 0.9093406593406593,
      "support": 363.0
    },
    "3": {
      "precision": 0.6868131868131868,
      "recall": 0.9079903147699758,
      "f1-score": 0.7820646506777894,
      "support": 413.0
    },
    "4": {
      "precision": 0.5348837209302325,
      "recall": 0.7666666666666667,
      "f1-score": 0.6301369863013698,
      "support": 30.0
    },
    "accuracy": 0.8941454760496748,
    "macro avg": {
      "precision": 0.8049960422704343,
      "recall": 0.8749964947162872,
      "f1-score": 0.8324823814622055,
      "support": 3382.0
    },
    "weighted avg": {
      "precision": 0.9058444858889129,
      "recall": 0.8941454760496748,
      "f1-score": 0.8973261627455646,
      "support": 3382.0
    }
  },
  "target_agreement": 0.9092253104671791
}