{
  "accuracy": 0.9198698994677705,
  "precision_macro": 0.8513113492264734,
  "recall_macro": 0.8924986145424013,
  "f1_macro": 0.8696407182042499,
  "confusion_matrix": [
    [
      1056,
      53,
      1,
      9,
      0
    ],
    [
      20,
      1300,
      21,
      110,
      6
    ],
    [
      0,
      4,
      355,
      0,
      4
    ],
    [
      2,
      30,
      1,
      378,
      2
    ],
    [
      0,
      6,
      0,
      2,
      22
    ]
  ],
  "classification_report": {
    "0": {
      "precision": 0.9795918367346939,
      "recall": 0.9436997319034852,
      "f1-score": 0.9613108784706418,
      "support": 1119.0
    },
    "1": {
      "precision": 0.9332376166547021,
      "recall": 0.8922443376801648,
      "f1-score": 0.9122807017543859,
      "support": 1457.0
    },
    "2": {
      "precision": 0.9391534391534392,
      "recall": 0.977961432506887,
      "f1-score": 0.9581646423751687,
      "support": 363.0
    },
    "3": {
      "precision": 0.7575150300601202,
      "recall": 0.9152542372881356,
      "f1-score": 0.8289473684210527,
      "support": 413.0
    },
    "4": {
      "precision": 0.6470588235294118,
      "recall": 0.7333333333333333,
      "f1-score": 0.6875,
      "support": 30.0
    },
    "accuracy": 0.9198698994677705,
    "macro avg": {
      "precision": 0.8513113492264734,
      "recall": 0.8924986145424013,
      "f1-score": 0.8696407182042499,
      "support": 3382.0
    },
    "weighted avg": {
      "precision": 0.9252124906284547,
      "recall": 0.9198698994677705,
      "f1-score": 0.9212578012433086,
      "support": 3382.0
    }
  },
  "target_agreement": 0.9444115907746895
}