{
  "accuracy": 0.9050857480780603,
  "precision_macro": 0.8498709486029659,
  "recall_macro": 0.8922695780195002,
  "f1_macro": 0.8642823369267549,
  "confusion_matrix": [
    [
      1085,
      18,
      1,
      15,
      0
    ],
    [
      58,
      1204,
      15,
      177,
      3
    ],
    [
      2,
      6,
      348,
      3,
      4
    ],
    [
      0,
      9,
      0,
      402,
      2
    ],
    [
      1,
      3,
      2,
      2,
      22
    ]
  ],
  "classification_report": {
    "0": {
      "precision": 0.9467713787085514,
      "recall": 0.9696157283288651,
      "f1-score": 0.9580573951434879,
      "support": 1119.0
    },
    "1": {
      "precision": 0.9709677419354839,
      "recall": 0.8263555250514756,
      "f1-score": 0.89284390063033,
      "support": 1457.0
    },
    "2": {
      "precision": 0.9508196721311475,
      "recall": 0.9586776859504132,
      "f1-score": 0.9547325102880658,
      "support": 363.0
    },
    "3": {
      "precision": 0.671118530884808,
      "recall": 0.9733656174334141,
      "f1-score": 0.7944664031620553,
      "support": 413.0
    },
    "4": {
      "precision": 0.7096774193548387,
      "recall": 0.7333333333333333,
      "f1-score": 0.7213114754098361,
      "support": 30.0
    },
    "accuracy": 0.9050857480780603,
    "macro avg": {
      "precision": 0.8498709486029659,
      "recall": 0.8922695780195002,
      "f1-score": 0.8642823369267549,
      "support": 3382.0
    },
    "weighted avg": {
      "precision": 0.9218648697795822,
      "recall": 0.9050857480780603,
      "f1-score": 0.9075285802444548,
      "support": 3382.0
    }
  },
  "target_agreement": 0.9095209934949734
}