{
  "accuracy": 0.9328799526907156,
  "precision_macro": 0.8230567004690957,
  "recall_macro": 0.90482536841028,
  "f1_macro": 0.8535913265321753,
  "confusion_matrix": [
    [
      1073,
      32,
      1,
      12,
      1
    ],
    [
      22,
      1327,
      19,
      78,
      11
    ],
    [
      2,
      4,
      346,
      0,
      11
    ],
    [
      0,
      18,
      2,
      386,
      7
    ],
    [
      0,
      3,
      0,
      4,
      23
    ]
  ],
  "classification_report": {
    "0": {
      "precision": 0.9781221513217867,
      "recall": 0.9588918677390528,
      "f1-score": 0.9684115523465704,
      "support": 1119.0
    },
    "1": {
      "precision": 0.9588150289017341,
      "recall": 0.9107755662319835,
      "f1-score": 0.9341781063005984,
      "support": 1457.0
    },
    "2": {
      "precision": 0.9402173913043478,
      "recall": 0.953168044077135,
      "f1-score": 0.9466484268125855,
      "support": 363.0
    },
    "3": {
      "precision": 0.8041666666666667,
      "recall": 0.9346246973365617,
      "f1-score": 0.864501679731243,
      "support": 413.0
    },
    "4": {
      "precision": 0.4339622641509434,
      "recall": 0.7666666666666667,
      "f1-score": 0.5542168674698795,
      "support": 30.0
    },
    "accuracy": 0.9328799526907156,
    "macro avg": {
      "precision": 0.8230567004690957,
      "recall": 0.90482536841028,
      "f1-score": 0.8535913265321753,
      "support": 3382.0
    },
    "weighted avg": {
      "precision": 0.9396661143525269,
      "recall": 0.9328799526907156,
      "f1-score": 0.9349642538858226,
      "support": 3382.0
    }
  },
  "target_agreement": 0.934949733885275
}