{
  "accuracy": 0.9207569485511532,
  "precision_macro": 0.8608387220975627,
  "recall_macro": 0.9070426408885943,
  "f1_macro": 0.8811841693921336,
  "confusion_matrix": [
    [
      1060,
      37,
      6,
      16,
      0
    ],
    [
      30,
      1294,
      20,
      109,
      4
    ],
    [
      0,
      6,
      353,
      0,
      4
    ],
    [
      0,
      27,
      1,
      383,
      2
    ],
    [
      0,
      4,
      0,
      2,
      24
    ]
  ],
  "classification_report": {
    "0": {
      "precision": 0.9724770642201835,
      "recall": 0.9472743521000894,
      "f1-score": 0.9597102761430512,
      "support": 1119.0
    },
    "1": {
      "precision": 0.945906432748538,
      "recall": 0.8881262868908717,
      "f1-score": 0.9161061946902654,
      "support": 1457.0
    },
    "2": {
      "precision": 0.9289473684210526,
      "recall": 0.9724517906336089,
      "f1-score": 0.9502018842530283,
      "support": 363.0
    },
    "3": {
      "precision": 0.7509803921568627,
      "recall": 0.927360774818402,
      "f1-score": 0.8299024918743229,
      "support": 413.0
    },
    "4": {
      "precision": 0.7058823529411765,
      "recall": 0.8,
      "f1-score": 0.75,
      "support": 30.0
    },
    "accuracy": 0.9207569485511532,
    "macro avg": {
      "precision": 0.8608387220975627,
      "recall": 0.9070426408885943,
      "f1-score": 0.8811841693921336,
      "support": 3382.0
    },
    "weighted avg": {
      "precision": 0.9269446406454366,
      "recall": 0.9207569485511532,
      "f1-score": 0.9221926486681654,
      "support": 3382.0
    }
  },
  "target_agreement": 0.9467770549970431
}