{
  "accuracy": 0.8734476641040805,
  "precision_macro": 0.7461448832046621,
  "recall_macro": 0.8821786440638133,
  "f1_macro": 0.7839659698238572,
  "confusion_matrix": [
    [
      1007,
      67,
      12,
      25,
      8
    ],
    [
      9,
      1203,
      42,
      185,
      18
    ],
    [
      13,
      2,
      333,
      1,
      14
    ],
    [
      0,
      12,
      0,
      386,
      15
    ],
    [
      0,
      3,
      0,
      2,
      25
    ]
  ],
  "classification_report": {
    "0": {
      "precision": 0.9786200194363459,
      "recall": 0.8999106344950849,
      "f1-score": 0.9376163873370578,
      "support": 1119.0
    },
    "1": {
      "precision": 0.9347319347319347,
      "recall": 0.8256691832532601,
      "f1-score": 0.8768221574344023,
      "support": 1457.0
    },
    "2": {
      "precision": 0.8604651162790697,
      "recall": 0.9173553719008265,
      "f1-score": 0.888,
      "support": 363.0
    },
    "3": {
      "precision": 0.6444073455759599,
      "recall": 0.9346246973365617,
      "f1-score": 0.7628458498023716,
      "support": 413.0
    },
    "4": {
      "precision": 0.3125,
      "recall": 0.8333333333333334,
      "f1-score": 0.45454545454545453,
      "support": 30.0
    },
    "accuracy": 0.8734476641040805,
    "macro avg": {
      "precision": 0.7461448832046621,
      "recall": 0.8821786440638133,
      "f1-score": 0.7839659698238572,
      "support": 3382.0
    },
    "weighted avg": {
      "precision": 0.9003087822548415,
      "recall": 0.8734476641040805,
      "f1-score": 0.8804725962202351,
      "support": 3382.0
    }
  },
  "target_agreement": 0.8755174452986398
}