{
  "accuracy": 0.9077468953282082,
  "precision_macro": 0.8360932087694808,
  "recall_macro": 0.90195995651444,
  "f1_macro": 0.8639157464800318,
  "confusion_matrix": [
    [
      1048,
      37,
      8,
      26,
      0
    ],
    [
      30,
      1258,
      40,
      125,
      4
    ],
    [
      0,
      3,
      354,
      0,
      6
    ],
    [
      1,
      22,
      2,
      386,
      2
    ],
    [
      0,
      4,
      0,
      2,
      24
    ]
  ],
  "classification_report": {
    "0": {
      "precision": 0.9712696941612604,
      "recall": 0.936550491510277,
      "f1-score": 0.9535941765241128,
      "support": 1119.0
    },
    "1": {
      "precision": 0.9501510574018127,
      "recall": 0.8634179821551132,
      "f1-score": 0.9047105357784969,
      "support": 1457.0
    },
    "2": {
      "precision": 0.8762376237623762,
      "recall": 0.9752066115702479,
      "f1-score": 0.9230769230769231,
      "support": 363.0
    },
    "3": {
      "precision": 0.7161410018552876,
      "recall": 0.9346246973365617,
      "f1-score": 0.8109243697478992,
      "support": 413.0
    },
    "4": {
      "precision": 0.6666666666666666,
      "recall": 0.8,
      "f1-score": 0.7272727272727273,
      "support": 30.0
    },
    "accuracy": 0.9077468953282082,
    "macro avg": {
      "precision": 0.8360932087694808,
      "recall": 0.90195995651444,
      "f1-score": 0.8639157464800318,
      "support": 3382.0
    },
    "weighted avg": {
      "precision": 0.918113947248039,
      "recall": 0.9077468953282082,
      "f1-score": 0.9098290963219218,
      "support": 3382.0
    }
  },
  "target_agreement": 0.9272619751626257
}