{
  "accuracy": 0.898876404494382,
  "precision_macro": 0.797536067410088,
  "recall_macro": 0.8964874644176968,
  "f1_macro": 0.8330547900713317,
  "confusion_matrix": [
    [
      994,
      85,
      7,
      30,
      3
    ],
    [
      7,
      1294,
      32,
      110,
      14
    ],
    [
      12,
      3,
      337,
      2,
      9
    ],
    [
      0,
      18,
      2,
      390,
      3
    ],
    [
      0,
      2,
      0,
      3,
      25
    ]
  ],
  "classification_report": {
    "0": {
      "precision": 0.981243830207305,
      "recall": 0.8882931188561215,
      "f1-score": 0.9324577861163227,
      "support": 1119.0
    },
    "1": {
      "precision": 0.9229671897289586,
      "recall": 0.8881262868908717,
      "f1-score": 0.9052116124519063,
      "support": 1457.0
    },
    "2": {
      "precision": 0.8915343915343915,
      "recall": 0.928374655647383,
      "f1-score": 0.9095816464237517,
      "support": 363.0
    },
    "3": {
      "precision": 0.7289719626168224,
      "recall": 0.9443099273607748,
      "f1-score": 0.8227848101265823,
      "support": 413.0
    },
    "4": {
      "precision": 0.46296296296296297,
      "recall": 0.8333333333333334,
      "f1-score": 0.5952380952380952,
      "support": 30.0
    },
    "accuracy": 0.898876404494382,
    "macro avg": {
      "precision": 0.797536067410088,
      "recall": 0.8964874644176968,
      "f1-score": 0.8330547900713317,
      "support": 3382.0
    },
    "weighted avg": {
      "precision": 0.9111047708497005,
      "recall": 0.898876404494382,
      "f1-score": 0.9018802451501584,
      "support": 3382.0
    }
  },
  "target_agreement": 0.8994677705499704
}