{
  "accuracy": 0.9192785334121821,
  "precision_macro": 0.8588697247816691,
  "recall_macro": 0.8982640601946636,
  "f1_macro": 0.8759250872670694,
  "confusion_matrix": [
    [
      1059,
      44,
      1,
      15,
      0
    ],
    [
      21,
      1295,
      21,
      117,
      3
    ],
    [
      0,
      6,
      351,
      1,
      5
    ],
    [
      1,
      29,
      0,
      381,
      2
    ],
    [
      0,
      4,
      0,
      3,
      23
    ]
  ],
  "classification_report": {
    "0": {
      "precision": 0.9796484736355227,
      "recall": 0.9463806970509383,
      "f1-score": 0.9627272727272728,
      "support": 1119.0
    },
    "1": {
      "precision": 0.9397677793904209,
      "recall": 0.8888126286890872,
      "f1-score": 0.9135802469135802,
      "support": 1457.0
    },
    "2": {
      "precision": 0.9410187667560321,
      "recall": 0.9669421487603306,
      "f1-score": 0.9538043478260869,
      "support": 363.0
    },
    "3": {
      "precision": 0.7369439071566731,
      "recall": 0.9225181598062954,
      "f1-score": 0.8193548387096774,
      "support": 413.0
    },
    "4": {
      "precision": 0.696969696969697,
      "recall": 0.7666666666666667,
      "f1-score": 0.7301587301587301,
      "support": 30.0
    },
    "accuracy": 0.9192785334121821,
    "macro avg": {
      "precision": 0.8588697247816691,
      "recall": 0.8982640601946636,
      "f1-score": 0.8759250872670694,
      "support": 3382.0
    },
    "weighted avg": {
      "precision": 0.9261753499311738,
      "recall": 0.9192785334121821,
      "f1-score": 0.9210252887308199,
      "support": 3382.0
    }
  },
  "target_agreement": 0.9438202247191011
}