{
  "accuracy": 0.9015375517445299,
  "precision_macro": 0.8069240831665102,
  "recall_macro": 0.8945144642583502,
  "f1_macro": 0.8405314671499392,
  "confusion_matrix": [
    [
      1037,
      47,
      8,
      26,
      1
    ],
    [
      19,
      1274,
      30,
      126,
      8
    ],
    [
      10,
      5,
      335,
      1,
      12
    ],
    [
      0,
      32,
      1,
      378,
      2
    ],
    [
      0,
      3,
      0,
      2,
      25
    ]
  ],
  "classification_report": {
    "0": {
      "precision": 0.9727954971857411,
      "recall": 0.9267202859696158,
      "f1-score": 0.9491990846681923,
      "support": 1119.0
    },
    "1": {
      "precision": 0.9360764144011756,
      "recall": 0.8743994509265615,
      "f1-score": 0.9041873669268985,
      "support": 1457.0
    },
    "2": {
      "precision": 0.8957219251336899,
      "recall": 0.9228650137741047,
      "f1-score": 0.9090909090909091,
      "support": 363.0
    },
    "3": {
      "precision": 0.7091932457786116,
      "recall": 0.9152542372881356,
      "f1-score": 0.7991543340380549,
      "support": 413.0
    },
    "4": {
      "precision": 0.5208333333333334,
      "recall": 0.8333333333333334,
      "f1-score": 0.6410256410256411,
      "support": 30.0
    },
    "accuracy": 0.9015375517445299,
    "macro avg": {
      "precision": 0.8069240831665102,
      "recall": 0.8945144642583502,
      "f1-score": 0.8405314671499392,
      "support": 3382.0
    },
    "weighted avg": {
      "precision": 0.9125045436024403,
      "recall": 0.9015375517445299,
      "f1-score": 0.9044459723668493,
      "support": 3382.0
    }
  },
  "target_agreement": 0.9186871673565937
}