{
  "accuracy": 0.9036073329390893,
  "precision_macro": 0.7933512268028177,
  "recall_macro": 0.9045346532175685,
  "f1_macro": 0.8302485316856825,
  "confusion_matrix": [
    [
      1033,
      52,
      8,
      26,
      0
    ],
    [
      22,
      1277,
      21,
      125,
      12
    ],
    [
      1,
      4,
      339,
      2,
      17
    ],
    [
      0,
      24,
      1,
      381,
      7
    ],
    [
      0,
      2,
      0,
      2,
      26
    ]
  ],
  "classification_report": {
    "0": {
      "precision": 0.978219696969697,
      "recall": 0.9231456657730116,
      "f1-score": 0.9498850574712644,
      "support": 1119.0
    },
    "1": {
      "precision": 0.9396615158204562,
      "recall": 0.876458476321208,
      "f1-score": 0.9069602272727273,
      "support": 1457.0
    },
    "2": {
      "precision": 0.9186991869918699,
      "recall": 0.9338842975206612,
      "f1-score": 0.9262295081967213,
      "support": 363.0
    },
    "3": {
      "precision": 0.710820895522388,
      "recall": 0.9225181598062954,
      "f1-score": 0.8029504741833509,
      "support": 413.0
    },
    "4": {
      "precision": 0.41935483870967744,
      "recall": 0.8666666666666667,
      "f1-score": 0.5652173913043478,
      "support": 30.0
    },
    "accuracy": 0.9036073329390893,
    "macro avg": {
      "precision": 0.7933512268028177,
      "recall": 0.9045346532175685,
      "f1-score": 0.8302485316856825,
      "support": 3382.0
    },
    "weighted avg": {
      "precision": 0.9176085598313367,
      "recall": 0.9036073329390893,
      "f1-score": 0.9074981695739127,
      "support": 3382.0
    }
  },
  "target_agreement": 0.9053814311058546
}