{
  "accuracy": 0.923418095801301,
  "precision_macro": 0.8513516132255855,
  "recall_macro": 0.9036161934695057,
  "f1_macro": 0.8736381035792308,
  "confusion_matrix": [
    [
      1064,
      50,
      1,
      4,
      0
    ],
    [
      17,
      1329,
      20,
      85,
      6
    ],
    [
      2,
      8,
      344,
      0,
      9
    ],
    [
      0,
      51,
      0,
      361,
      1
    ],
    [
      0,
      4,
      0,
      1,
      25
    ]
  ],
  "classification_report": {
    "0": {
      "precision": 0.9824561403508771,
      "recall": 0.9508489722966935,
      "f1-score": 0.9663941871026339,
      "support": 1119.0
    },
    "1": {
      "precision": 0.9216366158113731,
      "recall": 0.9121482498284146,
      "f1-score": 0.916867885477751,
      "support": 1457.0
    },
    "2": {
      "precision": 0.9424657534246575,
      "recall": 0.9476584022038568,
      "f1-score": 0.945054945054945,
      "support": 363.0
    },
    "3": {
      "precision": 0.8004434589800443,
      "recall": 0.87409200968523,
      "f1-score": 0.8356481481481481,
      "support": 413.0
    },
    "4": {
      "precision": 0.6097560975609756,
      "recall": 0.8333333333333334,
      "f1-score": 0.704225352112676,
      "support": 30.0
    },
    "accuracy": 0.923418095801301,
    "macro avg": {
      "precision": 0.8513516132255855,
      "recall": 0.9036161934695057,
      "f1-score": 0.8736381035792308,
      "support": 3382.0
    },
    "weighted avg": {
      "precision": 0.9264292933969666,
      "recall": 0.923418095801301,
      "f1-score": 0.9244754569226615,
      "support": 3382.0
    }
  },
  "target_agreement": 0.946481371969249
}