{
  "accuracy": 0.9228267297457126,
  "precision_macro": 0.8626313565174193,
  "recall_macro": 0.9122445762869651,
  "f1_macro": 0.884780928225845,
  "confusion_matrix": [
    [
      1065,
      41,
      1,
      12,
      0
    ],
    [
      31,
      1302,
      22,
      98,
      4
    ],
    [
      0,
      5,
      352,
      1,
      5
    ],
    [
      1,
      32,
      1,
      377,
      2
    ],
    [
      0,
      4,
      0,
      1,
      25
    ]
  ],
  "classification_report": {
    "0": {
      "precision": 0.9708295350957156,
      "recall": 0.9517426273458445,
      "f1-score": 0.9611913357400722,
      "support": 1119.0
    },
    "1": {
      "precision": 0.9407514450867052,
      "recall": 0.8936170212765957,
      "f1-score": 0.9165786694825766,
      "support": 1457.0
    },
    "2": {
      "precision": 0.9361702127659575,
      "recall": 0.9696969696969697,
      "f1-score": 0.952638700947226,
      "support": 363.0
    },
    "3": {
      "precision": 0.7709611451942741,
      "recall": 0.9128329297820823,
      "f1-score": 0.835920177383592,
      "support": 413.0
    },
    "4": {
      "precision": 0.6944444444444444,
      "recall": 0.8333333333333334,
      "f1-score": 0.7575757575757576,
      "support": 30.0
    },
    "accuracy": 0.9228267297457126,
    "macro avg": {
      "precision": 0.8626313565174193,
      "recall": 0.9122445762869651,
      "f1-score": 0.884780928225845,
      "support": 3382.0
    },
    "weighted avg": {
      "precision": 0.9272924833814449,
      "recall": 0.9228267297457126,
      "f1-score": 0.923949846410347,
      "support": 3382.0
    }
  },
  "target_agreement": 0.9488468361916026
}