{
  "accuracy": 0.872856298048492,
  "precision_macro": 0.7559842633329903,
  "recall_macro": 0.8836796050283656,
  "f1_macro": 0.7948085498360679,
  "confusion_matrix": [
    [
      998,
      76,
      12,
      29,
      4
    ],
    [
      17,
      1204,
      38,
      181,
      17
    ],
    [
      13,
      4,
      334,
      3,
      9
    ],
    [
      0,
      8,
      1,
      391,
      13
    ],
    [
      0,
      0,
      0,
      5,
      25
    ]
  ],
  "classification_report": {
    "0": {
      "precision": 0.9708171206225681,
      "recall": 0.8918677390527256,
      "f1-score": 0.9296693060083838,
      "support": 1119.0
    },
    "1": {
      "precision": 0.9318885448916409,
      "recall": 0.8263555250514756,
      "f1-score": 0.8759548926882502,
      "support": 1457.0
    },
    "2": {
      "precision": 0.8675324675324675,
      "recall": 0.9201101928374655,
      "f1-score": 0.893048128342246,
      "support": 363.0
    },
    "3": {
      "precision": 0.6420361247947455,
      "recall": 0.9467312348668281,
      "f1-score": 0.7651663405088063,
      "support": 413.0
    },
    "4": {
      "precision": 0.36764705882352944,
      "recall": 0.8333333333333334,
      "f1-score": 0.5102040816326531,
      "support": 30.0
    },
    "accuracy": 0.872856298048492,
    "macro avg": {
      "precision": 0.7559842633329903,
      "recall": 0.8836796050283656,
      "f1-score": 0.7948085498360679,
      "support": 3382.0
    },
    "weighted avg": {
      "precision": 0.8974602557371365,
      "recall": 0.872856298048492,
      "f1-score": 0.8787884458123932,
      "support": 3382.0
    }
  },
  "target_agreement": 0.8749260792430514
}