{
  "accuracy": 0.9127735068007097,
  "precision_macro": 0.8220650905267854,
  "recall_macro": 0.9159729208170244,
  "f1_macro": 0.8576882093052831,
  "confusion_matrix": [
    [
      1075,
      28,
      3,
      13,
      0
    ],
    [
      20,
      1235,
      28,
      168,
      6
    ],
    [
      0,
      2,
      352,
      0,
      9
    ],
    [
      0,
      8,
      0,
      400,
      5
    ],
    [
      0,
      3,
      0,
      2,
      25
    ]
  ],
  "classification_report": {
    "0": {
      "precision": 0.9817351598173516,
      "recall": 0.9606791778373548,
      "f1-score": 0.971093044263776,
      "support": 1119.0
    },
    "1": {
      "precision": 0.9678683385579937,
      "recall": 0.8476321207961565,
      "f1-score": 0.9037687522868643,
      "support": 1457.0
    },
    "2": {
      "precision": 0.9190600522193212,
      "recall": 0.9696969696969697,
      "f1-score": 0.9436997319034852,
      "support": 363.0
    },
    "3": {
      "precision": 0.6861063464837049,
      "recall": 0.9685230024213075,
      "f1-score": 0.8032128514056225,
      "support": 413.0
    },
    "4": {
      "precision": 0.5555555555555556,
      "recall": 0.8333333333333334,
      "f1-score": 0.6666666666666666,
      "support": 30.0
    },
    "accuracy": 0.9127735068007097,
    "macro avg": {
      "precision": 0.8220650905267854,
      "recall": 0.9159729208170244,
      "f1-score": 0.8576882093052831,
      "support": 3382.0
    },
    "weighted avg": {
      "precision": 0.9291523358470325,
      "recall": 0.9127735068007097,
      "f1-score": 0.9159473976713818,
      "support": 3382.0
    }
  },
  "target_agreement": 0.9160260201064458
}