{
  "accuracy": 0.9107037256061502,
  "precision_macro": 0.8285735903571162,
  "recall_macro": 0.9002074964528533,
  "f1_macro": 0.8591085795937575,
  "confusion_matrix": [
    [
      1072,
      30,
      11,
      6,
      0
    ],
    [
      49,
      1271,
      40,
      93,
      4
    ],
    [
      10,
      2,
      340,
      0,
      11
    ],
    [
      1,
      36,
      2,
      372,
      2
    ],
    [
      0,
      5,
      0,
      0,
      25
    ]
  ],
  "classification_report": {
    "0": {
      "precision": 0.9469964664310954,
      "recall": 0.9579982126899017,
      "f1-score": 0.9524655708573967,
      "support": 1119.0
    },
    "1": {
      "precision": 0.9456845238095238,
      "recall": 0.8723404255319149,
      "f1-score": 0.9075330239200285,
      "support": 1457.0
    },
    "2": {
      "precision": 0.8651399491094147,
      "recall": 0.9366391184573003,
      "f1-score": 0.8994708994708994,
      "support": 363.0
    },
    "3": {
      "precision": 0.7898089171974523,
      "recall": 0.9007263922518159,
      "f1-score": 0.8416289592760181,
      "support": 413.0
    },
    "4": {
      "precision": 0.5952380952380952,
      "recall": 0.8333333333333334,
      "f1-score": 0.6944444444444444,
      "support": 30.0
    },
    "accuracy": 0.9107037256061502,
    "macro avg": {
      "precision": 0.8285735903571162,
      "recall": 0.9002074964528533,
      "f1-score": 0.8591085795937575,
      "support": 3382.0
    },
    "weighted avg": {
      "precision": 0.9153298120382259,
      "recall": 0.9107037256061502,
      "f1-score": 0.9115962802079166,
      "support": 3382.0
    }
  },
  "target_agreement": 0.9302188054405677
}