{
  "accuracy": 0.8698994677705499,
  "precision_macro": 0.7424434171272523,
  "recall_macro": 0.9031858023530169,
  "f1_macro": 0.7786115726426046,
  "confusion_matrix": [
    [
      1014,
      63,
      10,
      28,
      4
    ],
    [
      9,
      1173,
      32,
      205,
      38
    ],
    [
      12,
      2,
      333,
      0,
      16
    ],
    [
      0,
      2,
      1,
      394,
      16
    ],
    [
      0,
      0,
      0,
      2,
      28
    ]
  ],
  "classification_report": {
    "0": {
      "precision": 0.9797101449275363,
      "recall": 0.9061662198391421,
      "f1-score": 0.9415041782729805,
      "support": 1119.0
    },
    "1": {
      "precision": 0.9459677419354838,
      "recall": 0.8050789293067948,
      "f1-score": 0.8698553948832035,
      "support": 1457.0
    },
    "2": {
      "precision": 0.8856382978723404,
      "recall": 0.9173553719008265,
      "f1-score": 0.9012178619756428,
      "support": 363.0
    },
    "3": {
      "precision": 0.6263910969793323,
      "recall": 0.9539951573849879,
      "f1-score": 0.7562380038387716,
      "support": 413.0
    },
    "4": {
      "precision": 0.27450980392156865,
      "recall": 0.9333333333333333,
      "f1-score": 0.42424242424242425,
      "support": 30.0
    },
    "accuracy": 0.8698994677705499,
    "macro avg": {
      "precision": 0.7424434171272523,
      "recall": 0.9031858023530169,
      "f1-score": 0.7786115726426046,
      "support": 3382.0
    },
    "weighted avg": {
      "precision": 0.9056747993706931,
      "recall": 0.8698994677705499,
      "f1-score": 0.8791005730461667,
      "support": 3382.0
    }
  },
  "target_agreement": 0.8704908338261383
}