{
  "accuracy": 0.9198698994677705,
  "precision_macro": 0.8424624883283827,
  "recall_macro": 0.8973773915162295,
  "f1_macro": 0.8664547198901797,
  "confusion_matrix": [
    [
      1066,
      36,
      4,
      13,
      0
    ],
    [
      29,
      1312,
      23,
      87,
      6
    ],
    [
      0,
      4,
      351,
      0,
      8
    ],
    [
      1,
      52,
      0,
      358,
      2
    ],
    [
      0,
      5,
      0,
      1,
      24
    ]
  ],
  "classification_report": {
    "0": {
      "precision": 0.9726277372262774,
      "recall": 0.9526362823949955,
      "f1-score": 0.9625282167042889,
      "support": 1119.0
    },
    "1": {
      "precision": 0.9311568488289567,
      "recall": 0.9004804392587509,
      "f1-score": 0.9155617585484996,
      "support": 1457.0
    },
    "2": {
      "precision": 0.9285714285714286,
      "recall": 0.9669421487603306,
      "f1-score": 0.9473684210526315,
      "support": 363.0
    },
    "3": {
      "precision": 0.7799564270152506,
      "recall": 0.8668280871670703,
      "f1-score": 0.8211009174311926,
      "support": 413.0
    },
    "4": {
      "precision": 0.6,
      "recall": 0.8,
      "f1-score": 0.6857142857142857,
      "support": 30.0
    },
    "accuracy": 0.9198698994677705,
    "macro avg": {
      "precision": 0.8424624883283827,
      "recall": 0.8973773915162295,
      "f1-score": 0.8664547198901797,
      "support": 3382.0
    },
    "weighted avg": {
      "precision": 0.9231991128411359,
      "recall": 0.9198698994677705,
      "f1-score": 0.9209412776492845,
      "support": 3382.0
    }
  },
  "target_agreement": 0.9387936132465996
}