{
  "accuracy": 0.8790656416321703,
  "precision_macro": 0.7821978540861294,
  "recall_macro": 0.8936729975454165,
  "f1_macro": 0.8201819018803853,
  "confusion_matrix": [
    [
      994,
      74,
      6,
      41,
      4
    ],
    [
      7,
      1227,
      37,
      173,
      13
    ],
    [
      10,
      1,
      340,
      4,
      8
    ],
    [
      0,
      23,
      1,
      386,
      3
    ],
    [
      0,
      0,
      0,
      4,
      26
    ]
  ],
  "classification_report": {
    "0": {
      "precision": 0.9831849653808111,
      "recall": 0.8882931188561215,
      "f1-score": 0.9333333333333333,
      "support": 1119.0
    },
    "1": {
      "precision": 0.9260377358490566,
      "recall": 0.8421413864104323,
      "f1-score": 0.8820992092020129,
      "support": 1457.0
    },
    "2": {
      "precision": 0.8854166666666666,
      "recall": 0.9366391184573003,
      "f1-score": 0.9103078982597055,
      "support": 363.0
    },
    "3": {
      "precision": 0.6348684210526315,
      "recall": 0.9346246973365617,
      "f1-score": 0.7561214495592556,
      "support": 413.0
    },
    "4": {
      "precision": 0.48148148148148145,
      "recall": 0.8666666666666667,
      "f1-score": 0.6190476190476191,
      "support": 30.0
    },
    "accuracy": 0.8790656416321703,
    "macro avg": {
      "precision": 0.7821978540861294,
      "recall": 0.8936729975454165,
      "f1-score": 0.8201819018803853,
      "support": 3382.0
    },
    "weighted avg": {
      "precision": 0.9010858396606695,
      "recall": 0.8790656416321703,
      "f1-score": 0.8843612957170335,
      "support": 3382.0
    }
  },
  "target_agreement": 0.8793613246599645
}