{
  "accuracy": 0.8879361324659965,
  "precision_macro": 0.752452406403795,
  "recall_macro": 0.9109938317725776,
  "f1_macro": 0.7883477971148959,
  "confusion_matrix": [
    [
      1060,
      35,
      3,
      20,
      1
    ],
    [
      31,
      1180,
      33,
      161,
      52
    ],
    [
      2,
      2,
      347,
      3,
      9
    ],
    [
      0,
      2,
      1,
      389,
      21
    ],
    [
      0,
      0,
      0,
      3,
      27
    ]
  ],
  "classification_report": {
    "0": {
      "precision": 0.969807868252516,
      "recall": 0.9472743521000894,
      "f1-score": 0.9584086799276673,
      "support": 1119.0
    },
    "1": {
      "precision": 0.9680065627563577,
      "recall": 0.8098833218943033,
      "f1-score": 0.8819133034379671,
      "support": 1457.0
    },
    "2": {
      "precision": 0.9036458333333334,
      "recall": 0.9559228650137741,
      "f1-score": 0.92904953145917,
      "support": 363.0
    },
    "3": {
      "precision": 0.6753472222222222,
      "recall": 0.9418886198547215,
      "f1-score": 0.7866531850353893,
      "support": 413.0
    },
    "4": {
      "precision": 0.24545454545454545,
      "recall": 0.9,
      "f1-score": 0.38571428571428573,
      "support": 30.0
    },
    "accuracy": 0.8879361324659965,
    "macro avg": {
      "precision": 0.752452406403795,
      "recall": 0.9109938317725776,
      "f1-score": 0.7883477971148959,
      "support": 3382.0
    },
    "weighted avg": {
      "precision": 0.9195464349946756,
      "recall": 0.8879361324659965,
      "f1-score": 0.8962481282847133,
      "support": 3382.0
    }
  },
  "target_agreement": 0.8870490833826138
}