{
  "accuracy": 0.8817267888823181,
  "precision_macro": 0.7448250346116315,
  "recall_macro": 0.8849961703374232,
  "f1_macro": 0.7735539498892565,
  "confusion_matrix": [
    [
      1006,
      76,
      6,
      24,
      7
    ],
    [
      8,
      1254,
      29,
      140,
      26
    ],
    [
      3,
      2,
      340,
      0,
      18
    ],
    [
      0,
      15,
      1,
      356,
      41
    ],
    [
      0,
      0,
      0,
      4,
      26
    ]
  ],
  "classification_report": {
    "0": {
      "precision": 0.9891838741396264,
      "recall": 0.8990169794459338,
      "f1-score": 0.9419475655430711,
      "support": 1119.0
    },
    "1": {
      "precision": 0.9309576837416481,
      "recall": 0.8606726149622512,
      "f1-score": 0.8944365192582026,
      "support": 1457.0
    },
    "2": {
      "precision": 0.9042553191489362,
      "recall": 0.9366391184573003,
      "f1-score": 0.9201623815967523,
      "support": 363.0
    },
    "3": {
      "precision": 0.6793893129770993,
      "recall": 0.8619854721549637,
      "f1-score": 0.759871931696905,
      "support": 413.0
    },
    "4": {
      "precision": 0.22033898305084745,
      "recall": 0.8666666666666667,
      "f1-score": 0.35135135135135137,
      "support": 30.0
    },
    "accuracy": 0.8817267888823181,
    "macro avg": {
      "precision": 0.7448250346116315,
      "recall": 0.8849961703374232,
      "f1-score": 0.7735539498892565,
      "support": 3382.0
    },
    "weighted avg": {
      "precision": 0.9103325656345224,
      "recall": 0.8817267888823181,
      "f1-score": 0.8916676307666709,
      "support": 3382.0
    }
  },
  "target_agreement": 0.8826138379657008
}