{
  "accuracy": 0.9098166765227675,
  "precision_macro": 0.8037687745418024,
  "recall_macro": 0.910407894308473,
  "f1_macro": 0.8433532710357998,
  "confusion_matrix": [
    [
      1062,
      32,
      6,
      18,
      1
    ],
    [
      25,
      1265,
      43,
      116,
      8
    ],
    [
      5,
      1,
      345,
      0,
      12
    ],
    [
      0,
      27,
      0,
      379,
      7
    ],
    [
      0,
      2,
      0,
      2,
      26
    ]
  ],
  "classification_report": {
    "0": {
      "precision": 0.9725274725274725,
      "recall": 0.9490616621983914,
      "f1-score": 0.9606512890094979,
      "support": 1119.0
    },
    "1": {
      "precision": 0.9532780708364732,
      "recall": 0.8682223747426219,
      "f1-score": 0.9087643678160919,
      "support": 1457.0
    },
    "2": {
      "precision": 0.8756345177664975,
      "recall": 0.9504132231404959,
      "f1-score": 0.9114927344782034,
      "support": 363.0
    },
    "3": {
      "precision": 0.7359223300970874,
      "recall": 0.9176755447941889,
      "f1-score": 0.8168103448275862,
      "support": 413.0
    },
    "4": {
      "precision": 0.48148148148148145,
      "recall": 0.8666666666666667,
      "f1-score": 0.6190476190476191,
      "support": 30.0
    },
    "accuracy": 0.9098166765227675,
    "macro avg": {
      "precision": 0.8037687745418024,
      "recall": 0.910407894308473,
      "f1-score": 0.8433532710357998,
      "support": 3382.0
    },
    "weighted avg": {
      "precision": 0.920585478323703,
      "recall": 0.9098166765227675,
      "f1-score": 0.9124259136340874,
      "support": 3382.0
    }
  },
  "target_agreement": 0.9101123595505618
}