{
  "accuracy": 0.9000591366055588,
  "precision_macro": 0.809145699571246,
  "recall_macro": 0.8834655308556336,
  "f1_macro": 0.8372251944584145,
  "confusion_matrix": [
    [
      1049,
      16,
      6,
      47,
      1
    ],
    [
      34,
      1236,
      28,
      153,
      6
    ],
    [
      12,
      2,
      341,
      0,
      8
    ],
    [
      0,
      13,
      1,
      396,
      3
    ],
    [
      0,
      3,
      1,
      4,
      22
    ]
  ],
  "classification_report": {
    "0": {
      "precision": 0.9579908675799087,
      "recall": 0.9374441465594281,
      "f1-score": 0.947606142728094,
      "support": 1119.0
    },
    "1": {
      "precision": 0.9732283464566929,
      "recall": 0.848318462594372,
      "f1-score": 0.9064906490649065,
      "support": 1457.0
    },
    "2": {
      "precision": 0.9045092838196287,
      "recall": 0.9393939393939394,
      "f1-score": 0.9216216216216216,
      "support": 363.0
    },
    "3": {
      "precision": 0.66,
      "recall": 0.9588377723970944,
      "f1-score": 0.7818361303060217,
      "support": 413.0
    },
    "4": {
      "precision": 0.55,
      "recall": 0.7333333333333333,
      "f1-score": 0.6285714285714286,
      "support": 30.0
    },
    "accuracy": 0.9000591366055588,
    "macro avg": {
      "precision": 0.809145699571246,
      "recall": 0.8834655308556336,
      "f1-score": 0.8372251944584145,
      "support": 3382.0
    },
    "weighted avg": {
      "precision": 0.9188061359065182,
      "recall": 0.9000591366055588,
      "f1-score": 0.9040308287174703,
      "support": 3382.0
    }
  },
  "target_agreement": 0.9006505026611472
}