{
  "accuracy": 0.8888231815493791,
  "precision_macro": 0.7642167913039285,
  "recall_macro": 0.885315788763917,
  "f1_macro": 0.7996061655078283,
  "confusion_matrix": [
    [
      1009,
      75,
      9,
      24,
      2
    ],
    [
      11,
      1264,
      32,
      138,
      12
    ],
    [
      14,
      4,
      329,
      3,
      13
    ],
    [
      0,
      10,
      1,
      379,
      23
    ],
    [
      0,
      1,
      0,
      4,
      25
    ]
  ],
  "classification_report": {
    "0": {
      "precision": 0.9758220502901354,
      "recall": 0.9016979445933869,
      "f1-score": 0.9372967951695309,
      "support": 1119.0
    },
    "1": {
      "precision": 0.9335302806499262,
      "recall": 0.8675360329444063,
      "f1-score": 0.8993240839558876,
      "support": 1457.0
    },
    "2": {
      "precision": 0.8867924528301887,
      "recall": 0.90633608815427,
      "f1-score": 0.896457765667575,
      "support": 363.0
    },
    "3": {
      "precision": 0.6916058394160584,
      "recall": 0.9176755447941889,
      "f1-score": 0.7887617065556711,
      "support": 413.0
    },
    "4": {
      "precision": 0.3333333333333333,
      "recall": 0.8333333333333334,
      "f1-score": 0.47619047619047616,
      "support": 30.0
    },
    "accuracy": 0.8888231815493791,
    "macro avg": {
      "precision": 0.7642167913039285,
      "recall": 0.885315788763917,
      "f1-score": 0.7996061655078283,
      "support": 3382.0
    },
    "weighted avg": {
      "precision": 0.9076396703837357,
      "recall": 0.8888231815493791,
      "f1-score": 0.8943254796419188,
      "support": 3382.0
    }
  },
  "target_agreement": 0.8891188645771733
}