{
  "accuracy": 0.9145476049674749,
  "precision_macro": 0.8210987533341821,
  "recall_macro": 0.8952988948872733,
  "f1_macro": 0.8493018029035937,
  "confusion_matrix": [
    [
      1039,
      51,
      4,
      25,
      0
    ],
    [
      22,
      1331,
      27,
      69,
      8
    ],
    [
      11,
      4,
      333,
      0,
      15
    ],
    [
      0,
      46,
      0,
      365,
      2
    ],
    [
      0,
      5,
      0,
      0,
      25
    ]
  ],
  "classification_report": {
    "0": {
      "precision": 0.9692164179104478,
      "recall": 0.9285075960679178,
      "f1-score": 0.9484253765403925,
      "support": 1119.0
    },
    "1": {
      "precision": 0.9262352122477383,
      "recall": 0.9135209334248455,
      "f1-score": 0.9198341395991707,
      "support": 1457.0
    },
    "2": {
      "precision": 0.9148351648351648,
      "recall": 0.9173553719008265,
      "f1-score": 0.9160935350756534,
      "support": 363.0
    },
    "3": {
      "precision": 0.7952069716775599,
      "recall": 0.8837772397094431,
      "f1-score": 0.8371559633027523,
      "support": 413.0
    },
    "4": {
      "precision": 0.5,
      "recall": 0.8333333333333334,
      "f1-score": 0.625,
      "support": 30.0
    },
    "accuracy": 0.9145476049674749,
    "macro avg": {
      "precision": 0.8210987533341821,
      "recall": 0.8952988948872733,
      "f1-score": 0.8493018029035937,
      "support": 3382.0
    },
    "weighted avg": {
      "precision": 0.9194510703798767,
      "recall": 0.9145476049674749,
      "f1-score": 0.9161808704379627,
      "support": 3382.0
    }
  },
  "target_agreement": 0.9269662921348315
}