{
  "accuracy": 0.9178001182732111,
  "precision_macro": 0.8360857661388046,
  "recall_macro": 0.9056776508848292,
  "f1_macro": 0.8656120634711513,
  "confusion_matrix": [
    [
      1063,
      35,
      6,
      15,
      0
    ],
    [
      30,
      1298,
      30,
      94,
      5
    ],
    [
      3,
      3,
      347,
      0,
      10
    ],
    [
      0,
      39,
      1,
      371,
      2
    ],
    [
      0,
      3,
      0,
      2,
      25
    ]
  ],
  "classification_report": {
    "0": {
      "precision": 0.9698905109489051,
      "recall": 0.9499553172475425,
      "f1-score": 0.9598194130925508,
      "support": 1119.0
    },
    "1": {
      "precision": 0.941944847605225,
      "recall": 0.8908716540837337,
      "f1-score": 0.9156966490299824,
      "support": 1457.0
    },
    "2": {
      "precision": 0.9036458333333334,
      "recall": 0.9559228650137741,
      "f1-score": 0.92904953145917,
      "support": 363.0
    },
    "3": {
      "precision": 0.7697095435684648,
      "recall": 0.8983050847457628,
      "f1-score": 0.829050279329609,
      "support": 413.0
    },
    "4": {
      "precision": 0.5952380952380952,
      "recall": 0.8333333333333334,
      "f1-score": 0.6944444444444444,
      "support": 30.0
    },
    "accuracy": 0.9178001182732111,
    "macro avg": {
      "precision": 0.8360857661388046,
      "recall": 0.9056776508848292,
      "f1-score": 0.8656120634711513,
      "support": 3382.0
    },
    "weighted avg": {
      "precision": 0.9229721308585325,
      "recall": 0.9178001182732111,
      "f1-score": 0.9191851033422205,
      "support": 3382.0
    }
  },
  "target_agreement": 0.9186871673565937
}