{
  "accuracy": 0.9287403903015967,
  "precision_macro": 0.8463714745102706,
  "recall_macro": 0.9200551607127083,
  "f1_macro": 0.8772686871990836,
  "confusion_matrix": [
    [
      1070,
      34,
      1,
      13,
      1
    ],
    [
      23,
      1303,
      28,
      96,
      7
    ],
    [
      2,
      3,
      352,
      1,
      5
    ],
    [
      0,
      18,
      0,
      391,
      4
    ],
    [
      0,
      4,
      0,
      1,
      25
    ]
  ],
  "classification_report": {
    "0": {
      "precision": 0.9771689497716894,
      "recall": 0.9562109025915997,
      "f1-score": 0.966576332429991,
      "support": 1119.0
    },
    "1": {
      "precision": 0.9566813509544787,
      "recall": 0.8943033630748113,
      "f1-score": 0.9244412912380277,
      "support": 1457.0
    },
    "2": {
      "precision": 0.9238845144356955,
      "recall": 0.9696969696969697,
      "f1-score": 0.946236559139785,
      "support": 363.0
    },
    "3": {
      "precision": 0.7788844621513944,
      "recall": 0.9467312348668281,
      "f1-score": 0.8546448087431694,
      "support": 413.0
    },
    "4": {
      "precision": 0.5952380952380952,
      "recall": 0.8333333333333334,
      "f1-score": 0.6944444444444444,
      "support": 30.0
    },
    "accuracy": 0.9287403903015967,
    "macro avg": {
      "precision": 0.8463714745102706,
      "recall": 0.9200551607127083,
      "f1-score": 0.8772686871990836,
      "support": 3382.0
    },
    "weighted avg": {
      "precision": 0.93502166989977,
      "recall": 0.9287403903015967,
      "f1-score": 0.9301583050369517,
      "support": 3382.0
    }
  },
  "target_agreement": 0.9308101714961561
}