{
  "accuracy": 0.8941454760496748,
  "precision_macro": 0.7622891054774263,
  "recall_macro": 0.9140490317250272,
  "f1_macro": 0.8038966088466781,
  "confusion_matrix": [
    [
      1029,
      37,
      21,
      31,
      1
    ],
    [
      23,
      1246,
      35,
      121,
      32
    ],
    [
      0,
      2,
      349,
      0,
      12
    ],
    [
      0,
      24,
      1,
      372,
      16
    ],
    [
      0,
      0,
      0,
      2,
      28
    ]
  ],
  "classification_report": {
    "0": {
      "precision": 0.9781368821292775,
      "recall": 0.9195710455764075,
      "f1-score": 0.9479502533394749,
      "support": 1119.0
    },
    "1": {
      "precision": 0.9518716577540107,
      "recall": 0.8551818805765271,
      "f1-score": 0.900939985538684,
      "support": 1457.0
    },
    "2": {
      "precision": 0.8596059113300493,
      "recall": 0.9614325068870524,
      "f1-score": 0.9076723016905072,
      "support": 363.0
    },
    "3": {
      "precision": 0.7072243346007605,
      "recall": 0.9007263922518159,
      "f1-score": 0.792332268370607,
      "support": 413.0
    },
    "4": {
      "precision": 0.3146067415730337,
      "recall": 0.9333333333333333,
      "f1-score": 0.47058823529411764,
      "support": 30.0
    },
    "accuracy": 0.8941454760496748,
    "macro avg": {
      "precision": 0.7622891054774263,
      "recall": 0.9140490317250272,
      "f1-score": 0.8038966088466781,
      "support": 3382.0
    },
    "weighted avg": {
      "precision": 0.9151303887345855,
      "recall": 0.8941454760496748,
      "f1-score": 0.9001365499190636,
      "support": 3382.0
    }
  },
  "target_agreement": 0.8926670609107037
}