{
  "accuracy": 0.9237137788290952,
  "precision_macro": 0.8436956738213693,
  "recall_macro": 0.92210307496284,
  "f1_macro": 0.8746516564534759,
  "confusion_matrix": [
    [
      1033,
      71,
      1,
      13,
      1
    ],
    [
      17,
      1323,
      15,
      94,
      8
    ],
    [
      1,
      9,
      348,
      0,
      5
    ],
    [
      0,
      12,
      1,
      394,
      6
    ],
    [
      0,
      2,
      0,
      2,
      26
    ]
  ],
  "classification_report": {
    "0": {
      "precision": 0.9828734538534729,
      "recall": 0.9231456657730116,
      "f1-score": 0.9520737327188941,
      "support": 1119.0
    },
    "1": {
      "precision": 0.9336626676076217,
      "recall": 0.9080301990391215,
      "f1-score": 0.9206680584551148,
      "support": 1457.0
    },
    "2": {
      "precision": 0.9534246575342465,
      "recall": 0.9586776859504132,
      "f1-score": 0.9560439560439561,
      "support": 363.0
    },
    "3": {
      "precision": 0.7833001988071571,
      "recall": 0.9539951573849879,
      "f1-score": 0.8602620087336245,
      "support": 413.0
    },
    "4": {
      "precision": 0.5652173913043478,
      "recall": 0.8666666666666667,
      "f1-score": 0.6842105263157895,
      "support": 30.0
    },
    "accuracy": 0.9237137788290952,
    "macro avg": {
      "precision": 0.8436956738213693,
      "recall": 0.92210307496284,
      "f1-score": 0.8746516564534759,
      "support": 3382.0
    },
    "weighted avg": {
      "precision": 0.9304360012116377,
      "recall": 0.9237137788290952,
      "f1-score": 0.9253821258196221,
      "support": 3382.0
    }
  },
  "target_agreement": 0.9257835600236547
}