{
  "accuracy": 0.9033116499112951,
  "precision_macro": 0.8319728424270718,
  "recall_macro": 0.8806742319774132,
  "f1_macro": 0.8529676702812597,
  "confusion_matrix": [
    [
      1030,
      56,
      10,
      23,
      0
    ],
    [
      13,
      1329,
      28,
      83,
      4
    ],
    [
      12,
      4,
      338,
      0,
      9
    ],
    [
      0,
      77,
      1,
      333,
      2
    ],
    [
      0,
      5,
      0,
      0,
      25
    ]
  ],
  "classification_report": {
    "0": {
      "precision": 0.976303317535545,
      "recall": 0.9204647006255585,
      "f1-score": 0.9475620975160993,
      "support": 1119.0
    },
    "1": {
      "precision": 0.9034670292318151,
      "recall": 0.9121482498284146,
      "f1-score": 0.9077868852459017,
      "support": 1457.0
    },
    "2": {
      "precision": 0.896551724137931,
      "recall": 0.931129476584022,
      "f1-score": 0.9135135135135135,
      "support": 363.0
    },
    "3": {
      "precision": 0.7585421412300684,
      "recall": 0.8062953995157385,
      "f1-score": 0.7816901408450704,
      "support": 413.0
    },
    "4": {
      "precision": 0.625,
      "recall": 0.8333333333333334,
      "f1-score": 0.7142857142857143,
      "support": 30.0
    },
    "accuracy": 0.9033116499112951,
    "macro avg": {
      "precision": 0.8319728424270718,
      "recall": 0.8806742319774132,
      "f1-score": 0.8529676702812597,
      "support": 3382.0
    },
    "weighted avg": {
      "precision": 0.9066561366360487,
      "recall": 0.9033116499112951,
      "f1-score": 0.904446920143934,
      "support": 3382.0
    }
  },
  "target_agreement": 0.9213483146067416
}