{
  "accuracy": 0.9225310467179184,
  "precision_macro": 0.8395787472019449,
  "recall_macro": 0.9192292439736784,
  "f1_macro": 0.8718658862454551,
  "confusion_matrix": [
    [
      1071,
      33,
      3,
      12,
      0
    ],
    [
      21,
      1275,
      25,
      130,
      6
    ],
    [
      0,
      3,
      351,
      0,
      9
    ],
    [
      0,
      13,
      0,
      398,
      2
    ],
    [
      0,
      4,
      0,
      1,
      25
    ]
  ],
  "classification_report": {
    "0": {
      "precision": 0.9807692307692307,
      "recall": 0.9571045576407506,
      "f1-score": 0.9687924016282226,
      "support": 1119.0
    },
    "1": {
      "precision": 0.9600903614457831,
      "recall": 0.8750857927247769,
      "f1-score": 0.9156193895870736,
      "support": 1457.0
    },
    "2": {
      "precision": 0.9261213720316622,
      "recall": 0.9669421487603306,
      "f1-score": 0.9460916442048517,
      "support": 363.0
    },
    "3": {
      "precision": 0.7356746765249538,
      "recall": 0.9636803874092009,
      "f1-score": 0.8343815513626834,
      "support": 413.0
    },
    "4": {
      "precision": 0.5952380952380952,
      "recall": 0.8333333333333334,
      "f1-score": 0.6944444444444444,
      "support": 30.0
    },
    "accuracy": 0.9225310467179184,
    "macro avg": {
      "precision": 0.8395787472019449,
      "recall": 0.9192292439736784,
      "f1-score": 0.8718658862454551,
      "support": 3382.0
    },
    "weighted avg": {
      "precision": 0.932644963975966,
      "recall": 0.9225310467179184,
      "f1-score": 0.9246009251752899,
      "support": 3382.0
    }
  },
  "target_agreement": 0.9246008279124778
}