{
  "accuracy": 0.8817267888823181,
  "precision_macro": 0.7646467667731481,
  "recall_macro": 0.9102275678832006,
  "f1_macro": 0.8070111603138335,
  "confusion_matrix": [
    [
      988,
      70,
      14,
      43,
      4
    ],
    [
      5,
      1232,
      39,
      156,
      25
    ],
    [
      13,
      1,
      336,
      4,
      9
    ],
    [
      0,
      6,
      1,
      398,
      8
    ],
    [
      0,
      0,
      0,
      2,
      28
    ]
  ],
  "classification_report": {
    "0": {
      "precision": 0.9821073558648111,
      "recall": 0.8829311885612153,
      "f1-score": 0.9298823529411765,
      "support": 1119.0
    },
    "1": {
      "precision": 0.9411764705882353,
      "recall": 0.8455730954015099,
      "f1-score": 0.8908170643528561,
      "support": 1457.0
    },
    "2": {
      "precision": 0.8615384615384616,
      "recall": 0.9256198347107438,
      "f1-score": 0.8924302788844621,
      "support": 363.0
    },
    "3": {
      "precision": 0.6600331674958541,
      "recall": 0.9636803874092009,
      "f1-score": 0.7834645669291339,
      "support": 413.0
    },
    "4": {
      "precision": 0.3783783783783784,
      "recall": 0.9333333333333333,
      "f1-score": 0.5384615384615384,
      "support": 30.0
    },
    "accuracy": 0.8817267888823181,
    "macro avg": {
      "precision": 0.7646467667731481,
      "recall": 0.9102275678832006,
      "f1-score": 0.8070111603138335,
      "support": 3382.0
    },
    "weighted avg": {
      "precision": 0.9068467652056129,
      "recall": 0.8817267888823181,
      "f1-score": 0.8876805793122194,
      "support": 3382.0
    }
  },
  "target_agreement": 0.8817267888823181
}