{
  "accuracy": 0.9243051448846836,
  "precision_macro": 0.8348761905959238,
  "recall_macro": 0.9250545999816584,
  "f1_macro": 0.8714307957452926,
  "confusion_matrix": [
    [
      1076,
      29,
      2,
      11,
      1
    ],
    [
      21,
      1280,
      41,
      109,
      6
    ],
    [
      0,
      2,
      351,
      0,
      10
    ],
    [
      4,
      14,
      0,
      393,
      2
    ],
    [
      0,
      3,
      0,
      1,
      26
    ]
  ],
  "classification_report": {
    "0": {
      "precision": 0.9772933696639419,
      "recall": 0.9615728328865059,
      "f1-score": 0.9693693693693693,
      "support": 1119.0
    },
    "1": {
      "precision": 0.963855421686747,
      "recall": 0.8785175017158545,
      "f1-score": 0.9192100538599641,
      "support": 1457.0
    },
    "2": {
      "precision": 0.8908629441624365,
      "recall": 0.9669421487603306,
      "f1-score": 0.9273447820343461,
      "support": 363.0
    },
    "3": {
      "precision": 0.7645914396887159,
      "recall": 0.9515738498789347,
      "f1-score": 0.8478964401294499,
      "support": 413.0
    },
    "4": {
      "precision": 0.5777777777777777,
      "recall": 0.8666666666666667,
      "f1-score": 0.6933333333333334,
      "support": 30.0
    },
    "accuracy": 0.9243051448846836,
    "macro avg": {
      "precision": 0.8348761905959238,
      "recall": 0.9250545999816584,
      "f1-score": 0.8714307957452926,
      "support": 3382.0
    },
    "weighted avg": {
      "precision": 0.9327088931718743,
      "recall": 0.9243051448846836,
      "f1-score": 0.9259671077617453,
      "support": 3382.0
    }
  },
  "target_agreement": 0.9260792430514488
}