{
  "accuracy": 0.905972797161443,
  "precision_macro": 0.7834827787824048,
  "recall_macro": 0.9144564679085466,
  "f1_macro": 0.8267298394958434,
  "confusion_matrix": [
    [
      1044,
      35,
      9,
      26,
      5
    ],
    [
      17,
      1252,
      47,
      126,
      15
    ],
    [
      0,
      2,
      350,
      0,
      11
    ],
    [
      0,
      11,
      1,
      392,
      9
    ],
    [
      0,
      2,
      0,
      2,
      26
    ]
  ],
  "classification_report": {
    "0": {
      "precision": 0.9839773798303487,
      "recall": 0.9329758713136729,
      "f1-score": 0.9577981651376147,
      "support": 1119.0
    },
    "1": {
      "precision": 0.9615975422427036,
      "recall": 0.8592999313658202,
      "f1-score": 0.9075752084088438,
      "support": 1457.0
    },
    "2": {
      "precision": 0.85995085995086,
      "recall": 0.9641873278236914,
      "f1-score": 0.9090909090909091,
      "support": 363.0
    },
    "3": {
      "precision": 0.717948717948718,
      "recall": 0.9491525423728814,
      "f1-score": 0.8175182481751825,
      "support": 413.0
    },
    "4": {
      "precision": 0.3939393939393939,
      "recall": 0.8666666666666667,
      "f1-score": 0.5416666666666666,
      "support": 30.0
    },
    "accuracy": 0.905972797161443,
    "macro avg": {
      "precision": 0.7834827787824048,
      "recall": 0.9144564679085466,
      "f1-score": 0.8267298394958434,
      "support": 3382.0
    },
    "weighted avg": {
      "precision": 0.9233032145390135,
      "recall": 0.905972797161443,
      "f1-score": 0.9101118456348394,
      "support": 3382.0
    }
  },
  "target_agreement": 0.9068598462448255
}