{
  "accuracy": 0.9012418687167356,
  "precision_macro": 0.827081536495049,
  "recall_macro": 0.8691911396470822,
  "f1_macro": 0.84359442210569,
  "confusion_matrix": [
    [
      1047,
      37,
      3,
      32,
      0
    ],
    [
      31,
      1250,
      26,
      146,
      4
    ],
    [
      4,
      5,
      347,
      0,
      7
    ],
    [
      0,
      27,
      1,
      384,
      1
    ],
    [
      0,
      7,
      0,
      3,
      20
    ]
  ],
  "classification_report": {
    "0": {
      "precision": 0.967652495378928,
      "recall": 0.935656836461126,
      "f1-score": 0.951385733757383,
      "support": 1119.0
    },
    "1": {
      "precision": 0.942684766214178,
      "recall": 0.8579272477693891,
      "f1-score": 0.8983111749910169,
      "support": 1457.0
    },
    "2": {
      "precision": 0.9204244031830239,
      "recall": 0.9559228650137741,
      "f1-score": 0.9378378378378378,
      "support": 363.0
    },
    "3": {
      "precision": 0.679646017699115,
      "recall": 0.9297820823244553,
      "f1-score": 0.7852760736196319,
      "support": 413.0
    },
    "4": {
      "precision": 0.625,
      "recall": 0.6666666666666666,
      "f1-score": 0.6451612903225806,
      "support": 30.0
    },
    "accuracy": 0.9012418687167356,
    "macro avg": {
      "precision": 0.827081536495049,
      "recall": 0.8691911396470822,
      "f1-score": 0.84359442210569,
      "support": 3382.0
    },
    "weighted avg": {
      "precision": 0.9136170048398137,
      "recall": 0.9012418687167356,
      "f1-score": 0.9040653489905808,
      "support": 3382.0
    }
  },
  "target_agreement": 0.9154346540508574
}