{
  "accuracy": 0.8920756948551153,
  "precision_macro": 0.8130016870878384,
  "recall_macro": 0.901235747338131,
  "f1_macro": 0.8460118877608614,
  "confusion_matrix": [
    [
      1063,
      40,
      1,
      15,
      0
    ],
    [
      29,
      1189,
      36,
      198,
      5
    ],
    [
      8,
      2,
      345,
      0,
      8
    ],
    [
      0,
      14,
      0,
      395,
      4
    ],
    [
      0,
      3,
      0,
      2,
      25
    ]
  ],
  "classification_report": {
    "0": {
      "precision": 0.9663636363636363,
      "recall": 0.9499553172475425,
      "f1-score": 0.9580892293826048,
      "support": 1119.0
    },
    "1": {
      "precision": 0.9527243589743589,
      "recall": 0.8160603980782429,
      "f1-score": 0.8791127541589648,
      "support": 1457.0
    },
    "2": {
      "precision": 0.9031413612565445,
      "recall": 0.9504132231404959,
      "f1-score": 0.9261744966442953,
      "support": 363.0
    },
    "3": {
      "precision": 0.6475409836065574,
      "recall": 0.9564164648910412,
      "f1-score": 0.772238514173998,
      "support": 413.0
    },
    "4": {
      "precision": 0.5952380952380952,
      "recall": 0.8333333333333334,
      "f1-score": 0.6944444444444444,
      "support": 30.0
    },
    "accuracy": 0.8920756948551153,
    "macro avg": {
      "precision": 0.8130016870878384,
      "recall": 0.901235747338131,
      "f1-score": 0.8460118877608614,
      "support": 3382.0
    },
    "weighted avg": {
      "precision": 0.9114761038850758,
      "recall": 0.8920756948551153,
      "f1-score": 0.895605651229397,
      "support": 3382.0
    }
  },
  "target_agreement": 0.8944411590774689
}