{
  "accuracy": 0.9195742164399764,
  "precision_macro": 0.835291702297428,
  "recall_macro": 0.9205517388762454,
  "f1_macro": 0.8684171656426987,
  "confusion_matrix": [
    [
      1040,
      62,
      3,
      14,
      0
    ],
    [
      8,
      1301,
      20,
      121,
      7
    ],
    [
      4,
      4,
      344,
      0,
      11
    ],
    [
      0,
      11,
      1,
      399,
      2
    ],
    [
      0,
      3,
      0,
      1,
      26
    ]
  ],
  "classification_report": {
    "0": {
      "precision": 0.9885931558935361,
      "recall": 0.9294012511170688,
      "f1-score": 0.9580838323353293,
      "support": 1119.0
    },
    "1": {
      "precision": 0.942070963070239,
      "recall": 0.8929306794783802,
      "f1-score": 0.9168428470754052,
      "support": 1457.0
    },
    "2": {
      "precision": 0.9347826086956522,
      "recall": 0.9476584022038568,
      "f1-score": 0.9411764705882353,
      "support": 363.0
    },
    "3": {
      "precision": 0.7457943925233644,
      "recall": 0.9661016949152542,
      "f1-score": 0.8417721518987342,
      "support": 413.0
    },
    "4": {
      "precision": 0.5652173913043478,
      "recall": 0.8666666666666667,
      "f1-score": 0.6842105263157895,
      "support": 30.0
    },
    "accuracy": 0.9195742164399764,
    "macro avg": {
      "precision": 0.835291702297428,
      "recall": 0.9205517388762454,
      "f1-score": 0.8684171656426987,
      "support": 3382.0
    },
    "weighted avg": {
      "precision": 0.9293698484464833,
      "recall": 0.9195742164399764,
      "f1-score": 0.9218690449199526,
      "support": 3382.0
    }
  },
  "target_agreement": 0.9216439976345357
}