{
  "accuracy": 0.9112950916617386,
  "precision_macro": 0.8096632077401953,
  "recall_macro": 0.8878542737625372,
  "f1_macro": 0.8379788405181221,
  "confusion_matrix": [
    [
      1089,
      24,
      2,
      4,
      0
    ],
    [
      40,
      1295,
      33,
      79,
      10
    ],
    [
      8,
      3,
      343,
      0,
      9
    ],
    [
      5,
      67,
      1,
      330,
      10
    ],
    [
      0,
      4,
      0,
      1,
      25
    ]
  ],
  "classification_report": {
    "0": {
      "precision": 0.9535901926444834,
      "recall": 0.9731903485254692,
      "f1-score": 0.9632905793896506,
      "support": 1119.0
    },
    "1": {
      "precision": 0.9296482412060302,
      "recall": 0.8888126286890872,
      "f1-score": 0.9087719298245615,
      "support": 1457.0
    },
    "2": {
      "precision": 0.9050131926121372,
      "recall": 0.9449035812672176,
      "f1-score": 0.9245283018867925,
      "support": 363.0
    },
    "3": {
      "precision": 0.7971014492753623,
      "recall": 0.7990314769975787,
      "f1-score": 0.7980652962515115,
      "support": 413.0
    },
    "4": {
      "precision": 0.46296296296296297,
      "recall": 0.8333333333333334,
      "f1-score": 0.5952380952380952,
      "support": 30.0
    },
    "accuracy": 0.9112950916617386,
    "macro avg": {
      "precision": 0.8096632077401953,
      "recall": 0.8878542737625372,
      "f1-score": 0.8379788405181221,
      "support": 3382.0
    },
    "weighted avg": {
      "precision": 0.9145997898770497,
      "recall": 0.9112950916617386,
      "f1-score": 0.9122012844131661,
      "support": 3382.0
    }
  },
  "target_agreement": 0.9124778237729154
}