{
  "accuracy": 0.8882318154937907,
  "precision_macro": 0.814879222076684,
  "recall_macro": 0.8780124897062731,
  "f1_macro": 0.8397277670791838,
  "confusion_matrix": [
    [
      1005,
      86,
      7,
      21,
      0
    ],
    [
      12,
      1267,
      26,
      147,
      5
    ],
    [
      19,
      8,
      324,
      1,
      11
    ],
    [
      1,
      27,
      1,
      384,
      0
    ],
    [
      0,
      3,
      1,
      2,
      24
    ]
  ],
  "classification_report": {
    "0": {
      "precision": 0.9691417550626809,
      "recall": 0.8981233243967829,
      "f1-score": 0.9322820037105751,
      "support": 1119.0
    },
    "1": {
      "precision": 0.9108554996405464,
      "recall": 0.8695950583390528,
      "f1-score": 0.889747191011236,
      "support": 1457.0
    },
    "2": {
      "precision": 0.9025069637883009,
      "recall": 0.8925619834710744,
      "f1-score": 0.8975069252077562,
      "support": 363.0
    },
    "3": {
      "precision": 0.6918918918918919,
      "recall": 0.9297820823244553,
      "f1-score": 0.7933884297520661,
      "support": 413.0
    },
    "4": {
      "precision": 0.6,
      "recall": 0.8,
      "f1-score": 0.6857142857142857,
      "support": 30.0
    },
    "accuracy": 0.8882318154937907,
    "macro avg": {
      "precision": 0.814879222076684,
      "recall": 0.8780124897062731,
      "f1-score": 0.8397277670791838,
      "support": 3382.0
    },
    "weighted avg": {
      "precision": 0.8997479201945359,
      "recall": 0.8882318154937907,
      "f1-score": 0.8910766065538002,
      "support": 3382.0
    }
  },
  "target_agreement": 0.9015375517445299
}