{
  "accuracy": 0.8787699586043761,
  "precision_macro": 0.7842689870476012,
  "recall_macro": 0.8500843083387378,
  "f1_macro": 0.810917561601055,
  "confusion_matrix": [
    [
      1012,
      77,
      14,
      16,
      0
    ],
    [
      5,
      1280,
      42,
      124,
      6
    ],
    [
      14,
      4,
      330,
      0,
      15
    ],
    [
      0,
      82,
      3,
      327,
      1
    ],
    [
      0,
      4,
      0,
      3,
      23
    ]
  ],
  "classification_report": {
    "0": {
      "precision": 0.9815712900096993,
      "recall": 0.90437890974084,
      "f1-score": 0.9413953488372093,
      "support": 1119.0
    },
    "1": {
      "precision": 0.8845888044229441,
      "recall": 0.8785175017158545,
      "f1-score": 0.8815426997245179,
      "support": 1457.0
    },
    "2": {
      "precision": 0.8483290488431876,
      "recall": 0.9090909090909091,
      "f1-score": 0.8776595744680851,
      "support": 363.0
    },
    "3": {
      "precision": 0.6957446808510638,
      "recall": 0.7917675544794189,
      "f1-score": 0.7406568516421291,
      "support": 413.0
    },
    "4": {
      "precision": 0.5111111111111111,
      "recall": 0.7666666666666667,
      "f1-score": 0.6133333333333333,
      "support": 30.0
    },
    "accuracy": 0.8787699586043761,
    "macro avg": {
      "precision": 0.7842689870476012,
      "recall": 0.8500843083387378,
      "f1-score": 0.810917561601055,
      "support": 3382.0
    },
    "weighted avg": {
      "precision": 0.8864114408101665,
      "recall": 0.8787699586043761,
      "f1-score": 0.881345598494256,
      "support": 3382.0
    }
  },
  "target_agreement": 0.8920756948551153
}