{
  "accuracy": 0.9228267297457126,
  "precision_macro": 0.8440830775355037,
  "recall_macro": 0.8980639874886952,
  "f1_macro": 0.8669140704984979,
  "confusion_matrix": [
    [
      1048,
      58,
      1,
      11,
      1
    ],
    [
      16,
      1304,
      20,
      111,
      6
    ],
    [
      1,
      6,
      350,
      1,
      5
    ],
    [
      0,
      13,
      0,
      397,
      3
    ],
    [
      0,
      3,
      0,
      5,
      22
    ]
  ],
  "classification_report": {
    "0": {
      "precision": 0.984037558685446,
      "recall": 0.936550491510277,
      "f1-score": 0.9597069597069597,
      "support": 1119.0
    },
    "1": {
      "precision": 0.9421965317919075,
      "recall": 0.8949897048730268,
      "f1-score": 0.9179866244280183,
      "support": 1457.0
    },
    "2": {
      "precision": 0.9433962264150944,
      "recall": 0.9641873278236914,
      "f1-score": 0.9536784741144414,
      "support": 363.0
    },
    "3": {
      "precision": 0.7561904761904762,
      "recall": 0.9612590799031477,
      "f1-score": 0.8464818763326226,
      "support": 413.0
    },
    "4": {
      "precision": 0.5945945945945946,
      "recall": 0.7333333333333333,
      "f1-score": 0.6567164179104478,
      "support": 30.0
    },
    "accuracy": 0.9228267297457126,
    "macro avg": {
      "precision": 0.8440830775355037,
      "recall": 0.8980639874886952,
      "f1-score": 0.8669140704984979,
      "support": 3382.0
    },
    "weighted avg": {
      "precision": 0.930371292041102,
      "recall": 0.9228267297457126,
      "f1-score": 0.9245719672590004,
      "support": 3382.0
    }
  },
  "target_agreement": 0.924896510940272
}