{
  "accuracy": 0.9237137788290952,
  "precision_macro": 0.8329673646263551,
  "recall_macro": 0.9200933537253864,
  "f1_macro": 0.8678607150473479,
  "confusion_matrix": [
    [
      1065,
      39,
      1,
      13,
      1
    ],
    [
      18,
      1301,
      34,
      97,
      7
    ],
    [
      0,
      2,
      350,
      1,
      10
    ],
    [
      0,
      27,
      1,
      382,
      3
    ],
    [
      0,
      3,
      0,
      1,
      26
    ]
  ],
  "classification_report": {
    "0": {
      "precision": 0.9833795013850416,
      "recall": 0.9517426273458445,
      "f1-score": 0.9673024523160763,
      "support": 1119.0
    },
    "1": {
      "precision": 0.9482507288629738,
      "recall": 0.8929306794783802,
      "f1-score": 0.9197596323789324,
      "support": 1457.0
    },
    "2": {
      "precision": 0.9067357512953368,
      "recall": 0.9641873278236914,
      "f1-score": 0.9345794392523364,
      "support": 363.0
    },
    "3": {
      "precision": 0.7732793522267206,
      "recall": 0.9249394673123487,
      "f1-score": 0.8423373759647188,
      "support": 413.0
    },
    "4": {
      "precision": 0.5531914893617021,
      "recall": 0.8666666666666667,
      "f1-score": 0.6753246753246753,
      "support": 30.0
    },
    "accuracy": 0.9237137788290952,
    "macro avg": {
      "precision": 0.8329673646263551,
      "recall": 0.9200933537253864,
      "f1-score": 0.8678607150473479,
      "support": 3382.0
    },
    "weighted avg": {
      "precision": 0.9305464721685122,
      "recall": 0.9237137788290952,
      "f1-score": 0.925457907007558,
      "support": 3382.0
    }
  },
  "target_agreement": 0.9257835600236547
}