{
  "accuracy": 0.8979893554109994,
  "precision_macro": 0.8065265627660189,
  "recall_macro": 0.8916341940877819,
  "f1_macro": 0.8400912843532578,
  "confusion_matrix": [
    [
      996,
      83,
      11,
      29,
      0
    ],
    [
      7,
      1303,
      43,
      95,
      9
    ],
    [
      9,
      2,
      342,
      2,
      8
    ],
    [
      0,
      35,
      2,
      371,
      5
    ],
    [
      0,
      3,
      0,
      2,
      25
    ]
  ],
  "classification_report": {
    "0": {
      "precision": 0.9841897233201581,
      "recall": 0.8900804289544236,
      "f1-score": 0.9347724073205068,
      "support": 1119.0
    },
    "1": {
      "precision": 0.9137447405329593,
      "recall": 0.8943033630748113,
      "f1-score": 0.9039195282691641,
      "support": 1457.0
    },
    "2": {
      "precision": 0.8592964824120602,
      "recall": 0.9421487603305785,
      "f1-score": 0.8988173455978975,
      "support": 363.0
    },
    "3": {
      "precision": 0.7434869739478958,
      "recall": 0.8983050847457628,
      "f1-score": 0.8135964912280702,
      "support": 413.0
    },
    "4": {
      "precision": 0.5319148936170213,
      "recall": 0.8333333333333334,
      "f1-score": 0.6493506493506493,
      "support": 30.0
    },
    "accuracy": 0.8979893554109994,
    "macro avg": {
      "precision": 0.8065265627660189,
      "recall": 0.8916341940877819,
      "f1-score": 0.8400912843532578,
      "support": 3382.0
    },
    "weighted avg": {
      "precision": 0.9070303304306175,
      "recall": 0.8979893554109994,
      "f1-score": 0.9002920293582402,
      "support": 3382.0
    }
  },
  "target_agreement": 0.9000591366055588
}