{
  "accuracy": 0.9251921939680662,
  "precision_macro": 0.8494452322871799,
  "recall_macro": 0.8989478531299209,
  "f1_macro": 0.8707218365055465,
  "confusion_matrix": [
    [
      1071,
      45,
      1,
      2,
      0
    ],
    [
      28,
      1328,
      20,
      75,
      6
    ],
    [
      0,
      4,
      350,
      0,
      9
    ],
    [
      2,
      53,
      0,
      356,
      2
    ],
    [
      0,
      5,
      0,
      1,
      24
    ]
  ],
  "classification_report": {
    "0": {
      "precision": 0.9727520435967303,
      "recall": 0.9571045576407506,
      "f1-score": 0.9648648648648649,
      "support": 1119.0
    },
    "1": {
      "precision": 0.9254355400696864,
      "recall": 0.911461908030199,
      "f1-score": 0.9183955739972337,
      "support": 1457.0
    },
    "2": {
      "precision": 0.9433962264150944,
      "recall": 0.9641873278236914,
      "f1-score": 0.9536784741144414,
      "support": 363.0
    },
    "3": {
      "precision": 0.8202764976958525,
      "recall": 0.8619854721549637,
      "f1-score": 0.8406139315230224,
      "support": 413.0
    },
    "4": {
      "precision": 0.5853658536585366,
      "recall": 0.8,
      "f1-score": 0.676056338028169,
      "support": 30.0
    },
    "accuracy": 0.9251921939680662,
    "macro avg": {
      "precision": 0.8494452322871799,
      "recall": 0.8989478531299209,
      "f1-score": 0.8707218365055465,
      "support": 3382.0
    },
    "weighted avg": {
      "precision": 0.9271605907785622,
      "recall": 0.9251921939680662,
      "f1-score": 0.9259097176407893,
      "support": 3382.0
    }
  },
  "target_agreement": 0.9476641040804258
}