{
  "accuracy": 0.8923713778829095,
  "precision_macro": 0.811983335244318,
  "recall_macro": 0.8655106978990907,
  "f1_macro": 0.8349427290308686,
  "confusion_matrix": [
    [
      1010,
      84,
      15,
      10,
      0
    ],
    [
      8,
      1304,
      42,
      99,
      4
    ],
    [
      6,
      3,
      343,
      0,
      11
    ],
    [
      0,
      72,
      1,
      338,
      2
    ],
    [
      0,
      7,
      0,
      0,
      23
    ]
  ],
  "classification_report": {
    "0": {
      "precision": 0.986328125,
      "recall": 0.902591599642538,
      "f1-score": 0.9426038264115726,
      "support": 1119.0
    },
    "1": {
      "precision": 0.8870748299319728,
      "recall": 0.8949897048730268,
      "f1-score": 0.8910146908097027,
      "support": 1457.0
    },
    "2": {
      "precision": 0.8553615960099751,
      "recall": 0.9449035812672176,
      "f1-score": 0.8979057591623036,
      "support": 363.0
    },
    "3": {
      "precision": 0.756152125279642,
      "recall": 0.8184019370460048,
      "f1-score": 0.786046511627907,
      "support": 413.0
    },
    "4": {
      "precision": 0.575,
      "recall": 0.7666666666666667,
      "f1-score": 0.6571428571428571,
      "support": 30.0
    },
    "accuracy": 0.8923713778829095,
    "macro avg": {
      "precision": 0.811983335244318,
      "recall": 0.8655106978990907,
      "f1-score": 0.8349427290308686,
      "support": 3382.0
    },
    "weighted avg": {
      "precision": 0.8977546677049076,
      "recall": 0.8923713778829095,
      "f1-score": 0.893930624440217,
      "support": 3382.0
    }
  },
  "target_agreement": 0.9109994086339445
}