{
  "accuracy": 0.9133648728562981,
  "precision_macro": 0.8568677821335295,
  "recall_macro": 0.8939086036446071,
  "f1_macro": 0.8736565298055983,
  "confusion_matrix": [
    [
      1060,
      49,
      4,
      6,
      0
    ],
    [
      25,
      1296,
      19,
      114,
      3
    ],
    [
      3,
      6,
      348,
      0,
      6
    ],
    [
      1,
      49,
      1,
      361,
      1
    ],
    [
      0,
      3,
      0,
      3,
      24
    ]
  ],
  "classification_report": {
    "0": {
      "precision": 0.9733700642791552,
      "recall": 0.9472743521000894,
      "f1-score": 0.9601449275362319,
      "support": 1119.0
    },
    "1": {
      "precision": 0.9237348538845331,
      "recall": 0.8894989704873026,
      "f1-score": 0.9062937062937063,
      "support": 1457.0
    },
    "2": {
      "precision": 0.9354838709677419,
      "recall": 0.9586776859504132,
      "f1-score": 0.9469387755102041,
      "support": 363.0
    },
    "3": {
      "precision": 0.7458677685950413,
      "recall": 0.87409200968523,
      "f1-score": 0.8049052396878483,
      "support": 413.0
    },
    "4": {
      "precision": 0.7058823529411765,
      "recall": 0.8,
      "f1-score": 0.75,
      "support": 30.0
    },
    "accuracy": 0.9133648728562981,
    "macro avg": {
      "precision": 0.8568677821335295,
      "recall": 0.8939086036446071,
      "f1-score": 0.8736565298055983,
      "support": 3382.0
    },
    "weighted avg": {
      "precision": 0.9177656085799577,
      "recall": 0.9133648728562981,
      "f1-score": 0.9147063109060493,
      "support": 3382.0
    }
  },
  "target_agreement": 0.9373151981076286
}