{
  "accuracy": 0.884387936132466,
  "precision_macro": 0.7553340381350001,
  "recall_macro": 0.8635662650950799,
  "f1_macro": 0.776025300297647,
  "confusion_matrix": [
    [
      1022,
      77,
      7,
      12,
      1
    ],
    [
      8,
      1315,
      33,
      80,
      21
    ],
    [
      4,
      3,
      344,
      0,
      12
    ],
    [
      0,
      87,
      2,
      284,
      40
    ],
    [
      1,
      1,
      0,
      2,
      26
    ]
  ],
  "classification_report": {
    "0": {
      "precision": 0.9874396135265701,
      "recall": 0.9133154602323503,
      "f1-score": 0.9489322191272052,
      "support": 1119.0
    },
    "1": {
      "precision": 0.8867161159811193,
      "recall": 0.9025394646533974,
      "f1-score": 0.8945578231292517,
      "support": 1457.0
    },
    "2": {
      "precision": 0.8911917098445595,
      "recall": 0.9476584022038568,
      "f1-score": 0.9185580774365821,
      "support": 363.0
    },
    "3": {
      "precision": 0.7513227513227513,
      "recall": 0.6876513317191283,
      "f1-score": 0.718078381795196,
      "support": 413.0
    },
    "4": {
      "precision": 0.26,
      "recall": 0.8666666666666667,
      "f1-score": 0.4,
      "support": 30.0
    },
    "accuracy": 0.884387936132466,
    "macro avg": {
      "precision": 0.7553340381350001,
      "recall": 0.8635662650950799,
      "f1-score": 0.776025300297647,
      "support": 3382.0
    },
    "weighted avg": {
      "precision": 0.8984296852426358,
      "recall": 0.884387936132466,
      "f1-score": 0.8891865332032991,
      "support": 3382.0
    }
  },
  "target_agreement": 0.8861620342992312
}