{
  "accuracy": 0.9293317563571851,
  "precision_macro": 0.8674097012452577,
  "recall_macro": 0.9055292183176077,
  "f1_macro": 0.8850528525814537,
  "confusion_matrix": [
    [
      1063,
      43,
      2,
      11,
      0
    ],
    [
      18,
      1336,
      29,
      70,
      4
    ],
    [
      0,
      6,
      352,
      0,
      5
    ],
    [
      0,
      43,
      0,
      368,
      2
    ],
    [
      0,
      4,
      0,
      2,
      24
    ]
  ],
  "classification_report": {
    "0": {
      "precision": 0.9833487511563367,
      "recall": 0.9499553172475425,
      "f1-score": 0.9663636363636363,
      "support": 1119.0
    },
    "1": {
      "precision": 0.9329608938547486,
      "recall": 0.9169526424159231,
      "f1-score": 0.9248875043267567,
      "support": 1457.0
    },
    "2": {
      "precision": 0.9190600522193212,
      "recall": 0.9696969696969697,
      "f1-score": 0.9436997319034852,
      "support": 363.0
    },
    "3": {
      "precision": 0.8159645232815964,
      "recall": 0.8910411622276029,
      "f1-score": 0.8518518518518519,
      "support": 413.0
    },
    "4": {
      "precision": 0.6857142857142857,
      "recall": 0.8,
      "f1-score": 0.7384615384615385,
      "support": 30.0
    },
    "accuracy": 0.9293317563571851,
    "macro avg": {
      "precision": 0.8674097012452577,
      "recall": 0.9055292183176077,
      "f1-score": 0.8850528525814537,
      "support": 3382.0
    },
    "weighted avg": {
      "precision": 0.9316602160061062,
      "recall": 0.9293317563571851,
      "f1-score": 0.9300572639102956,
      "support": 3382.0
    }
  },
  "target_agreement": 0.9547604967474866
}