{
  "accuracy": 0.9062684801892371,
  "precision_macro": 0.7943354069409269,
  "recall_macro": 0.906832267899785,
  "f1_macro": 0.833220959391584,
  "confusion_matrix": [
    [
      1041,
      43,
      7,
      27,
      1
    ],
    [
      28,
      1260,
      26,
      132,
      11
    ],
    [
      0,
      1,
      349,
      0,
      13
    ],
    [
      0,
      13,
      1,
      390,
      9
    ],
    [
      0,
      4,
      0,
      1,
      25
    ]
  ],
  "classification_report": {
    "0": {
      "precision": 0.9738072965388214,
      "recall": 0.9302949061662198,
      "f1-score": 0.9515539305301646,
      "support": 1119.0
    },
    "1": {
      "precision": 0.9538228614685844,
      "recall": 0.8647906657515443,
      "f1-score": 0.9071274298056156,
      "support": 1457.0
    },
    "2": {
      "precision": 0.9112271540469974,
      "recall": 0.9614325068870524,
      "f1-score": 0.935656836461126,
      "support": 363.0
    },
    "3": {
      "precision": 0.7090909090909091,
      "recall": 0.9443099273607748,
      "f1-score": 0.8099688473520249,
      "support": 413.0
    },
    "4": {
      "precision": 0.423728813559322,
      "recall": 0.8333333333333334,
      "f1-score": 0.5617977528089888,
      "support": 30.0
    },
    "accuracy": 0.9062684801892371,
    "macro avg": {
      "precision": 0.7943354069409269,
      "recall": 0.906832267899785,
      "f1-score": 0.833220959391584,
      "support": 3382.0
    },
    "weighted avg": {
      "precision": 0.9212750268382773,
      "recall": 0.9062684801892371,
      "f1-score": 0.9099609732897932,
      "support": 3382.0
    }
  },
  "target_agreement": 0.9065641632170314
}