{
  "accuracy": 0.9287403903015967,
  "precision_macro": 0.844765650517083,
  "recall_macro": 0.9243367495695782,
  "f1_macro": 0.8774134598165032,
  "confusion_matrix": [
    [
      1066,
      39,
      2,
      11,
      1
    ],
    [
      24,
      1312,
      26,
      87,
      8
    ],
    [
      2,
      3,
      352,
      0,
      6
    ],
    [
      1,
      22,
      1,
      385,
      4
    ],
    [
      0,
      3,
      0,
      1,
      26
    ]
  ],
  "classification_report": {
    "0": {
      "precision": 0.9752973467520586,
      "recall": 0.9526362823949955,
      "f1-score": 0.9638336347197106,
      "support": 1119.0
    },
    "1": {
      "precision": 0.9514140681653372,
      "recall": 0.9004804392587509,
      "f1-score": 0.92524682651622,
      "support": 1457.0
    },
    "2": {
      "precision": 0.9238845144356955,
      "recall": 0.9696969696969697,
      "f1-score": 0.946236559139785,
      "support": 363.0
    },
    "3": {
      "precision": 0.7954545454545454,
      "recall": 0.9322033898305084,
      "f1-score": 0.8584169453734671,
      "support": 413.0
    },
    "4": {
      "precision": 0.5777777777777777,
      "recall": 0.8666666666666667,
      "f1-score": 0.6933333333333334,
      "support": 30.0
    },
    "accuracy": 0.9287403903015967,
    "macro avg": {
      "precision": 0.844765650517083,
      "recall": 0.9243367495695782,
      "f1-score": 0.8774134598165032,
      "support": 3382.0
    },
    "weighted avg": {
      "precision": 0.9340018236779031,
      "recall": 0.9287403903015967,
      "f1-score": 0.9300486495838182,
      "support": 3382.0
    }
  },
  "target_agreement": 0.9314015375517445
}