{
  "accuracy": 0.9107037256061502,
  "precision_macro": 0.8071156644565495,
  "recall_macro": 0.9002186264153804,
  "f1_macro": 0.8423842777067062,
  "confusion_matrix": [
    [
      1054,
      30,
      8,
      27,
      0
    ],
    [
      26,
      1269,
      31,
      125,
      6
    ],
    [
      2,
      3,
      340,
      0,
      18
    ],
    [
      0,
      19,
      0,
      393,
      1
    ],
    [
      0,
      3,
      1,
      2,
      24
    ]
  ],
  "classification_report": {
    "0": {
      "precision": 0.9741219963031423,
      "recall": 0.9419124218051832,
      "f1-score": 0.9577464788732394,
      "support": 1119.0
    },
    "1": {
      "precision": 0.9584592145015106,
      "recall": 0.8709677419354839,
      "f1-score": 0.912621359223301,
      "support": 1457.0
    },
    "2": {
      "precision": 0.8947368421052632,
      "recall": 0.9366391184573003,
      "f1-score": 0.9152086137281292,
      "support": 363.0
    },
    "3": {
      "precision": 0.7184643510054844,
      "recall": 0.9515738498789347,
      "f1-score": 0.81875,
      "support": 413.0
    },
    "4": {
      "precision": 0.4897959183673469,
      "recall": 0.8,
      "f1-score": 0.6075949367088608,
      "support": 30.0
    },
    "accuracy": 0.9107037256061502,
    "macro avg": {
      "precision": 0.8071156644565495,
      "recall": 0.9002186264153804,
      "f1-score": 0.8423842777067062,
      "support": 3382.0
    },
    "weighted avg": {
      "precision": 0.9233372908315828,
      "recall": 0.9107037256061502,
      "f1-score": 0.9136605426174103,
      "support": 3382.0
    }
  },
  "target_agreement": 0.9275576581904199
}