{
  "accuracy": 0.9183914843287996,
  "precision_macro": 0.8455517336637003,
  "recall_macro": 0.9018265012521347,
  "f1_macro": 0.8698278976522472,
  "confusion_matrix": [
    [
      1064,
      44,
      1,
      10,
      0
    ],
    [
      21,
      1293,
      25,
      113,
      5
    ],
    [
      3,
      5,
      346,
      2,
      7
    ],
    [
      0,
      32,
      0,
      379,
      2
    ],
    [
      0,
      5,
      0,
      1,
      24
    ]
  ],
  "classification_report": {
    "0": {
      "precision": 0.9779411764705882,
      "recall": 0.9508489722966935,
      "f1-score": 0.9642048028998641,
      "support": 1119.0
    },
    "1": {
      "precision": 0.9376359680928209,
      "recall": 0.8874399450926561,
      "f1-score": 0.9118476727785614,
      "support": 1457.0
    },
    "2": {
      "precision": 0.9301075268817204,
      "recall": 0.953168044077135,
      "f1-score": 0.9414965986394558,
      "support": 363.0
    },
    "3": {
      "precision": 0.7504950495049505,
      "recall": 0.9176755447941889,
      "f1-score": 0.8257080610021786,
      "support": 413.0
    },
    "4": {
      "precision": 0.631578947368421,
      "recall": 0.8,
      "f1-score": 0.7058823529411765,
      "support": 30.0
    },
    "accuracy": 0.9183914843287996,
    "macro avg": {
      "precision": 0.8455517336637003,
      "recall": 0.9018265012521347,
      "f1-score": 0.8698278976522472,
      "support": 3382.0
    },
    "weighted avg": {
      "precision": 0.9245956942952366,
      "recall": 0.9183914843287996,
      "f1-score": 0.920007214302652,
      "support": 3382.0
    }
  },
  "target_agreement": 0.9210526315789473
}