{
  "accuracy": 0.868421052631579,
  "precision_macro": 0.7995434641970032,
  "recall_macro": 0.8759222956788102,
  "f1_macro": 0.8262908784275573,
  "confusion_matrix": [
    [
      1038,
      48,
      9,
      24,
      0
    ],
    [
      24,
      1152,
      40,
      238,
      3
    ],
    [
      15,
      4,
      332,
      2,
      10
    ],
    [
      0,
      20,
      1,
      391,
      1
    ],
    [
      0,
      4,
      0,
      2,
      24
    ]
  ],
  "classification_report": {
    "0": {
      "precision": 0.9637883008356546,
      "recall": 0.9276139410187667,
      "f1-score": 0.9453551912568307,
      "support": 1119.0
    },
    "1": {
      "precision": 0.9381107491856677,
      "recall": 0.790665751544269,
      "f1-score": 0.8581005586592179,
      "support": 1457.0
    },
    "2": {
      "precision": 0.8691099476439791,
      "recall": 0.9146005509641874,
      "f1-score": 0.8912751677852349,
      "support": 363.0
    },
    "3": {
      "precision": 0.5951293759512938,
      "recall": 0.9467312348668281,
      "f1-score": 0.7308411214953271,
      "support": 413.0
    },
    "4": {
      "precision": 0.631578947368421,
      "recall": 0.8,
      "f1-score": 0.7058823529411765,
      "support": 30.0
    },
    "accuracy": 0.868421052631579,
    "macro avg": {
      "precision": 0.7995434641970032,
      "recall": 0.8759222956788102,
      "f1-score": 0.8262908784275573,
      "support": 3382.0
    },
    "weighted avg": {
      "precision": 0.894597629178686,
      "recall": 0.868421052631579,
      "f1-score": 0.8736403644750796,
      "support": 3382.0
    }
  },
  "target_agreement": 0.8864577173270254
}