{
  "accuracy": 0.92193968066233,
  "precision_macro": 0.84804825086554,
  "recall_macro": 0.9270613074159918,
  "f1_macro": 0.8804273789175386,
  "confusion_matrix": [
    [
      1054,
      48,
      2,
      15,
      0
    ],
    [
      21,
      1283,
      24,
      123,
      6
    ],
    [
      0,
      3,
      354,
      0,
      6
    ],
    [
      0,
      8,
      1,
      401,
      3
    ],
    [
      0,
      3,
      0,
      1,
      26
    ]
  ],
  "classification_report": {
    "0": {
      "precision": 0.9804651162790697,
      "recall": 0.9419124218051832,
      "f1-score": 0.9608021877848678,
      "support": 1119.0
    },
    "1": {
      "precision": 0.9539033457249071,
      "recall": 0.880576527110501,
      "f1-score": 0.9157744468236974,
      "support": 1457.0
    },
    "2": {
      "precision": 0.9291338582677166,
      "recall": 0.9752066115702479,
      "f1-score": 0.9516129032258065,
      "support": 363.0
    },
    "3": {
      "precision": 0.7425925925925926,
      "recall": 0.9709443099273608,
      "f1-score": 0.8415529905561385,
      "support": 413.0
    },
    "4": {
      "precision": 0.6341463414634146,
      "recall": 0.8666666666666667,
      "f1-score": 0.7323943661971831,
      "support": 30.0
    },
    "accuracy": 0.92193968066233,
    "macro avg": {
      "precision": 0.84804825086554,
      "recall": 0.9270613074159918,
      "f1-score": 0.8804273789175386,
      "support": 3382.0
    },
    "weighted avg": {
      "precision": 0.9313921825468046,
      "recall": 0.92193968066233,
      "f1-score": 0.9238290115641521,
      "support": 3382.0
    }
  },
  "target_agreement": 0.9237137788290952
}