{
  "accuracy": 0.9039030159668835,
  "precision_macro": 0.7925682918754833,
  "recall_macro": 0.9057153465867305,
  "f1_macro": 0.8328156678798109,
  "confusion_matrix": [
    [
      1084,
      13,
      5,
      17,
      0
    ],
    [
      64,
      1214,
      39,
      129,
      11
    ],
    [
      2,
      2,
      348,
      0,
      11
    ],
    [
      1,
      15,
      1,
      386,
      10
    ],
    [
      0,
      4,
      0,
      1,
      25
    ]
  ],
  "classification_report": {
    "0": {
      "precision": 0.9417897480451781,
      "recall": 0.968722073279714,
      "f1-score": 0.9550660792951542,
      "support": 1119.0
    },
    "1": {
      "precision": 0.9727564102564102,
      "recall": 0.8332189430336308,
      "f1-score": 0.8975970425138632,
      "support": 1457.0
    },
    "2": {
      "precision": 0.8854961832061069,
      "recall": 0.9586776859504132,
      "f1-score": 0.9206349206349206,
      "support": 363.0
    },
    "3": {
      "precision": 0.724202626641651,
      "recall": 0.9346246973365617,
      "f1-score": 0.8160676532769556,
      "support": 413.0
    },
    "4": {
      "precision": 0.43859649122807015,
      "recall": 0.8333333333333334,
      "f1-score": 0.5747126436781609,
      "support": 30.0
    },
    "accuracy": 0.9039030159668835,
    "macro avg": {
      "precision": 0.7925682918754833,
      "recall": 0.9057153465867305,
      "f1-score": 0.8328156678798109,
      "support": 3382.0
    },
    "weighted avg": {
      "precision": 0.9180536699733308,
      "recall": 0.9039030159668835,
      "f1-score": 0.906264231217676,
      "support": 3382.0
    }
  },
  "target_agreement": 0.9056771141336487
}