{
  "accuracy": 0.9142519219396806,
  "precision_macro": 0.8153427283182569,
  "recall_macro": 0.9097616020266394,
  "f1_macro": 0.8516610490210799,
  "confusion_matrix": [
    [
      1039,
      60,
      4,
      15,
      1
    ],
    [
      14,
      1291,
      35,
      109,
      8
    ],
    [
      1,
      3,
      349,
      0,
      10
    ],
    [
      0,
      18,
      1,
      388,
      6
    ],
    [
      0,
      3,
      0,
      2,
      25
    ]
  ],
  "classification_report": {
    "0": {
      "precision": 0.9857685009487666,
      "recall": 0.9285075960679178,
      "f1-score": 0.956281638288081,
      "support": 1119.0
    },
    "1": {
      "precision": 0.9389090909090909,
      "recall": 0.8860672614962252,
      "f1-score": 0.911723163841808,
      "support": 1457.0
    },
    "2": {
      "precision": 0.897172236503856,
      "recall": 0.9614325068870524,
      "f1-score": 0.9281914893617021,
      "support": 363.0
    },
    "3": {
      "precision": 0.754863813229572,
      "recall": 0.9394673123486683,
      "f1-score": 0.837108953613808,
      "support": 413.0
    },
    "4": {
      "precision": 0.5,
      "recall": 0.8333333333333334,
      "f1-score": 0.625,
      "support": 30.0
    },
    "accuracy": 0.9142519219396806,
    "macro avg": {
      "precision": 0.8153427283182569,
      "recall": 0.9097616020266394,
      "f1-score": 0.8516610490210799,
      "support": 3382.0
    },
    "weighted avg": {
      "precision": 0.9235652793409014,
      "recall": 0.9142519219396806,
      "f1-score": 0.9165787437737071,
      "support": 3382.0
    }
  },
  "target_agreement": 0.9145476049674749
}