{
  "accuracy": 0.9180958013010053,
  "precision_macro": 0.806231594089019,
  "recall_macro": 0.9208002144771401,
  "f1_macro": 0.8462855886033273,
  "confusion_matrix": [
    [
      1078,
      24,
      3,
      13,
      1
    ],
    [
      26,
      1261,
      28,
      126,
      16
    ],
    [
      0,
      5,
      350,
      0,
      8
    ],
    [
      4,
      9,
      2,
      390,
      8
    ],
    [
      0,
      2,
      0,
      2,
      26
    ]
  ],
  "classification_report": {
    "0": {
      "precision": 0.9729241877256317,
      "recall": 0.9633601429848079,
      "f1-score": 0.9681185451279749,
      "support": 1119.0
    },
    "1": {
      "precision": 0.9692544196771714,
      "recall": 0.8654770075497598,
      "f1-score": 0.9144307469180566,
      "support": 1457.0
    },
    "2": {
      "precision": 0.9138381201044387,
      "recall": 0.9641873278236914,
      "f1-score": 0.938337801608579,
      "support": 363.0
    },
    "3": {
      "precision": 0.7344632768361582,
      "recall": 0.9443099273607748,
      "f1-score": 0.826271186440678,
      "support": 413.0
    },
    "4": {
      "precision": 0.4406779661016949,
      "recall": 0.8666666666666667,
      "f1-score": 0.5842696629213483,
      "support": 30.0
    },
    "accuracy": 0.9180958013010053,
    "macro avg": {
      "precision": 0.806231594089019,
      "recall": 0.9208002144771401,
      "f1-score": 0.8462855886033273,
      "support": 3382.0
    },
    "weighted avg": {
      "precision": 0.9311598951652619,
      "recall": 0.9180958013010053,
      "f1-score": 0.9210659261174946,
      "support": 3382.0
    }
  },
  "target_agreement": 0.9198698994677705
}