{
  "accuracy": 0.9186871673565937,
  "precision_macro": 0.8444070408939167,
  "recall_macro": 0.8993520509392138,
  "f1_macro": 0.8671744171827193,
  "confusion_matrix": [
    [
      1081,
      31,
      1,
      6,
      0
    ],
    [
      26,
      1322,
      23,
      80,
      6
    ],
    [
      5,
      5,
      345,
      0,
      8
    ],
    [
      0,
      76,
      1,
      333,
      3
    ],
    [
      0,
      3,
      0,
      1,
      26
    ]
  ],
  "classification_report": {
    "0": {
      "precision": 0.9721223021582733,
      "recall": 0.966041108132261,
      "f1-score": 0.9690721649484536,
      "support": 1119.0
    },
    "1": {
      "precision": 0.9199721642310369,
      "recall": 0.9073438572409059,
      "f1-score": 0.9136143745680718,
      "support": 1457.0
    },
    "2": {
      "precision": 0.9324324324324325,
      "recall": 0.9504132231404959,
      "f1-score": 0.9413369713506139,
      "support": 363.0
    },
    "3": {
      "precision": 0.7928571428571428,
      "recall": 0.8062953995157385,
      "f1-score": 0.7995198079231692,
      "support": 413.0
    },
    "4": {
      "precision": 0.6046511627906976,
      "recall": 0.8666666666666667,
      "f1-score": 0.7123287671232876,
      "support": 30.0
    },
    "accuracy": 0.9186871673565937,
    "macro avg": {
      "precision": 0.8444070408939167,
      "recall": 0.8993520509392138,
      "f1-score": 0.8671744171827193,
      "support": 3382.0
    },
    "weighted avg": {
      "precision": 0.9202444728729811,
      "recall": 0.9186871673565937,
      "f1-score": 0.9192208044379778,
      "support": 3382.0
    }
  },
  "target_agreement": 0.9195742164399764
}