{
  "accuracy": 0.8746303962152573,
  "precision_macro": 0.7444672366723155,
  "recall_macro": 0.9056515077927113,
  "f1_macro": 0.7802730184335619,
  "confusion_matrix": [
    [
      997,
      82,
      9,
      24,
      7
    ],
    [
      8,
      1203,
      38,
      162,
      46
    ],
    [
      11,
      0,
      332,
      5,
      15
    ],
    [
      0,
      2,
      0,
      398,
      13
    ],
    [
      0,
      0,
      0,
      2,
      28
    ]
  ],
  "classification_report": {
    "0": {
      "precision": 0.9812992125984252,
      "recall": 0.8909740840035746,
      "f1-score": 0.9339578454332552,
      "support": 1119.0
    },
    "1": {
      "precision": 0.9347319347319347,
      "recall": 0.8256691832532601,
      "f1-score": 0.8768221574344023,
      "support": 1457.0
    },
    "2": {
      "precision": 0.8759894459102903,
      "recall": 0.9146005509641874,
      "f1-score": 0.894878706199461,
      "support": 363.0
    },
    "3": {
      "precision": 0.6734348561759729,
      "recall": 0.9636803874092009,
      "f1-score": 0.7928286852589641,
      "support": 413.0
    },
    "4": {
      "precision": 0.25688073394495414,
      "recall": 0.9333333333333333,
      "f1-score": 0.4028776978417266,
      "support": 30.0
    },
    "accuracy": 0.8746303962152573,
    "macro avg": {
      "precision": 0.7444672366723155,
      "recall": 0.9056515077927113,
      "f1-score": 0.7802730184335619,
      "support": 3382.0
    },
    "weighted avg": {
      "precision": 0.9059129019179563,
      "recall": 0.8746303962152573,
      "f1-score": 0.8832035070134078,
      "support": 3382.0
    }
  },
  "target_agreement": 0.8746303962152573
}