{
  "accuracy": 0.9183914843287996,
  "precision_macro": 0.8513195908245109,
  "recall_macro": 0.9110331390511719,
  "f1_macro": 0.8751765546511706,
  "confusion_matrix": [
    [
      1072,
      30,
      2,
      15,
      0
    ],
    [
      27,
      1260,
      17,
      148,
      5
    ],
    [
      2,
      5,
      349,
      3,
      4
    ],
    [
      0,
      9,
      0,
      401,
      3
    ],
    [
      1,
      3,
      0,
      2,
      24
    ]
  ],
  "classification_report": {
    "0": {
      "precision": 0.9727767695099818,
      "recall": 0.9579982126899017,
      "f1-score": 0.9653309320126069,
      "support": 1119.0
    },
    "1": {
      "precision": 0.9640397857689365,
      "recall": 0.8647906657515443,
      "f1-score": 0.9117221418234442,
      "support": 1457.0
    },
    "2": {
      "precision": 0.9483695652173914,
      "recall": 0.9614325068870524,
      "f1-score": 0.9548563611491108,
      "support": 363.0
    },
    "3": {
      "precision": 0.7047451669595782,
      "recall": 0.9709443099273608,
      "f1-score": 0.8167006109979633,
      "support": 413.0
    },
    "4": {
      "precision": 0.6666666666666666,
      "recall": 0.8,
      "f1-score": 0.7272727272727273,
      "support": 30.0
    },
    "accuracy": 0.9183914843287996,
    "macro avg": {
      "precision": 0.8513195908245109,
      "recall": 0.9110331390511719,
      "f1-score": 0.8751765546511706,
      "support": 3382.0
    },
    "weighted avg": {
      "precision": 0.9309465047531725,
      "recall": 0.9183914843287996,
      "f1-score": 0.9208494579587029,
      "support": 3382.0
    }
  },
  "target_agreement": 0.9222353636901242
}