{
  "accuracy": 0.924896510940272,
  "precision_macro": 0.8367713599206574,
  "recall_macro": 0.9208356303414913,
  "f1_macro": 0.8705675666215958,
  "confusion_matrix": [
    [
      1053,
      48,
      5,
      13,
      0
    ],
    [
      14,
      1297,
      27,
      113,
      6
    ],
    [
      0,
      3,
      349,
      0,
      11
    ],
    [
      0,
      6,
      1,
      404,
      2
    ],
    [
      0,
      3,
      0,
      2,
      25
    ]
  ],
  "classification_report": {
    "0": {
      "precision": 0.9868791002811621,
      "recall": 0.9410187667560321,
      "f1-score": 0.9634034766697164,
      "support": 1119.0
    },
    "1": {
      "precision": 0.9557848194546794,
      "recall": 0.8901853122855182,
      "f1-score": 0.92181947405828,
      "support": 1457.0
    },
    "2": {
      "precision": 0.9136125654450262,
      "recall": 0.9614325068870524,
      "f1-score": 0.9369127516778524,
      "support": 363.0
    },
    "3": {
      "precision": 0.7593984962406015,
      "recall": 0.9782082324455206,
      "f1-score": 0.855026455026455,
      "support": 413.0
    },
    "4": {
      "precision": 0.5681818181818182,
      "recall": 0.8333333333333334,
      "f1-score": 0.6756756756756757,
      "support": 30.0
    },
    "accuracy": 0.924896510940272,
    "macro avg": {
      "precision": 0.8367713599206574,
      "recall": 0.9208356303414913,
      "f1-score": 0.8705675666215958,
      "support": 3382.0
    },
    "weighted avg": {
      "precision": 0.9341261353960545,
      "recall": 0.924896510940272,
      "f1-score": 0.9268583646219938,
      "support": 3382.0
    }
  },
  "target_agreement": 0.9266706091070372
}