{
  "accuracy": 0.9287403903015967,
  "precision_macro": 0.868740097556398,
  "recall_macro": 0.908495733304593,
  "f1_macro": 0.8869875695083828,
  "confusion_matrix": [
    [
      1071,
      34,
      2,
      12,
      0
    ],
    [
      24,
      1318,
      24,
      87,
      4
    ],
    [
      0,
      5,
      354,
      0,
      4
    ],
    [
      1,
      36,
      0,
      374,
      2
    ],
    [
      0,
      3,
      1,
      2,
      24
    ]
  ],
  "classification_report": {
    "0": {
      "precision": 0.9771897810218978,
      "recall": 0.9571045576407506,
      "f1-score": 0.9670428893905192,
      "support": 1119.0
    },
    "1": {
      "precision": 0.9441260744985673,
      "recall": 0.9045984900480439,
      "f1-score": 0.9239397125832457,
      "support": 1457.0
    },
    "2": {
      "precision": 0.9291338582677166,
      "recall": 0.9752066115702479,
      "f1-score": 0.9516129032258065,
      "support": 363.0
    },
    "3": {
      "precision": 0.7873684210526316,
      "recall": 0.9055690072639225,
      "f1-score": 0.8423423423423423,
      "support": 413.0
    },
    "4": {
      "precision": 0.7058823529411765,
      "recall": 0.8,
      "f1-score": 0.75,
      "support": 30.0
    },
    "accuracy": 0.9287403903015967,
    "macro avg": {
      "precision": 0.868740097556398,
      "recall": 0.908495733304593,
      "f1-score": 0.8869875695083828,
      "support": 3382.0
    },
    "weighted avg": {
      "precision": 0.9322005542702747,
      "recall": 0.9287403903015967,
      "f1-score": 0.9296641116854333,
      "support": 3382.0
    }
  },
  "target_agreement": 0.9547604967474866
}