{
  "accuracy": 0.908929627439385,
  "precision_macro": 0.8264140542310017,
  "recall_macro": 0.8888184407355606,
  "f1_macro": 0.8524677448628688,
  "confusion_matrix": [
    [
      1040,
      51,
      6,
      22,
      0
    ],
    [
      25,
      1306,
      22,
      99,
      5
    ],
    [
      5,
      4,
      341,
      3,
      10
    ],
    [
      0,
      46,
      1,
      363,
      3
    ],
    [
      0,
      3,
      0,
      3,
      24
    ]
  ],
  "classification_report": {
    "0": {
      "precision": 0.9719626168224299,
      "recall": 0.9294012511170688,
      "f1-score": 0.9502055733211512,
      "support": 1119.0
    },
    "1": {
      "precision": 0.926241134751773,
      "recall": 0.8963623884694578,
      "f1-score": 0.911056853854203,
      "support": 1457.0
    },
    "2": {
      "precision": 0.9216216216216216,
      "recall": 0.9393939393939394,
      "f1-score": 0.9304229195088677,
      "support": 363.0
    },
    "3": {
      "precision": 0.7408163265306122,
      "recall": 0.8789346246973365,
      "f1-score": 0.8039867109634552,
      "support": 413.0
    },
    "4": {
      "precision": 0.5714285714285714,
      "recall": 0.8,
      "f1-score": 0.6666666666666666,
      "support": 30.0
    },
    "accuracy": 0.908929627439385,
    "macro avg": {
      "precision": 0.8264140542310017,
      "recall": 0.8888184407355606,
      "f1-score": 0.8524677448628688,
      "support": 3382.0
    },
    "weighted avg": {
      "precision": 0.9150822442951749,
      "recall": 0.908929627439385,
      "f1-score": 0.9108456250802979,
      "support": 3382.0
    }
  },
  "target_agreement": 0.9109994086339445
}