{
  "accuracy": 0.9145476049674749,
  "precision_macro": 0.8383297743262508,
  "recall_macro": 0.8994972120060263,
  "f1_macro": 0.8647701128865778,
  "confusion_matrix": [
    [
      1054,
      41,
      8,
      15,
      1
    ],
    [
      31,
      1308,
      30,
      82,
      6
    ],
    [
      7,
      4,
      345,
      0,
      7
    ],
    [
      1,
      49,
      0,
      361,
      2
    ],
    [
      0,
      4,
      0,
      1,
      25
    ]
  ],
  "classification_report": {
    "0": {
      "precision": 0.9643183897529735,
      "recall": 0.9419124218051832,
      "f1-score": 0.9529837251356239,
      "support": 1119.0
    },
    "1": {
      "precision": 0.930298719772404,
      "recall": 0.8977350720658888,
      "f1-score": 0.9137268599371289,
      "support": 1457.0
    },
    "2": {
      "precision": 0.9007832898172323,
      "recall": 0.9504132231404959,
      "f1-score": 0.9249329758713136,
      "support": 363.0
    },
    "3": {
      "precision": 0.7864923747276689,
      "recall": 0.87409200968523,
      "f1-score": 0.8279816513761468,
      "support": 413.0
    },
    "4": {
      "precision": 0.6097560975609756,
      "recall": 0.8333333333333334,
      "f1-score": 0.704225352112676,
      "support": 30.0
    },
    "accuracy": 0.9145476049674749,
    "macro avg": {
      "precision": 0.8383297743262508,
      "recall": 0.8994972120060263,
      "f1-score": 0.8647701128865778,
      "support": 3382.0
    },
    "weighted avg": {
      "precision": 0.9179822237536907,
      "recall": 0.9145476049674749,
      "f1-score": 0.9155892005257764,
      "support": 3382.0
    }
  },
  "target_agreement": 0.9269662921348315
}