{
  "accuracy": 0.8920756948551153,
  "precision_macro": 0.7921534904116274,
  "recall_macro": 0.8836063974345274,
  "f1_macro": 0.8250182898765264,
  "confusion_matrix": [
    [
      1007,
      89,
      8,
      11,
      4
    ],
    [
      10,
      1287,
      31,
      116,
      13
    ],
    [
      11,
      7,
      334,
      1,
      10
    ],
    [
      0,
      44,
      2,
      364,
      3
    ],
    [
      0,
      2,
      0,
      3,
      25
    ]
  ],
  "classification_report": {
    "0": {
      "precision": 0.9795719844357976,
      "recall": 0.8999106344950849,
      "f1-score": 0.9380530973451328,
      "support": 1119.0
    },
    "1": {
      "precision": 0.900629811056683,
      "recall": 0.883321894303363,
      "f1-score": 0.8918918918918919,
      "support": 1457.0
    },
    "2": {
      "precision": 0.8906666666666667,
      "recall": 0.9201101928374655,
      "f1-score": 0.9051490514905149,
      "support": 363.0
    },
    "3": {
      "precision": 0.7353535353535353,
      "recall": 0.8813559322033898,
      "f1-score": 0.801762114537445,
      "support": 413.0
    },
    "4": {
      "precision": 0.45454545454545453,
      "recall": 0.8333333333333334,
      "f1-score": 0.5882352941176471,
      "support": 30.0
    },
    "accuracy": 0.8920756948551153,
    "macro avg": {
      "precision": 0.7921534904116274,
      "recall": 0.8836063974345274,
      "f1-score": 0.8250182898765264,
      "support": 3382.0
    },
    "weighted avg": {
      "precision": 0.9015399346631042,
      "recall": 0.8920756948551153,
      "f1-score": 0.8948881786618099,
      "support": 3382.0
    }
  },
  "target_agreement": 0.8932584269662921
}