{
  "accuracy": 0.9124778237729154,
  "precision_macro": 0.8133904942351029,
  "recall_macro": 0.889688498275287,
  "f1_macro": 0.8408506593018243,
  "confusion_matrix": [
    [
      1073,
      41,
      1,
      4,
      0
    ],
    [
      29,
      1309,
      24,
      86,
      9
    ],
    [
      7,
      3,
      341,
      1,
      11
    ],
    [
      0,
      66,
      0,
      338,
      9
    ],
    [
      0,
      3,
      0,
      2,
      25
    ]
  ],
  "classification_report": {
    "0": {
      "precision": 0.9675383228133454,
      "recall": 0.9588918677390528,
      "f1-score": 0.9631956912028725,
      "support": 1119.0
    },
    "1": {
      "precision": 0.9205344585091421,
      "recall": 0.8984214138641043,
      "f1-score": 0.9093435220562696,
      "support": 1457.0
    },
    "2": {
      "precision": 0.9316939890710383,
      "recall": 0.9393939393939394,
      "f1-score": 0.9355281207133059,
      "support": 363.0
    },
    "3": {
      "precision": 0.7842227378190255,
      "recall": 0.8184019370460048,
      "f1-score": 0.8009478672985783,
      "support": 413.0
    },
    "4": {
      "precision": 0.46296296296296297,
      "recall": 0.8333333333333334,
      "f1-score": 0.5952380952380952,
      "support": 30.0
    },
    "accuracy": 0.9124778237729154,
    "macro avg": {
      "precision": 0.8133904942351029,
      "recall": 0.889688498275287,
      "f1-score": 0.8408506593018243,
      "support": 3382.0
    },
    "weighted avg": {
      "precision": 0.9165795052977194,
      "recall": 0.9124778237729154,
      "f1-score": 0.9139487906452941,
      "support": 3382.0
    }
  },
  "target_agreement": 0.914843287995269
}