{
  "accuracy": 0.9204612655233589,
  "precision_macro": 0.8282050282060804,
  "recall_macro": 0.9130281382385348,
  "f1_macro": 0.8606919192221099,
  "confusion_matrix": [
    [
      1046,
      56,
      2,
      14,
      1
    ],
    [
      18,
      1303,
      21,
      109,
      6
    ],
    [
      2,
      6,
      340,
      1,
      14
    ],
    [
      0,
      11,
      1,
      399,
      2
    ],
    [
      0,
      3,
      0,
      2,
      25
    ]
  ],
  "classification_report": {
    "0": {
      "precision": 0.9812382739212008,
      "recall": 0.934763181411975,
      "f1-score": 0.9574370709382151,
      "support": 1119.0
    },
    "1": {
      "precision": 0.9448875997099347,
      "recall": 0.8943033630748113,
      "f1-score": 0.9188998589562765,
      "support": 1457.0
    },
    "2": {
      "precision": 0.9340659340659341,
      "recall": 0.9366391184573003,
      "f1-score": 0.9353507565337001,
      "support": 363.0
    },
    "3": {
      "precision": 0.76,
      "recall": 0.9661016949152542,
      "f1-score": 0.8507462686567164,
      "support": 413.0
    },
    "4": {
      "precision": 0.5208333333333334,
      "recall": 0.8333333333333334,
      "f1-score": 0.6410256410256411,
      "support": 30.0
    },
    "accuracy": 0.9204612655233589,
    "macro avg": {
      "precision": 0.8282050282060804,
      "recall": 0.9130281382385348,
      "f1-score": 0.8606919192221099,
      "support": 3382.0
    },
    "weighted avg": {
      "precision": 0.9294138957306721,
      "recall": 0.9204612655233589,
      "f1-score": 0.9226287639523605,
      "support": 3382.0
    }
  },
  "target_agreement": 0.9231224127735068
}