{
  "accuracy": 0.9065641632170314,
  "precision_macro": 0.8407534337027815,
  "recall_macro": 0.8834514421266582,
  "f1_macro": 0.8588929092200311,
  "confusion_matrix": [
    [
      1039,
      61,
      1,
      18,
      0
    ],
    [
      19,
      1329,
      19,
      85,
      5
    ],
    [
      6,
      7,
      341,
      0,
      9
    ],
    [
      1,
      78,
      1,
      332,
      1
    ],
    [
      0,
      5,
      0,
      0,
      25
    ]
  ],
  "classification_report": {
    "0": {
      "precision": 0.9755868544600939,
      "recall": 0.9285075960679178,
      "f1-score": 0.9514652014652014,
      "support": 1119.0
    },
    "1": {
      "precision": 0.897972972972973,
      "recall": 0.9121482498284146,
      "f1-score": 0.9050051072522982,
      "support": 1457.0
    },
    "2": {
      "precision": 0.9419889502762431,
      "recall": 0.9393939393939394,
      "f1-score": 0.9406896551724138,
      "support": 363.0
    },
    "3": {
      "precision": 0.7632183908045977,
      "recall": 0.8038740920096852,
      "f1-score": 0.7830188679245284,
      "support": 413.0
    },
    "4": {
      "precision": 0.625,
      "recall": 0.8333333333333334,
      "f1-score": 0.7142857142857143,
      "support": 30.0
    },
    "accuracy": 0.9065641632170314,
    "macro avg": {
      "precision": 0.8407534337027815,
      "recall": 0.8834514421266582,
      "f1-score": 0.8588929092200311,
      "support": 3382.0
    },
    "weighted avg": {
      "precision": 0.9095001466927977,
      "recall": 0.9065641632170314,
      "f1-score": 0.907619074634875,
      "support": 3382.0
    }
  },
  "target_agreement": 0.9228267297457126
}