{
  "accuracy": 0.9275576581904199,
  "precision_macro": 0.8266357724558558,
  "recall_macro": 0.91644710878287,
  "f1_macro": 0.8616977482526019,
  "confusion_matrix": [
    [
      1068,
      37,
      2,
      11,
      1
    ],
    [
      20,
      1309,
      35,
      86,
      7
    ],
    [
      0,
      3,
      349,
      0,
      11
    ],
    [
      1,
      19,
      1,
      386,
      6
    ],
    [
      0,
      3,
      0,
      2,
      25
    ]
  ],
  "classification_report": {
    "0": {
      "precision": 0.9807162534435262,
      "recall": 0.9544235924932976,
      "f1-score": 0.967391304347826,
      "support": 1119.0
    },
    "1": {
      "precision": 0.9547775346462436,
      "recall": 0.8984214138641043,
      "f1-score": 0.9257425742574258,
      "support": 1457.0
    },
    "2": {
      "precision": 0.9018087855297158,
      "recall": 0.9614325068870524,
      "f1-score": 0.9306666666666666,
      "support": 363.0
    },
    "3": {
      "precision": 0.7958762886597938,
      "recall": 0.9346246973365617,
      "f1-score": 0.8596881959910914,
      "support": 413.0
    },
    "4": {
      "precision": 0.5,
      "recall": 0.8333333333333334,
      "f1-score": 0.625,
      "support": 30.0
    },
    "accuracy": 0.9275576581904199,
    "macro avg": {
      "precision": 0.8266357724558558,
      "recall": 0.91644710878287,
      "f1-score": 0.8616977482526019,
      "support": 3382.0
    },
    "weighted avg": {
      "precision": 0.9342359112793212,
      "recall": 0.9275576581904199,
      "f1-score": 0.9293172753408063,
      "support": 3382.0
    }
  },
  "target_agreement": 0.9296274393849793
}