{
  "accuracy": 0.8920756948551153,
  "precision_macro": 0.777362369673853,
  "recall_macro": 0.8581646434227738,
  "f1_macro": 0.8004391357940774,
  "confusion_matrix": [
    [
      1025,
      60,
      7,
      21,
      6
    ],
    [
      26,
      1328,
      34,
      62,
      7
    ],
    [
      4,
      6,
      341,
      1,
      11
    ],
    [
      1,
      94,
      0,
      299,
      19
    ],
    [
      0,
      3,
      0,
      3,
      24
    ]
  ],
  "classification_report": {
    "0": {
      "precision": 0.9706439393939394,
      "recall": 0.9159964253798034,
      "f1-score": 0.9425287356321839,
      "support": 1119.0
    },
    "1": {
      "precision": 0.8906773977196513,
      "recall": 0.911461908030199,
      "f1-score": 0.9009497964721845,
      "support": 1457.0
    },
    "2": {
      "precision": 0.8926701570680629,
      "recall": 0.9393939393939394,
      "f1-score": 0.9154362416107382,
      "support": 363.0
    },
    "3": {
      "precision": 0.7746113989637305,
      "recall": 0.7239709443099274,
      "f1-score": 0.7484355444305382,
      "support": 413.0
    },
    "4": {
      "precision": 0.3582089552238806,
      "recall": 0.8,
      "f1-score": 0.4948453608247423,
      "support": 30.0
    },
    "accuracy": 0.8920756948551153,
    "macro avg": {
      "precision": 0.777362369673853,
      "recall": 0.8581646434227738,
      "f1-score": 0.8004391357940774,
      "support": 3382.0
    },
    "weighted avg": {
      "precision": 0.8984528622423992,
      "recall": 0.8920756948551153,
      "f1-score": 0.8940349216474391,
      "support": 3382.0
    }
  },
  "target_agreement": 0.8911886457717327
}