{
  "accuracy": 0.8861620342992312,
  "precision_macro": 0.7963676198001484,
  "recall_macro": 0.8798156376469375,
  "f1_macro": 0.8286541409960415,
  "confusion_matrix": [
    [
      1032,
      46,
      10,
      31,
      0
    ],
    [
      15,
      1248,
      32,
      156,
      6
    ],
    [
      12,
      3,
      334,
      0,
      14
    ],
    [
      0,
      53,
      1,
      358,
      1
    ],
    [
      0,
      5,
      0,
      0,
      25
    ]
  ],
  "classification_report": {
    "0": {
      "precision": 0.9745042492917847,
      "recall": 0.9222520107238605,
      "f1-score": 0.9476584022038568,
      "support": 1119.0
    },
    "1": {
      "precision": 0.9210332103321033,
      "recall": 0.8565545641729582,
      "f1-score": 0.887624466571835,
      "support": 1457.0
    },
    "2": {
      "precision": 0.8859416445623343,
      "recall": 0.9201101928374655,
      "f1-score": 0.9027027027027027,
      "support": 363.0
    },
    "3": {
      "precision": 0.6568807339449542,
      "recall": 0.8668280871670703,
      "f1-score": 0.7473903966597077,
      "support": 413.0
    },
    "4": {
      "precision": 0.5434782608695652,
      "recall": 0.8333333333333334,
      "f1-score": 0.6578947368421053,
      "support": 30.0
    },
    "accuracy": 0.8861620342992312,
    "macro avg": {
      "precision": 0.7963676198001484,
      "recall": 0.8798156376469375,
      "f1-score": 0.8286541409960415,
      "support": 3382.0
    },
    "weighted avg": {
      "precision": 0.899352025527162,
      "recall": 0.8861620342992312,
      "f1-score": 0.8899434526517099,
      "support": 3382.0
    }
  },
  "target_agreement": 0.8982850384387936
}