{
  "accuracy": 0.9201655824955648,
  "precision_macro": 0.8535914410851827,
  "recall_macro": 0.9029169221544621,
  "f1_macro": 0.8753550987539971,
  "confusion_matrix": [
    [
      1064,
      33,
      2,
      20,
      0
    ],
    [
      30,
      1299,
      22,
      102,
      4
    ],
    [
      2,
      4,
      350,
      1,
      6
    ],
    [
      1,
      35,
      0,
      375,
      2
    ],
    [
      0,
      5,
      0,
      1,
      24
    ]
  ],
  "classification_report": {
    "0": {
      "precision": 0.9699179580674567,
      "recall": 0.9508489722966935,
      "f1-score": 0.9602888086642599,
      "support": 1119.0
    },
    "1": {
      "precision": 0.9440406976744186,
      "recall": 0.8915579958819492,
      "f1-score": 0.9170490645958348,
      "support": 1457.0
    },
    "2": {
      "precision": 0.9358288770053476,
      "recall": 0.9641873278236914,
      "f1-score": 0.9497964721845319,
      "support": 363.0
    },
    "3": {
      "precision": 0.751503006012024,
      "recall": 0.9079903147699758,
      "f1-score": 0.8223684210526315,
      "support": 413.0
    },
    "4": {
      "precision": 0.6666666666666666,
      "recall": 0.8,
      "f1-score": 0.7272727272727273,
      "support": 30.0
    },
    "accuracy": 0.9201655824955648,
    "macro avg": {
      "precision": 0.8535914410851827,
      "recall": 0.9029169221544621,
      "f1-score": 0.8753550987539971,
      "support": 3382.0
    },
    "weighted avg": {
      "precision": 0.9257487035555939,
      "recall": 0.9201655824955648,
      "f1-score": 0.9216251103274222,
      "support": 3382.0
    }
  },
  "target_agreement": 0.9402720283855707
}