{
  "accuracy": 0.9003548196333531,
  "precision_macro": 0.7906304741589086,
  "recall_macro": 0.8900131995419276,
  "f1_macro": 0.8233962642284135,
  "confusion_matrix": [
    [
      1017,
      72,
      9,
      18,
      3
    ],
    [
      8,
      1299,
      21,
      113,
      16
    ],
    [
      4,
      6,
      335,
      2,
      16
    ],
    [
      0,
      41,
      1,
      369,
      2
    ],
    [
      0,
      3,
      0,
      2,
      25
    ]
  ],
  "classification_report": {
    "0": {
      "precision": 0.9883381924198251,
      "recall": 0.9088471849865952,
      "f1-score": 0.946927374301676,
      "support": 1119.0
    },
    "1": {
      "precision": 0.9141449683321604,
      "recall": 0.8915579958819492,
      "f1-score": 0.9027102154273802,
      "support": 1457.0
    },
    "2": {
      "precision": 0.9153005464480874,
      "recall": 0.9228650137741047,
      "f1-score": 0.9190672153635117,
      "support": 363.0
    },
    "3": {
      "precision": 0.7321428571428571,
      "recall": 0.8934624697336562,
      "f1-score": 0.8047982551799345,
      "support": 413.0
    },
    "4": {
      "precision": 0.4032258064516129,
      "recall": 0.8333333333333334,
      "f1-score": 0.5434782608695652,
      "support": 30.0
    },
    "accuracy": 0.9003548196333531,
    "macro avg": {
      "precision": 0.7906304741589086,
      "recall": 0.8900131995419276,
      "f1-score": 0.8233962642284135,
      "support": 3382.0
    },
    "weighted avg": {
      "precision": 0.9120595886256494,
      "recall": 0.9003548196333531,
      "f1-score": 0.9039526735995337,
      "support": 3382.0
    }
  },
  "target_agreement": 0.9015375517445299
}