{
  "accuracy": 0.8793613246599645,
  "precision_macro": 0.7498614438017299,
  "recall_macro": 0.8746295875385371,
  "f1_macro": 0.7846869391455842,
  "confusion_matrix": [
    [
      1013,
      80,
      10,
      11,
      5
    ],
    [
      15,
      1247,
      43,
      133,
      19
    ],
    [
      19,
      2,
      331,
      1,
      10
    ],
    [
      0,
      29,
      1,
      358,
      25
    ],
    [
      0,
      2,
      0,
      3,
      25
    ]
  ],
  "classification_report": {
    "0": {
      "precision": 0.9675262655205349,
      "recall": 0.9052725647899911,
      "f1-score": 0.9353647276084949,
      "support": 1119.0
    },
    "1": {
      "precision": 0.9169117647058823,
      "recall": 0.8558682223747426,
      "f1-score": 0.8853390131345403,
      "support": 1457.0
    },
    "2": {
      "precision": 0.8597402597402597,
      "recall": 0.9118457300275482,
      "f1-score": 0.8850267379679144,
      "support": 363.0
    },
    "3": {
      "precision": 0.7075098814229249,
      "recall": 0.8668280871670703,
      "f1-score": 0.779107725788901,
      "support": 413.0
    },
    "4": {
      "precision": 0.2976190476190476,
      "recall": 0.8333333333333334,
      "f1-score": 0.43859649122807015,
      "support": 30.0
    },
    "accuracy": 0.8793613246599645,
    "macro avg": {
      "precision": 0.7498614438017299,
      "recall": 0.8746295875385371,
      "f1-score": 0.7846869391455842,
      "support": 3382.0
    },
    "weighted avg": {
      "precision": 0.8964571848125082,
      "recall": 0.8793613246599645,
      "f1-score": 0.8849219880842525,
      "support": 3382.0
    }
  },
  "target_agreement": 0.8805440567711413
}