{
  "accuracy": 0.882909520993495,
  "precision_macro": 0.7474841417957894,
  "recall_macro": 0.9049022583584915,
  "f1_macro": 0.7801726175382355,
  "confusion_matrix": [
    [
      1024,
      57,
      7,
      27,
      4
    ],
    [
      13,
      1222,
      35,
      128,
      59
    ],
    [
      6,
      1,
      340,
      2,
      14
    ],
    [
      0,
      23,
      1,
      372,
      17
    ],
    [
      0,
      0,
      0,
      2,
      28
    ]
  ],
  "classification_report": {
    "0": {
      "precision": 0.9817833173537871,
      "recall": 0.9151027703306523,
      "f1-score": 0.9472710453283997,
      "support": 1119.0
    },
    "1": {
      "precision": 0.9378357636224098,
      "recall": 0.8387096774193549,
      "f1-score": 0.8855072463768116,
      "support": 1457.0
    },
    "2": {
      "precision": 0.8877284595300261,
      "recall": 0.9366391184573003,
      "f1-score": 0.9115281501340483,
      "support": 363.0
    },
    "3": {
      "precision": 0.7005649717514124,
      "recall": 0.9007263922518159,
      "f1-score": 0.788135593220339,
      "support": 413.0
    },
    "4": {
      "precision": 0.22950819672131148,
      "recall": 0.9333333333333333,
      "f1-score": 0.3684210526315789,
      "support": 30.0
    },
    "accuracy": 0.882909520993495,
    "macro avg": {
      "precision": 0.7474841417957894,
      "recall": 0.9049022583584915,
      "f1-score": 0.7801726175382355,
      "support": 3382.0
    },
    "weighted avg": {
      "precision": 0.9117404641517183,
      "recall": 0.882909520993495,
      "f1-score": 0.8922583405591663,
      "support": 3382.0
    }
  },
  "target_agreement": 0.8832052040212892
}