{
  "accuracy": 0.923418095801301,
  "precision_macro": 0.8525339643015093,
  "recall_macro": 0.9019465113735168,
  "f1_macro": 0.8745773391661302,
  "confusion_matrix": [
    [
      1056,
      52,
      1,
      10,
      0
    ],
    [
      21,
      1324,
      29,
      78,
      5
    ],
    [
      0,
      7,
      349,
      0,
      7
    ],
    [
      0,
      40,
      1,
      370,
      2
    ],
    [
      0,
      4,
      0,
      2,
      24
    ]
  ],
  "classification_report": {
    "0": {
      "precision": 0.9805013927576601,
      "recall": 0.9436997319034852,
      "f1-score": 0.9617486338797814,
      "support": 1119.0
    },
    "1": {
      "precision": 0.9278206026629292,
      "recall": 0.908716540837337,
      "f1-score": 0.9181692094313454,
      "support": 1457.0
    },
    "2": {
      "precision": 0.9184210526315789,
      "recall": 0.9614325068870524,
      "f1-score": 0.9394347240915208,
      "support": 363.0
    },
    "3": {
      "precision": 0.8043478260869565,
      "recall": 0.8958837772397095,
      "f1-score": 0.847651775486827,
      "support": 413.0
    },
    "4": {
      "precision": 0.631578947368421,
      "recall": 0.8,
      "f1-score": 0.7058823529411765,
      "support": 30.0
    },
    "accuracy": 0.923418095801301,
    "macro avg": {
      "precision": 0.8525339643015093,
      "recall": 0.9019465113735168,
      "f1-score": 0.8745773391661302,
      "support": 3382.0
    },
    "weighted avg": {
      "precision": 0.926536232784133,
      "recall": 0.923418095801301,
      "f1-score": 0.9243763211598055,
      "support": 3382.0
    }
  },
  "target_agreement": 0.9482554701360142
}