{
  "accuracy": 0.9225310467179184,
  "precision_macro": 0.8397962133345038,
  "recall_macro": 0.9071033075740074,
  "f1_macro": 0.8675675955640015,
  "confusion_matrix": [
    [
      1056,
      50,
      2,
      11,
      0
    ],
    [
      18,
      1322,
      24,
      87,
      6
    ],
    [
      0,
      6,
      345,
      0,
      12
    ],
    [
      0,
      39,
      1,
      372,
      1
    ],
    [
      0,
      4,
      0,
      1,
      25
    ]
  ],
  "classification_report": {
    "0": {
      "precision": 0.9832402234636871,
      "recall": 0.9436997319034852,
      "f1-score": 0.9630642954856361,
      "support": 1119.0
    },
    "1": {
      "precision": 0.9303307529908516,
      "recall": 0.9073438572409059,
      "f1-score": 0.9186935371785963,
      "support": 1457.0
    },
    "2": {
      "precision": 0.9274193548387096,
      "recall": 0.9504132231404959,
      "f1-score": 0.9387755102040817,
      "support": 363.0
    },
    "3": {
      "precision": 0.7898089171974523,
      "recall": 0.9007263922518159,
      "f1-score": 0.8416289592760181,
      "support": 413.0
    },
    "4": {
      "precision": 0.5681818181818182,
      "recall": 0.8333333333333334,
      "f1-score": 0.6756756756756757,
      "support": 30.0
    },
    "accuracy": 0.9225310467179184,
    "macro avg": {
      "precision": 0.8397962133345038,
      "recall": 0.9071033075740074,
      "f1-score": 0.8675675955640015,
      "support": 3382.0
    },
    "weighted avg": {
      "precision": 0.9271518274151361,
      "recall": 0.9225310467179184,
      "f1-score": 0.923963326721759,
      "support": 3382.0
    }
  },
  "target_agreement": 0.9470727380248374
}