{
  "accuracy": 0.8956238911886458,
  "precision_macro": 0.7773563512594259,
  "recall_macro": 0.883103143985633,
  "f1_macro": 0.8116210120656409,
  "confusion_matrix": [
    [
      1015,
      62,
      16,
      23,
      3
    ],
    [
      9,
      1297,
      33,
      102,
      16
    ],
    [
      15,
      6,
      328,
      0,
      14
    ],
    [
      0,
      40,
      1,
      364,
      8
    ],
    [
      0,
      4,
      0,
      1,
      25
    ]
  ],
  "classification_report": {
    "0": {
      "precision": 0.9769008662175168,
      "recall": 0.9070598748882931,
      "f1-score": 0.9406858202038925,
      "support": 1119.0
    },
    "1": {
      "precision": 0.9205110007097232,
      "recall": 0.8901853122855182,
      "f1-score": 0.9050942079553385,
      "support": 1457.0
    },
    "2": {
      "precision": 0.8677248677248677,
      "recall": 0.9035812672176309,
      "f1-score": 0.8852901484480432,
      "support": 363.0
    },
    "3": {
      "precision": 0.7428571428571429,
      "recall": 0.8813559322033898,
      "f1-score": 0.8062015503875969,
      "support": 413.0
    },
    "4": {
      "precision": 0.3787878787878788,
      "recall": 0.8333333333333334,
      "f1-score": 0.5208333333333334,
      "support": 30.0
    },
    "accuracy": 0.8956238911886458,
    "macro avg": {
      "precision": 0.7773563512594259,
      "recall": 0.883103143985633,
      "f1-score": 0.8116210120656409,
      "support": 3382.0
    },
    "weighted avg": {
      "precision": 0.9070030634770052,
      "recall": 0.8956238911886458,
      "f1-score": 0.8992596859833829,
      "support": 3382.0
    }
  },
  "target_agreement": 0.8971023063276168
}