{
  "accuracy": 0.910408042578356,
  "precision_macro": 0.8279377792045827,
  "recall_macro": 0.9068937897214866,
  "f1_macro": 0.8589900413885623,
  "confusion_matrix": [
    [
      1056,
      35,
      1,
      27,
      0
    ],
    [
      27,
      1265,
      24,
      135,
      6
    ],
    [
      5,
      5,
      343,
      0,
      10
    ],
    [
      1,
      20,
      0,
      390,
      2
    ],
    [
      0,
      3,
      0,
      2,
      25
    ]
  ],
  "classification_report": {
    "0": {
      "precision": 0.9696969696969697,
      "recall": 0.9436997319034852,
      "f1-score": 0.9565217391304348,
      "support": 1119.0
    },
    "1": {
      "precision": 0.9525602409638554,
      "recall": 0.8682223747426219,
      "f1-score": 0.9084380610412927,
      "support": 1457.0
    },
    "2": {
      "precision": 0.9320652173913043,
      "recall": 0.9449035812672176,
      "f1-score": 0.9384404924760602,
      "support": 363.0
    },
    "3": {
      "precision": 0.703971119133574,
      "recall": 0.9443099273607748,
      "f1-score": 0.8066184074457083,
      "support": 413.0
    },
    "4": {
      "precision": 0.5813953488372093,
      "recall": 0.8333333333333334,
      "f1-score": 0.684931506849315,
      "support": 30.0
    },
    "accuracy": 0.910408042578356,
    "macro avg": {
      "precision": 0.8279377792045827,
      "recall": 0.9068937897214866,
      "f1-score": 0.8589900413885623,
      "support": 3382.0
    },
    "weighted avg": {
      "precision": 0.9223810723700687,
      "recall": 0.910408042578356,
      "f1-score": 0.9131511907964184,
      "support": 3382.0
    }
  },
  "target_agreement": 0.9263749260792431
}