{
  "accuracy": 0.9183914843287996,
  "precision_macro": 0.8626370581148823,
  "recall_macro": 0.8949447168400486,
  "f1_macro": 0.8770018884788213,
  "confusion_matrix": [
    [
      1051,
      49,
      4,
      15,
      0
    ],
    [
      17,
      1308,
      20,
      109,
      3
    ],
    [
      0,
      4,
      354,
      0,
      5
    ],
    [
      1,
      41,
      0,
      370,
      1
    ],
    [
      0,
      4,
      0,
      3,
      23
    ]
  ],
  "classification_report": {
    "0": {
      "precision": 0.9831618334892422,
      "recall": 0.9392314566577301,
      "f1-score": 0.9606946983546618,
      "support": 1119.0
    },
    "1": {
      "precision": 0.930298719772404,
      "recall": 0.8977350720658888,
      "f1-score": 0.9137268599371289,
      "support": 1457.0
    },
    "2": {
      "precision": 0.9365079365079365,
      "recall": 0.9752066115702479,
      "f1-score": 0.9554655870445344,
      "support": 363.0
    },
    "3": {
      "precision": 0.744466800804829,
      "recall": 0.8958837772397095,
      "f1-score": 0.8131868131868132,
      "support": 413.0
    },
    "4": {
      "precision": 0.71875,
      "recall": 0.7666666666666667,
      "f1-score": 0.7419354838709677,
      "support": 30.0
    },
    "accuracy": 0.9183914843287996,
    "macro avg": {
      "precision": 0.8626370581148823,
      "recall": 0.8949447168400486,
      "f1-score": 0.8770018884788213,
      "support": 3382.0
    },
    "weighted avg": {
      "precision": 0.9238861608715642,
      "recall": 0.9183914843287996,
      "f1-score": 0.919945484579158,
      "support": 3382.0
    }
  },
  "target_agreement": 0.9417504435245417
}