{
  "accuracy": 0.9328799526907156,
  "precision_macro": 0.8805950054896965,
  "recall_macro": 0.9224105097671151,
  "f1_macro": 0.8995251885233053,
  "confusion_matrix": [
    [
      1084,
      22,
      2,
      11,
      0
    ],
    [
      36,
      1304,
      25,
      90,
      2
    ],
    [
      0,
      4,
      355,
      0,
      4
    ],
    [
      0,
      22,
      2,
      387,
      2
    ],
    [
      0,
      4,
      0,
      1,
      25
    ]
  ],
  "classification_report": {
    "0": {
      "precision": 0.9678571428571429,
      "recall": 0.968722073279714,
      "f1-score": 0.9682894149173739,
      "support": 1119.0
    },
    "1": {
      "precision": 0.9616519174041298,
      "recall": 0.8949897048730268,
      "f1-score": 0.9271240668325631,
      "support": 1457.0
    },
    "2": {
      "precision": 0.9244791666666666,
      "recall": 0.977961432506887,
      "f1-score": 0.9504685408299867,
      "support": 363.0
    },
    "3": {
      "precision": 0.7914110429447853,
      "recall": 0.937046004842615,
      "f1-score": 0.8580931263858093,
      "support": 413.0
    },
    "4": {
      "precision": 0.7575757575757576,
      "recall": 0.8333333333333334,
      "f1-score": 0.7936507936507936,
      "support": 30.0
    },
    "accuracy": 0.9328799526907156,
    "macro avg": {
      "precision": 0.8805950054896965,
      "recall": 0.9224105097671151,
      "f1-score": 0.8995251885233053,
      "support": 3382.0
    },
    "weighted avg": {
      "precision": 0.9371155994909606,
      "recall": 0.9328799526907156,
      "f1-score": 0.933636217030081,
      "support": 3382.0
    }
  },
  "target_agreement": 0.9361324659964518
}