{
  "accuracy": 0.9210526315789473,
  "precision_macro": 0.8446709384573395,
  "recall_macro": 0.9116985136812815,
  "f1_macro": 0.8729660147288874,
  "confusion_matrix": [
    [
      1063,
      43,
      1,
      12,
      0
    ],
    [
      29,
      1296,
      24,
      103,
      5
    ],
    [
      0,
      7,
      347,
      0,
      9
    ],
    [
      0,
      26,
      1,
      384,
      2
    ],
    [
      0,
      4,
      0,
      1,
      25
    ]
  ],
  "classification_report": {
    "0": {
      "precision": 0.9734432234432234,
      "recall": 0.9499553172475425,
      "f1-score": 0.9615558570782451,
      "support": 1119.0
    },
    "1": {
      "precision": 0.9418604651162791,
      "recall": 0.8894989704873026,
      "f1-score": 0.9149311683727497,
      "support": 1457.0
    },
    "2": {
      "precision": 0.9302949061662198,
      "recall": 0.9559228650137741,
      "f1-score": 0.9429347826086957,
      "support": 363.0
    },
    "3": {
      "precision": 0.768,
      "recall": 0.9297820823244553,
      "f1-score": 0.8411829134720701,
      "support": 413.0
    },
    "4": {
      "precision": 0.6097560975609756,
      "recall": 0.8333333333333334,
      "f1-score": 0.704225352112676,
      "support": 30.0
    },
    "accuracy": 0.9210526315789473,
    "macro avg": {
      "precision": 0.8446709384573395,
      "recall": 0.9116985136812815,
      "f1-score": 0.8729660147288874,
      "support": 3382.0
    },
    "weighted avg": {
      "precision": 0.9268916021799387,
      "recall": 0.9210526315789473,
      "f1-score": 0.9224885707581177,
      "support": 3382.0
    }
  },
  "target_agreement": 0.9455943228858663
}