{
  "accuracy": 0.9266706091070372,
  "precision_macro": 0.856895453764474,
  "recall_macro": 0.9074100245624255,
  "f1_macro": 0.8788224108097671,
  "confusion_matrix": [
    [
      1056,
      51,
      2,
      10,
      0
    ],
    [
      16,
      1342,
      19,
      74,
      6
    ],
    [
      0,
      6,
      352,
      0,
      5
    ],
    [
      1,
      49,
      0,
      359,
      4
    ],
    [
      0,
      3,
      0,
      2,
      25
    ]
  ],
  "classification_report": {
    "0": {
      "precision": 0.9841565703634669,
      "recall": 0.9436997319034852,
      "f1-score": 0.9635036496350365,
      "support": 1119.0
    },
    "1": {
      "precision": 0.9248793935217091,
      "recall": 0.9210706932052162,
      "f1-score": 0.922971114167813,
      "support": 1457.0
    },
    "2": {
      "precision": 0.9436997319034852,
      "recall": 0.9696969696969697,
      "f1-score": 0.9565217391304348,
      "support": 363.0
    },
    "3": {
      "precision": 0.8067415730337079,
      "recall": 0.8692493946731235,
      "f1-score": 0.8368298368298368,
      "support": 413.0
    },
    "4": {
      "precision": 0.625,
      "recall": 0.8333333333333334,
      "f1-score": 0.7142857142857143,
      "support": 30.0
    },
    "accuracy": 0.9266706091070372,
    "macro avg": {
      "precision": 0.856895453764474,
      "recall": 0.9074100245624255,
      "f1-score": 0.8788224108097671,
      "support": 3382.0
    },
    "weighted avg": {
      "precision": 0.9294257099177221,
      "recall": 0.9266706091070372,
      "f1-score": 0.927612709233516,
      "support": 3382.0
    }
  },
  "target_agreement": 0.9476641040804258
}