{
  "accuracy": 0.9068598462448255,
  "precision_macro": 0.8351576918289856,
  "recall_macro": 0.8659648032565765,
  "f1_macro": 0.8490603315216687,
  "confusion_matrix": [
    [
      1043,
      41,
      4,
      31,
      0
    ],
    [
      24,
      1306,
      27,
      97,
      3
    ],
    [
      10,
      4,
      341,
      0,
      8
    ],
    [
      0,
      55,
      1,
      356,
      1
    ],
    [
      0,
      7,
      0,
      2,
      21
    ]
  ],
  "classification_report": {
    "0": {
      "precision": 0.968430826369545,
      "recall": 0.9320822162645219,
      "f1-score": 0.9499089253187614,
      "support": 1119.0
    },
    "1": {
      "precision": 0.924274593064402,
      "recall": 0.8963623884694578,
      "f1-score": 0.9101045296167247,
      "support": 1457.0
    },
    "2": {
      "precision": 0.9142091152815014,
      "recall": 0.9393939393939394,
      "f1-score": 0.9266304347826086,
      "support": 363.0
    },
    "3": {
      "precision": 0.7325102880658436,
      "recall": 0.8619854721549637,
      "f1-score": 0.7919911012235817,
      "support": 413.0
    },
    "4": {
      "precision": 0.6363636363636364,
      "recall": 0.7,
      "f1-score": 0.6666666666666666,
      "support": 30.0
    },
    "accuracy": 0.9068598462448255,
    "macro avg": {
      "precision": 0.8351576918289856,
      "recall": 0.8659648032565765,
      "f1-score": 0.8490603315216687,
      "support": 3382.0
    },
    "weighted avg": {
      "precision": 0.9118325676261507,
      "recall": 0.9068598462448255,
      "f1-score": 0.9084652749008539,
      "support": 3382.0
    }
  },
  "target_agreement": 0.9195742164399764
}