{
  "accuracy": 0.8897102306327617,
  "precision_macro": 0.7888314735717946,
  "recall_macro": 0.9020195932143794,
  "f1_macro": 0.827748771816778,
  "confusion_matrix": [
    [
      1082,
      18,
      2,
      17,
      0
    ],
    [
      33,
      1160,
      40,
      217,
      7
    ],
    [
      0,
      1,
      351,
      1,
      10
    ],
    [
      0,
      12,
      1,
      391,
      9
    ],
    [
      0,
      2,
      1,
      2,
      25
    ]
  ],
  "classification_report": {
    "0": {
      "precision": 0.9704035874439462,
      "recall": 0.966934763181412,
      "f1-score": 0.9686660698299016,
      "support": 1119.0
    },
    "1": {
      "precision": 0.972338642078793,
      "recall": 0.7961564859299931,
      "f1-score": 0.8754716981132076,
      "support": 1457.0
    },
    "2": {
      "precision": 0.8886075949367088,
      "recall": 0.9669421487603306,
      "f1-score": 0.9261213720316622,
      "support": 363.0
    },
    "3": {
      "precision": 0.6226114649681529,
      "recall": 0.9467312348668281,
      "f1-score": 0.7512007684918348,
      "support": 413.0
    },
    "4": {
      "precision": 0.49019607843137253,
      "recall": 0.8333333333333334,
      "f1-score": 0.6172839506172839,
      "support": 30.0
    },
    "accuracy": 0.8897102306327617,
    "macro avg": {
      "precision": 0.7888314735717946,
      "recall": 0.9020195932143794,
      "f1-score": 0.827748771816778,
      "support": 3382.0
    },
    "weighted avg": {
      "precision": 0.9157267859862184,
      "recall": 0.8897102306327617,
      "f1-score": 0.8942773773636141,
      "support": 3382.0
    }
  },
  "target_agreement": 0.8900059136605559
}