{
  "accuracy": 0.8979893554109994,
  "precision_macro": 0.8194764083407808,
  "recall_macro": 0.8948635345883886,
  "f1_macro": 0.8495454820304609,
  "confusion_matrix": [
    [
      1033,
      44,
      10,
      32,
      0
    ],
    [
      28,
      1259,
      29,
      137,
      4
    ],
    [
      16,
      6,
      331,
      0,
      10
    ],
    [
      0,
      19,
      3,
      389,
      2
    ],
    [
      0,
      4,
      0,
      1,
      25
    ]
  ],
  "classification_report": {
    "0": {
      "precision": 0.9591457753017641,
      "recall": 0.9231456657730116,
      "f1-score": 0.9408014571948998,
      "support": 1119.0
    },
    "1": {
      "precision": 0.9451951951951952,
      "recall": 0.8641043239533288,
      "f1-score": 0.9028325564718537,
      "support": 1457.0
    },
    "2": {
      "precision": 0.8873994638069705,
      "recall": 0.9118457300275482,
      "f1-score": 0.8994565217391305,
      "support": 363.0
    },
    "3": {
      "precision": 0.6958855098389982,
      "recall": 0.9418886198547215,
      "f1-score": 0.8004115226337448,
      "support": 413.0
    },
    "4": {
      "precision": 0.6097560975609756,
      "recall": 0.8333333333333334,
      "f1-score": 0.704225352112676,
      "support": 30.0
    },
    "accuracy": 0.8979893554109994,
    "macro avg": {
      "precision": 0.8194764083407808,
      "recall": 0.8948635345883886,
      "f1-score": 0.8495454820304609,
      "support": 3382.0
    },
    "weighted avg": {
      "precision": 0.910187145421153,
      "recall": 0.8979893554109994,
      "f1-score": 0.9007638386111781,
      "support": 3382.0
    }
  },
  "target_agreement": 0.9172087522176227
}