{
  "accuracy": 0.8752217622708457,
  "precision_macro": 0.7571188379485104,
  "recall_macro": 0.8607404933860494,
  "f1_macro": 0.792021947392492,
  "confusion_matrix": [
    [
      1011,
      61,
      12,
      31,
      4
    ],
    [
      20,
      1234,
      37,
      153,
      13
    ],
    [
      17,
      4,
      333,
      0,
      9
    ],
    [
      1,
      40,
      1,
      359,
      12
    ],
    [
      0,
      2,
      0,
      5,
      23
    ]
  ],
  "classification_report": {
    "0": {
      "precision": 0.9637750238322211,
      "recall": 0.903485254691689,
      "f1-score": 0.9326568265682657,
      "support": 1119.0
    },
    "1": {
      "precision": 0.9202087994034303,
      "recall": 0.846945778997941,
      "f1-score": 0.8820586132952108,
      "support": 1457.0
    },
    "2": {
      "precision": 0.8694516971279374,
      "recall": 0.9173553719008265,
      "f1-score": 0.8927613941018767,
      "support": 363.0
    },
    "3": {
      "precision": 0.6551094890510949,
      "recall": 0.8692493946731235,
      "f1-score": 0.7471383975026015,
      "support": 413.0
    },
    "4": {
      "precision": 0.3770491803278688,
      "recall": 0.7666666666666667,
      "f1-score": 0.5054945054945055,
      "support": 30.0
    },
    "accuracy": 0.8752217622708457,
    "macro avg": {
      "precision": 0.7571188379485104,
      "recall": 0.8607404933860494,
      "f1-score": 0.792021947392492,
      "support": 3382.0
    },
    "weighted avg": {
      "precision": 0.891984368079371,
      "recall": 0.8752217622708457,
      "f1-score": 0.8801323973664703,
      "support": 3382.0
    }
  },
  "target_agreement": 0.8769958604376109
}