{
  "accuracy": 0.9074512123004139,
  "precision_macro": 0.8478968091890244,
  "recall_macro": 0.8999827884140121,
  "f1_macro": 0.8713665098397249,
  "confusion_matrix": [
    [
      1047,
      49,
      7,
      16,
      0
    ],
    [
      30,
      1281,
      41,
      101,
      4
    ],
    [
      2,
      3,
      354,
      0,
      4
    ],
    [
      1,
      46,
      2,
      362,
      2
    ],
    [
      0,
      3,
      0,
      2,
      25
    ]
  ],
  "classification_report": {
    "0": {
      "precision": 0.9694444444444444,
      "recall": 0.935656836461126,
      "f1-score": 0.9522510231923602,
      "support": 1119.0
    },
    "1": {
      "precision": 0.926917510853835,
      "recall": 0.87920384351407,
      "f1-score": 0.9024304332511448,
      "support": 1457.0
    },
    "2": {
      "precision": 0.8762376237623762,
      "recall": 0.9752066115702479,
      "f1-score": 0.9230769230769231,
      "support": 363.0
    },
    "3": {
      "precision": 0.7525987525987526,
      "recall": 0.8765133171912833,
      "f1-score": 0.8098434004474273,
      "support": 413.0
    },
    "4": {
      "precision": 0.7142857142857143,
      "recall": 0.8333333333333334,
      "f1-score": 0.7692307692307693,
      "support": 30.0
    },
    "accuracy": 0.9074512123004139,
    "macro avg": {
      "precision": 0.8478968091890244,
      "recall": 0.8999827884140121,
      "f1-score": 0.8713665098397249,
      "support": 3382.0
    },
    "weighted avg": {
      "precision": 0.912375298735946,
      "recall": 0.9074512123004139,
      "f1-score": 0.9086425803482563,
      "support": 3382.0
    }
  },
  "target_agreement": 0.9243051448846836
}