{
  "accuracy": 0.9231224127735068,
  "precision_macro": 0.8643868119850563,
  "recall_macro": 0.9207480994793762,
  "f1_macro": 0.8894614028517424,
  "confusion_matrix": [
    [
      1071,
      35,
      2,
      11,
      0
    ],
    [
      42,
      1292,
      23,
      95,
      5
    ],
    [
      0,
      4,
      355,
      0,
      4
    ],
    [
      0,
      32,
      1,
      378,
      2
    ],
    [
      0,
      3,
      0,
      1,
      26
    ]
  ],
  "classification_report": {
    "0": {
      "precision": 0.9622641509433962,
      "recall": 0.9571045576407506,
      "f1-score": 0.9596774193548387,
      "support": 1119.0
    },
    "1": {
      "precision": 0.9458272327964861,
      "recall": 0.8867536032944406,
      "f1-score": 0.9153382925965285,
      "support": 1457.0
    },
    "2": {
      "precision": 0.931758530183727,
      "recall": 0.977961432506887,
      "f1-score": 0.9543010752688172,
      "support": 363.0
    },
    "3": {
      "precision": 0.7793814432989691,
      "recall": 0.9152542372881356,
      "f1-score": 0.8418708240534521,
      "support": 413.0
    },
    "4": {
      "precision": 0.7027027027027027,
      "recall": 0.8666666666666667,
      "f1-score": 0.7761194029850746,
      "support": 30.0
    },
    "accuracy": 0.9231224127735068,
    "macro avg": {
      "precision": 0.8643868119850563,
      "recall": 0.9207480994793762,
      "f1-score": 0.8894614028517424,
      "support": 3382.0
    },
    "weighted avg": {
      "precision": 0.927273159878885,
      "recall": 0.9231224127735068,
      "f1-score": 0.9239841653806669,
      "support": 3382.0
    }
  },
  "target_agreement": 0.9257835600236547
}