{
  "accuracy": 0.8917800118273211,
  "precision_macro": 0.8083329366145527,
  "recall_macro": 0.8640498279696024,
  "f1_macro": 0.8303447533411671,
  "confusion_matrix": [
    [
      1006,
      73,
      9,
      31,
      0
    ],
    [
      9,
      1271,
      31,
      142,
      4
    ],
    [
      12,
      5,
      331,
      4,
      11
    ],
    [
      0,
      24,
      1,
      387,
      1
    ],
    [
      0,
      7,
      0,
      2,
      21
    ]
  ],
  "classification_report": {
    "0": {
      "precision": 0.9795520934761441,
      "recall": 0.8990169794459338,
      "f1-score": 0.9375582479030755,
      "support": 1119.0
    },
    "1": {
      "precision": 0.9210144927536232,
      "recall": 0.8723404255319149,
      "f1-score": 0.8960169192809305,
      "support": 1457.0
    },
    "2": {
      "precision": 0.8897849462365591,
      "recall": 0.9118457300275482,
      "f1-score": 0.9006802721088435,
      "support": 363.0
    },
    "3": {
      "precision": 0.6837455830388692,
      "recall": 0.937046004842615,
      "f1-score": 0.7906026557711952,
      "support": 413.0
    },
    "4": {
      "precision": 0.5675675675675675,
      "recall": 0.7,
      "f1-score": 0.6268656716417911,
      "support": 30.0
    },
    "accuracy": 0.8917800118273211,
    "macro avg": {
      "precision": 0.8083329366145527,
      "recall": 0.8640498279696024,
      "f1-score": 0.8303447533411671,
      "support": 3382.0
    },
    "weighted avg": {
      "precision": 0.904920992562917,
      "recall": 0.8917800118273211,
      "f1-score": 0.895001814474904,
      "support": 3382.0
    }
  },
  "target_agreement": 0.9086339444115907
}