{
  "accuracy": 0.9231224127735068,
  "precision_macro": 0.8307067234623166,
  "recall_macro": 0.9241511862465952,
  "f1_macro": 0.8654367938126472,
  "confusion_matrix": [
    [
      1052,
      49,
      2,
      16,
      0
    ],
    [
      16,
      1297,
      16,
      119,
      9
    ],
    [
      0,
      5,
      345,
      1,
      12
    ],
    [
      0,
      8,
      0,
      402,
      3
    ],
    [
      0,
      3,
      0,
      1,
      26
    ]
  ],
  "classification_report": {
    "0": {
      "precision": 0.9850187265917603,
      "recall": 0.9401251117068812,
      "f1-score": 0.9620484682213077,
      "support": 1119.0
    },
    "1": {
      "precision": 0.9522760646108663,
      "recall": 0.8901853122855182,
      "f1-score": 0.9201844625753813,
      "support": 1457.0
    },
    "2": {
      "precision": 0.9504132231404959,
      "recall": 0.9504132231404959,
      "f1-score": 0.9504132231404959,
      "support": 363.0
    },
    "3": {
      "precision": 0.7458256029684601,
      "recall": 0.9733656174334141,
      "f1-score": 0.8445378151260504,
      "support": 413.0
    },
    "4": {
      "precision": 0.52,
      "recall": 0.8666666666666667,
      "f1-score": 0.65,
      "support": 30.0
    },
    "accuracy": 0.9231224127735068,
    "macro avg": {
      "precision": 0.8307067234623166,
      "recall": 0.9241511862465952,
      "f1-score": 0.8654367938126472,
      "support": 3382.0
    },
    "weighted avg": {
      "precision": 0.9338640317031892,
      "recall": 0.9231224127735068,
      "f1-score": 0.925646101584575,
      "support": 3382.0
    }
  },
  "target_agreement": 0.9257835600236547
}