{
  "accuracy": 0.9204612655233589,
  "precision_macro": 0.851481356558395,
  "recall_macro": 0.906160906173956,
  "f1_macro": 0.8751848455536555,
  "confusion_matrix": [
    [
      1062,
      44,
      1,
      12,
      0
    ],
    [
      23,
      1293,
      22,
      113,
      6
    ],
    [
      0,
      7,
      351,
      0,
      5
    ],
    [
      0,
      28,
      0,
      383,
      2
    ],
    [
      0,
      5,
      0,
      1,
      24
    ]
  ],
  "classification_report": {
    "0": {
      "precision": 0.9788018433179724,
      "recall": 0.9490616621983914,
      "f1-score": 0.9637023593466425,
      "support": 1119.0
    },
    "1": {
      "precision": 0.9389978213507625,
      "recall": 0.8874399450926561,
      "f1-score": 0.9124911785462244,
      "support": 1457.0
    },
    "2": {
      "precision": 0.9385026737967914,
      "recall": 0.9669421487603306,
      "f1-score": 0.9525101763907734,
      "support": 363.0
    },
    "3": {
      "precision": 0.7524557956777996,
      "recall": 0.927360774818402,
      "f1-score": 0.8308026030368764,
      "support": 413.0
    },
    "4": {
      "precision": 0.6486486486486487,
      "recall": 0.8,
      "f1-score": 0.7164179104477612,
      "support": 30.0
    },
    "accuracy": 0.9204612655233589,
    "macro avg": {
      "precision": 0.851481356558395,
      "recall": 0.906160906173956,
      "f1-score": 0.8751848455536555,
      "support": 3382.0
    },
    "weighted avg": {
      "precision": 0.9267590958141626,
      "recall": 0.9204612655233589,
      "f1-score": 0.9220159058687922,
      "support": 3382.0
    }
  },
  "target_agreement": 0.9461856889414547
}