{
  "accuracy": 0.8882318154937907,
  "precision_macro": 0.8147282372439587,
  "recall_macro": 0.8487636172707965,
  "f1_macro": 0.8286185032889986,
  "confusion_matrix": [
    [
      1011,
      94,
      12,
      2,
      0
    ],
    [
      6,
      1328,
      33,
      85,
      5
    ],
    [
      20,
      9,
      323,
      0,
      11
    ],
    [
      1,
      89,
      3,
      319,
      1
    ],
    [
      0,
      6,
      0,
      1,
      23
    ]
  ],
  "classification_report": {
    "0": {
      "precision": 0.9739884393063584,
      "recall": 0.903485254691689,
      "f1-score": 0.9374130737134909,
      "support": 1119.0
    },
    "1": {
      "precision": 0.8702490170380078,
      "recall": 0.911461908030199,
      "f1-score": 0.8903788132752263,
      "support": 1457.0
    },
    "2": {
      "precision": 0.8706199460916442,
      "recall": 0.8898071625344353,
      "f1-score": 0.8801089918256131,
      "support": 363.0
    },
    "3": {
      "precision": 0.7837837837837838,
      "recall": 0.7723970944309927,
      "f1-score": 0.7780487804878049,
      "support": 413.0
    },
    "4": {
      "precision": 0.575,
      "recall": 0.7666666666666667,
      "f1-score": 0.6571428571428571,
      "support": 30.0
    },
    "accuracy": 0.8882318154937907,
    "macro avg": {
      "precision": 0.8147282372439587,
      "recall": 0.8487636172707965,
      "f1-score": 0.8286185032889986,
      "support": 3382.0
    },
    "weighted avg": {
      "precision": 0.8914351344004026,
      "recall": 0.8882318154937907,
      "f1-score": 0.8890523821749994,
      "support": 3382.0
    }
  },
  "target_agreement": 0.9030159668835009
}