{
  "accuracy": 0.8882318154937907,
  "precision_macro": 0.8165980326470784,
  "recall_macro": 0.8711619686560332,
  "f1_macro": 0.8399535264490158,
  "confusion_matrix": [
    [
      1021,
      78,
      8,
      12,
      0
    ],
    [
      19,
      1274,
      32,
      128,
      4
    ],
    [
      18,
      4,
      331,
      1,
      9
    ],
    [
      0,
      56,
      1,
      354,
      2
    ],
    [
      0,
      5,
      0,
      1,
      24
    ]
  ],
  "classification_report": {
    "0": {
      "precision": 0.9650283553875236,
      "recall": 0.9124218051831993,
      "f1-score": 0.937988056959118,
      "support": 1119.0
    },
    "1": {
      "precision": 0.8990825688073395,
      "recall": 0.8743994509265615,
      "f1-score": 0.8865692414752957,
      "support": 1457.0
    },
    "2": {
      "precision": 0.8897849462365591,
      "recall": 0.9118457300275482,
      "f1-score": 0.9006802721088435,
      "support": 363.0
    },
    "3": {
      "precision": 0.7137096774193549,
      "recall": 0.8571428571428571,
      "f1-score": 0.7788778877887789,
      "support": 413.0
    },
    "4": {
      "precision": 0.6153846153846154,
      "recall": 0.8,
      "f1-score": 0.6956521739130435,
      "support": 30.0
    },
    "accuracy": 0.8882318154937907,
    "macro avg": {
      "precision": 0.8165980326470784,
      "recall": 0.8711619686560332,
      "f1-score": 0.8399535264490158,
      "support": 3382.0
    },
    "weighted avg": {
      "precision": 0.8947503261828904,
      "recall": 0.8882318154937907,
      "f1-score": 0.8902522448895406,
      "support": 3382.0
    }
  },
  "target_agreement": 0.9036073329390893
}