{
  "accuracy": 0.9243051448846836,
  "precision_macro": 0.836059622060974,
  "recall_macro": 0.9146658837930184,
  "f1_macro": 0.8689689921894306,
  "confusion_matrix": [
    [
      1065,
      38,
      3,
      13,
      0
    ],
    [
      18,
      1302,
      36,
      95,
      6
    ],
    [
      0,
      2,
      352,
      0,
      9
    ],
    [
      0,
      22,
      6,
      382,
      3
    ],
    [
      0,
      3,
      0,
      2,
      25
    ]
  ],
  "classification_report": {
    "0": {
      "precision": 0.9833795013850416,
      "recall": 0.9517426273458445,
      "f1-score": 0.9673024523160763,
      "support": 1119.0
    },
    "1": {
      "precision": 0.9524506217995611,
      "recall": 0.8936170212765957,
      "f1-score": 0.9220963172804533,
      "support": 1457.0
    },
    "2": {
      "precision": 0.8866498740554156,
      "recall": 0.9696969696969697,
      "f1-score": 0.9263157894736842,
      "support": 363.0
    },
    "3": {
      "precision": 0.7764227642276422,
      "recall": 0.9249394673123487,
      "f1-score": 0.8441988950276244,
      "support": 413.0
    },
    "4": {
      "precision": 0.5813953488372093,
      "recall": 0.8333333333333334,
      "f1-score": 0.684931506849315,
      "support": 30.0
    },
    "accuracy": 0.9243051448846836,
    "macro avg": {
      "precision": 0.836059622060974,
      "recall": 0.9146658837930184,
      "f1-score": 0.8689689921894306,
      "support": 3382.0
    },
    "weighted avg": {
      "precision": 0.9308339989311266,
      "recall": 0.9243051448846836,
      "f1-score": 0.9258901534151822,
      "support": 3382.0
    }
  },
  "target_agreement": 0.9266706091070372
}