{
  "accuracy": 0.898876404494382,
  "precision_macro": 0.8118467705566055,
  "recall_macro": 0.8879257057782253,
  "f1_macro": 0.8429551830160017,
  "confusion_matrix": [
    [
      1010,
      70,
      10,
      29,
      0
    ],
    [
      10,
      1286,
      46,
      109,
      6
    ],
    [
      14,
      5,
      333,
      0,
      11
    ],
    [
      0,
      22,
      3,
      387,
      1
    ],
    [
      0,
      4,
      0,
      2,
      24
    ]
  ],
  "classification_report": {
    "0": {
      "precision": 0.97678916827853,
      "recall": 0.902591599642538,
      "f1-score": 0.9382257315373896,
      "support": 1119.0
    },
    "1": {
      "precision": 0.9271809661139149,
      "recall": 0.8826355525051476,
      "f1-score": 0.9043600562587905,
      "support": 1457.0
    },
    "2": {
      "precision": 0.8494897959183674,
      "recall": 0.9173553719008265,
      "f1-score": 0.8821192052980132,
      "support": 363.0
    },
    "3": {
      "precision": 0.7343453510436433,
      "recall": 0.937046004842615,
      "f1-score": 0.823404255319149,
      "support": 413.0
    },
    "4": {
      "precision": 0.5714285714285714,
      "recall": 0.8,
      "f1-score": 0.6666666666666666,
      "support": 30.0
    },
    "accuracy": 0.898876404494382,
    "macro avg": {
      "precision": 0.8118467705566055,
      "recall": 0.8879257057782253,
      "f1-score": 0.8429551830160017,
      "support": 3382.0
    },
    "weighted avg": {
      "precision": 0.9085517533926369,
      "recall": 0.898876404494382,
      "f1-score": 0.9011834490033661,
      "support": 3382.0
    }
  },
  "target_agreement": 0.9012418687167356
}