{
  "accuracy": 0.9012418687167356,
  "precision_macro": 0.7861728035431853,
  "recall_macro": 0.8980668312526877,
  "f1_macro": 0.8229131923801736,
  "confusion_matrix": [
    [
      1058,
      43,
      3,
      14,
      1
    ],
    [
      25,
      1264,
      30,
      119,
      19
    ],
    [
      0,
      4,
      347,
      0,
      12
    ],
    [
      0,
      51,
      1,
      353,
      8
    ],
    [
      0,
      1,
      0,
      3,
      26
    ]
  ],
  "classification_report": {
    "0": {
      "precision": 0.976915974145891,
      "recall": 0.9454870420017873,
      "f1-score": 0.96094459582198,
      "support": 1119.0
    },
    "1": {
      "precision": 0.9273661041819515,
      "recall": 0.8675360329444063,
      "f1-score": 0.8964539007092198,
      "support": 1457.0
    },
    "2": {
      "precision": 0.910761154855643,
      "recall": 0.9559228650137741,
      "f1-score": 0.9327956989247311,
      "support": 363.0
    },
    "3": {
      "precision": 0.721881390593047,
      "recall": 0.8547215496368039,
      "f1-score": 0.7827050997782705,
      "support": 413.0
    },
    "4": {
      "precision": 0.3939393939393939,
      "recall": 0.8666666666666667,
      "f1-score": 0.5416666666666666,
      "support": 30.0
    },
    "accuracy": 0.9012418687167356,
    "macro avg": {
      "precision": 0.7861728035431853,
      "recall": 0.8980668312526877,
      "f1-score": 0.8229131923801736,
      "support": 3382.0
    },
    "weighted avg": {
      "precision": 0.912153425253715,
      "recall": 0.9012418687167356,
      "f1-score": 0.9046547548717423,
      "support": 3382.0
    }
  },
  "target_agreement": 0.9024246008279124
}