{
  "accuracy": 0.8982850384387936,
  "precision_macro": 0.8128347796170192,
  "recall_macro": 0.9044978212607179,
  "f1_macro": 0.8460366205093118,
  "confusion_matrix": [
    [
      1067,
      17,
      1,
      34,
      0
    ],
    [
      30,
      1205,
      31,
      182,
      9
    ],
    [
      6,
      3,
      343,
      2,
      9
    ],
    [
      0,
      14,
      0,
      398,
      1
    ],
    [
      0,
      2,
      0,
      3,
      25
    ]
  ],
  "classification_report": {
    "0": {
      "precision": 0.9673617407071623,
      "recall": 0.9535299374441466,
      "f1-score": 0.9603960396039604,
      "support": 1119.0
    },
    "1": {
      "precision": 0.9709911361804996,
      "recall": 0.8270418668496912,
      "f1-score": 0.8932542624166049,
      "support": 1457.0
    },
    "2": {
      "precision": 0.9146666666666666,
      "recall": 0.9449035812672176,
      "f1-score": 0.9295392953929539,
      "support": 363.0
    },
    "3": {
      "precision": 0.6429725363489499,
      "recall": 0.9636803874092009,
      "f1-score": 0.7713178294573644,
      "support": 413.0
    },
    "4": {
      "precision": 0.5681818181818182,
      "recall": 0.8333333333333334,
      "f1-score": 0.6756756756756757,
      "support": 30.0
    },
    "accuracy": 0.8982850384387936,
    "macro avg": {
      "precision": 0.8128347796170192,
      "recall": 0.9044978212607179,
      "f1-score": 0.8460366205093118,
      "support": 3382.0
    },
    "weighted avg": {
      "precision": 0.9201150163583304,
      "recall": 0.8982850384387936,
      "f1-score": 0.9025434437379153,
      "support": 3382.0
    }
  },
  "target_agreement": 0.9107037256061502
}