{
  "accuracy": 0.9246008279124778,
  "precision_macro": 0.8481717405211452,
  "recall_macro": 0.9041767900254261,
  "f1_macro": 0.8724452062207225,
  "confusion_matrix": [
    [
      1030,
      72,
      3,
      14,
      0
    ],
    [
      9,
      1329,
      26,
      89,
      4
    ],
    [
      3,
      3,
      353,
      0,
      4
    ],
    [
      0,
      14,
      0,
      392,
      7
    ],
    [
      2,
      4,
      0,
      1,
      23
    ]
  ],
  "classification_report": {
    "0": {
      "precision": 0.9865900383141762,
      "recall": 0.9204647006255585,
      "f1-score": 0.9523809523809523,
      "support": 1119.0
    },
    "1": {
      "precision": 0.9345991561181435,
      "recall": 0.9121482498284146,
      "f1-score": 0.9232372351510941,
      "support": 1457.0
    },
    "2": {
      "precision": 0.9240837696335078,
      "recall": 0.9724517906336089,
      "f1-score": 0.9476510067114094,
      "support": 363.0
    },
    "3": {
      "precision": 0.7903225806451613,
      "recall": 0.9491525423728814,
      "f1-score": 0.8624862486248625,
      "support": 413.0
    },
    "4": {
      "precision": 0.6052631578947368,
      "recall": 0.7666666666666667,
      "f1-score": 0.6764705882352942,
      "support": 30.0
    },
    "accuracy": 0.9246008279124778,
    "macro avg": {
      "precision": 0.8481717405211452,
      "recall": 0.9041767900254261,
      "f1-score": 0.8724452062207225,
      "support": 3382.0
    },
    "weighted avg": {
      "precision": 0.9301326884263617,
      "recall": 0.9246008279124778,
      "f1-score": 0.9258927235643992,
      "support": 3382.0
    }
  },
  "target_agreement": 0.9269662921348315
}