{
  "accuracy": 0.8826138379657008,
  "precision_macro": 0.8042624997715526,
  "recall_macro": 0.8839292911139864,
  "f1_macro": 0.8347465643697474,
  "confusion_matrix": [
    [
      1010,
      72,
      9,
      28,
      0
    ],
    [
      9,
      1238,
      37,
      168,
      5
    ],
    [
      14,
      4,
      330,
      4,
      11
    ],
    [
      0,
      29,
      1,
      382,
      1
    ],
    [
      0,
      1,
      0,
      4,
      25
    ]
  ],
  "classification_report": {
    "0": {
      "precision": 0.9777347531461762,
      "recall": 0.902591599642538,
      "f1-score": 0.9386617100371747,
      "support": 1119.0
    },
    "1": {
      "precision": 0.9211309523809523,
      "recall": 0.849691146190803,
      "f1-score": 0.8839700107104606,
      "support": 1457.0
    },
    "2": {
      "precision": 0.8753315649867374,
      "recall": 0.9090909090909091,
      "f1-score": 0.8918918918918919,
      "support": 363.0
    },
    "3": {
      "precision": 0.6518771331058021,
      "recall": 0.9249394673123487,
      "f1-score": 0.7647647647647647,
      "support": 413.0
    },
    "4": {
      "precision": 0.5952380952380952,
      "recall": 0.8333333333333334,
      "f1-score": 0.6944444444444444,
      "support": 30.0
    },
    "accuracy": 0.8826138379657008,
    "macro avg": {
      "precision": 0.8042624997715526,
      "recall": 0.8839292911139864,
      "f1-score": 0.8347465643697474,
      "support": 3382.0
    },
    "weighted avg": {
      "precision": 0.8991723073062222,
      "recall": 0.8826138379657008,
      "f1-score": 0.8866779116128555,
      "support": 3382.0
    }
  },
  "target_agreement": 0.8835008870490834
}