{
  "accuracy": 0.8696037847427558,
  "precision_macro": 0.7706576807962742,
  "recall_macro": 0.878276077733072,
  "f1_macro": 0.8083485872194796,
  "confusion_matrix": [
    [
      991,
      81,
      17,
      30,
      0
    ],
    [
      13,
      1210,
      41,
      186,
      7
    ],
    [
      14,
      3,
      332,
      3,
      11
    ],
    [
      0,
      18,
      3,
      383,
      9
    ],
    [
      0,
      3,
      0,
      2,
      25
    ]
  ],
  "classification_report": {
    "0": {
      "precision": 0.9734774066797642,
      "recall": 0.8856121537086684,
      "f1-score": 0.927468413664015,
      "support": 1119.0
    },
    "1": {
      "precision": 0.9201520912547528,
      "recall": 0.8304735758407688,
      "f1-score": 0.873015873015873,
      "support": 1457.0
    },
    "2": {
      "precision": 0.8447837150127226,
      "recall": 0.9146005509641874,
      "f1-score": 0.8783068783068783,
      "support": 363.0
    },
    "3": {
      "precision": 0.6341059602649006,
      "recall": 0.927360774818402,
      "f1-score": 0.7531956735496559,
      "support": 413.0
    },
    "4": {
      "precision": 0.4807692307692308,
      "recall": 0.8333333333333334,
      "f1-score": 0.6097560975609756,
      "support": 30.0
    },
    "accuracy": 0.8696037847427558,
    "macro avg": {
      "precision": 0.7706576807962742,
      "recall": 0.878276077733072,
      "f1-score": 0.8083485872194796,
      "support": 3382.0
    },
    "weighted avg": {
      "precision": 0.8908776292415524,
      "recall": 0.8696037847427558,
      "f1-score": 0.8746331090486084,
      "support": 3382.0
    }
  },
  "target_agreement": 0.8722649319929036
}