{
  "accuracy": 0.9751626256652868,
  "precision_macro": 0.9701756302619687,
  "recall_macro": 0.9416789730627313,
  "f1_macro": 0.9534965125023277,
  "confusion_matrix": [
    [
      1114,
      5,
      0,
      0,
      0
    ],
    [
      3,
      1404,
      13,
      37,
      0
    ],
    [
      1,
      6,
      356,
      0,
      0
    ],
    [
      0,
      12,
      1,
      400,
      0
    ],
    [
      0,
      4,
      0,
      2,
      24
    ]
  ],
  "classification_report": {
    "0": {
      "precision": 0.9964221824686941,
      "recall": 0.9955317247542449,
      "f1-score": 0.9959767545820295,
      "support": 1119.0
    },
    "1": {
      "precision": 0.9811320754716981,
      "recall": 0.9636238846945779,
      "f1-score": 0.9722991689750693,
      "support": 1457.0
    },
    "2": {
      "precision": 0.9621621621621622,
      "recall": 0.9807162534435262,
      "f1-score": 0.9713506139154161,
      "support": 363.0
    },
    "3": {
      "precision": 0.9111617312072893,
      "recall": 0.9685230024213075,
      "f1-score": 0.9389671361502347,
      "support": 413.0
    },
    "4": {
      "precision": 1.0,
      "recall": 0.8,
      "f1-score": 0.8888888888888888,
      "support": 30.0
    },
    "accuracy": 0.9751626256652868,
    "macro avg": {
      "precision": 0.9701756302619687,
      "recall": 0.9416789730627313,
      "f1-score": 0.9534965125023277,
      "support": 3382.0
    },
    "weighted avg": {
      "precision": 0.9757777989350113,
      "recall": 0.9751626256652868,
      "f1-score": 0.9752212431466518,
      "support": 3382.0
    }
  },
  "model_name": "tabnet"
}