{
  "accuracy": 0.9556475458308693,
  "precision_macro": 0.9304146395277539,
  "recall_macro": 0.9022706054391602,
  "f1_macro": 0.9143441565526391,
  "confusion_matrix": [
    [
      1102,
      17,
      0,
      0,
      0
    ],
    [
      12,
      1382,
      19,
      44,
      0
    ],
    [
      0,
      8,
      353,
      0,
      2
    ],
    [
      0,
      37,
      1,
      374,
      1
    ],
    [
      0,
      6,
      0,
      3,
      21
    ]
  ],
  "classification_report": {
    "0": {
      "precision": 0.9892280071813285,
      "recall": 0.9848078641644326,
      "f1-score": 0.987012987012987,
      "support": 1119.0
    },
    "1": {
      "precision": 0.953103448275862,
      "recall": 0.9485243651338366,
      "f1-score": 0.9508083935328517,
      "support": 1457.0
    },
    "2": {
      "precision": 0.9463806970509383,
      "recall": 0.9724517906336089,
      "f1-score": 0.9592391304347826,
      "support": 363.0
    },
    "3": {
      "precision": 0.8883610451306413,
      "recall": 0.9055690072639225,
      "f1-score": 0.8968824940047961,
      "support": 413.0
    },
    "4": {
      "precision": 0.875,
      "recall": 0.7,
      "f1-score": 0.7777777777777778,
      "support": 30.0
    },
    "accuracy": 0.9556475458308693,
    "macro avg": {
      "precision": 0.9304146395277539,
      "recall": 0.9022706054391602,
      "f1-score": 0.9143441565526391,
      "support": 3382.0
    },
    "weighted avg": {
      "precision": 0.9557354136139218,
      "recall": 0.9556475458308693,
      "f1-score": 0.9555721376552447,
      "support": 3382.0
    }
  },
  "model_name": "tabnet"
}