{
  "accuracy": 0.7426101140064217,
  "precision_macro": 0.5146413447929914,
  "recall_macro": 0.4111204038294168,
  "f1_macro": 0.40643517470373647,
  "confusion_matrix": [
    [
      0,
      0,
      1281,
      214,
      4,
      6,
      495,
      0,
      0,
      0
    ],
    [
      0,
      0,
      1260,
      330,
      19,
      3,
      85,
      49,
      0,
      0
    ],
    [
      0,
      0,
      8552,
      2979,
      63,
      58,
      496,
      113,
      3,
      0
    ],
    [
      2,
      0,
      11488,
      19307,
      260,
      74,
      1833,
      419,
      10,
      0
    ],
    [
      0,
      0,
      1275,
      558,
      1460,
      343,
      14322,
      217,
      9,
      0
    ],
    [
      0,
      0,
      303,
      414,
      23,
      39129,
      119,
      12,
      0,
      0
    ],
    [
      0,
      0,
      8,
      574,
      336,
      123,
      54846,
      111,
      2,
      0
    ],
    [
      0,
      0,
      1554,
      1262,
      134,
      18,
      783,
      6740,
      0,
      0
    ],
    [
      0,
      0,
      0,
      134,
      57,
      0,
      386,
      380,
      176,
      0
    ],
    [
      0,
      0,
      1,
      114,
      6,
      0,
      9,
      0,
      0,
      0
    ]
  ],
  "classification_report": {
    "0": {
      "precision": 0.0,
      "recall": 0.0,
      "f1-score": 0.0,
      "support": 2000.0
    },
    "1": {
      "precision": 0.0,
      "recall": 0.0,
      "f1-score": 0.0,
      "support": 1746.0
    },
    "2": {
      "precision": 0.33247803436746753,
      "recall": 0.6973255055446836,
      "f1-score": 0.4502711525298794,
      "support": 12264.0
    },
    "3": {
      "precision": 0.7458471760797342,
      "recall": 0.578175066630731,
      "f1-score": 0.65139425428904,
      "support": 33393.0
    },
    "4": {
      "precision": 0.6181202370872142,
      "recall": 0.08029036515618126,
      "f1-score": 0.14212012070476004,
      "support": 18184.0
    },
    "5": {
      "precision": 0.9842783116164411,
      "recall": 0.978225,
      "f1-score": 0.9812423201344134,
      "support": 40000.0
    },
    "6": {
      "precision": 0.747485485321776,
      "recall": 0.9793928571428572,
      "f1-score": 0.8478674231298406,
      "support": 56000.0
    },
    "7": {
      "precision": 0.8382042034572814,
      "recall": 0.6424554379944715,
      "f1-score": 0.7273904597453054,
      "support": 10491.0
    },
    "8": {
      "precision": 0.88,
      "recall": 0.1553398058252427,
      "f1-score": 0.26406601650412603,
      "support": 1133.0
    },
    "9": {
      "precision": 0.0,
      "recall": 0.0,
      "f1-score": 0.0,
      "support": 130.0
    },
    "accuracy": 0.7426101140064217,
    "macro avg": {
      "precision": 0.5146413447929914,
      "recall": 0.4111204038294168,
      "f1-score": 0.40643517470373647,
      "support": 175341.0
    },
    "weighted avg": {
      "precision": 0.7485097250309657,
      "recall": 0.7426101140064217,
      "f1-score": 0.7101530995804203,
      "support": 175341.0
    }
  },
  "model_name": "tabnet"
}