{
  "transfer_success_rate": 0.30573625073920757,
  "perturbation_generalization": 0.30573625073920757,
  "structural_robustness": 1.0
}