{
  "transfer_success_rate": 0.3971023063276168,
  "perturbation_generalization": 0.3971023063276168,
  "structural_robustness": 1.0
}