{
  "transfer_success_rate": 0.4107037256061502,
  "perturbation_generalization": 0.4107037256061502,
  "structural_robustness": 1.0
}