{
  "transfer_success_rate": 0.3252513305736251,
  "perturbation_generalization": 0.3252513305736251,
  "structural_robustness": 1.0
}