{
  "transfer_success_rate": 0.115612063867534,
  "perturbation_generalization": 0.115612063867534,
  "structural_robustness": 1.0
}