{
  "transfer_success_rate": 0.3775872264931993,
  "perturbation_generalization": 0.3775872264931993,
  "structural_robustness": 1.0
}