{
  "transfer_success_rate": 0.43169722057953874,
  "perturbation_generalization": 0.43169722057953874,
  "structural_robustness": 1.0
}