{
  "transfer_success_rate": 0.19278533412182142,
  "perturbation_generalization": 0.19278533412182142,
  "structural_robustness": 1.0
}