{
  "transfer_success_rate": 0.06120638675340036,
  "perturbation_generalization": 0.06120638675340036,
  "structural_robustness": 1.0
}