{
  "transfer_success_rate": 0.5212891780011827,
  "perturbation_generalization": 0.5212891780011827,
  "structural_robustness": 1.0
}