{
  "transfer_success_rate": 0.486989946777055,
  "perturbation_generalization": 0.486989946777055,
  "structural_robustness": 1.0
}