{
  "transfer_success_rate": 0.4024246008279125,
  "perturbation_generalization": 0.4024246008279125,
  "structural_robustness": 1.0
}