{
  "transfer_success_rate": 0.5050266114725015,
  "perturbation_generalization": 0.5050266114725015,
  "structural_robustness": 1.0
}