{
  "transfer_success_rate": 0.5307510348905973,
  "perturbation_generalization": 0.5307510348905973,
  "structural_robustness": 1.0
}