{
  "transfer_success_rate": 0.18864577173270256,
  "perturbation_generalization": 0.18864577173270256,
  "structural_robustness": 1.0
}