{
  "transfer_success_rate": 0.1732702542874039,
  "perturbation_generalization": 0.1732702542874039,
  "structural_robustness": 1.0
}