{
  "transfer_success_rate": 0.5461265523358959,
  "perturbation_generalization": 0.5461265523358959,
  "structural_robustness": 1.0
}