{
  "transfer_success_rate": 0.39325842696629215,
  "perturbation_generalization": 0.39325842696629215,
  "structural_robustness": 1.0
}