{
  "accuracy": 0.7653999920155583,
  "precision_macro": 0.6687726702300949,
  "recall_macro": 0.4980076974998854,
  "f1_macro": 0.5139341788777283,
  "confusion_matrix": [
    [
      0,
      0,
      946,
      493,
      1,
      7,
      549,
      0,
      4,
      0
    ],
    [
      0,
      98,
      942,
      620,
      10,
      7,
      37,
      22,
      8,
      2
    ],
    [
      0,
      0,
      6503,
      5159,
      60,
      88,
      301,
      62,
      91,
      0
    ],
    [
      0,
      3,
      8461,
      22535,
      231,
      230,
      1280,
      526,
      108,
      19
    ],
    [
      0,
      0,
      935,
      777,
      2118,
      22,
      14261,
      13,
      57,
      1
    ],
    [
      0,
      0,
      232,
      283,
      23,
      39375,
      76,
      5,
      5,
      1
    ],
    [
      0,
      0,
      19,
      253,
      503,
      5,
      55133,
      79,
      7,
      1
    ],
    [
      0,
      3,
      1070,
      1495,
      17,
      10,
      64,
      7824,
      8,
      0
    ],
    [
      0,
      0,
      17,
      106,
      41,
      11,
      358,
      28,
      570,
      2
    ],
    [
      0,
      0,
      0,
      65,
      0,
      6,
      6,
      3,
      0,
      50
    ]
  ],
  "classification_report": {
    "0": {
      "precision": 0.0,
      "recall": 0.0,
      "f1-score": 0.0,
      "support": 2000.0
    },
    "1": {
      "precision": 0.9423076923076923,
      "recall": 0.056128293241695305,
      "f1-score": 0.10594594594594595,
      "support": 1746.0
    },
    "2": {
      "precision": 0.34002614379084967,
      "recall": 0.5302511415525114,
      "f1-score": 0.414348975755838,
      "support": 12264.0
    },
    "3": {
      "precision": 0.7089599194613981,
      "recall": 0.6748420327613571,
      "f1-score": 0.691480384786511,
      "support": 33393.0
    },
    "4": {
      "precision": 0.7050599201065246,
      "recall": 0.11647602287725473,
      "f1-score": 0.19992448555786294,
      "support": 18184.0
    },
    "5": {
      "precision": 0.9902919946681421,
      "recall": 0.984375,
      "f1-score": 0.987324632339113,
      "support": 40000.0
    },
    "6": {
      "precision": 0.765045445084299,
      "recall": 0.9845178571428571,
      "f1-score": 0.8610158903681724,
      "support": 56000.0
    },
    "7": {
      "precision": 0.9138051857042747,
      "recall": 0.7457820989419502,
      "f1-score": 0.8212879861439143,
      "support": 10491.0
    },
    "8": {
      "precision": 0.6643356643356644,
      "recall": 0.5030891438658429,
      "f1-score": 0.5725765946760422,
      "support": 1133.0
    },
    "9": {
      "precision": 0.6578947368421053,
      "recall": 0.38461538461538464,
      "f1-score": 0.4854368932038835,
      "support": 130.0
    },
    "accuracy": 0.7653999920155583,
    "macro avg": {
      "precision": 0.6687726702300949,
      "recall": 0.4980076974998854,
      "f1-score": 0.5139341788777283,
      "support": 175341.0
    },
    "weighted avg": {
      "precision": 0.7710098127315543,
      "recall": 0.7653999920155583,
      "f1-score": 0.7358828356719409,
      "support": 175341.0
    }
  },
  "model_name": "xgb",
  "train_time_sec": 29.861140966415405
}