{
  "accuracy": 0.9858072146658782,
  "precision_macro": 0.9781145018829775,
  "recall_macro": 0.9536971335168255,
  "f1_macro": 0.9649876406387193,
  "confusion_matrix": [
    [
      1114,
      4,
      1,
      0,
      0
    ],
    [
      1,
      1438,
      4,
      14,
      0
    ],
    [
      1,
      3,
      359,
      0,
      0
    ],
    [
      0,
      14,
      0,
      398,
      1
    ],
    [
      0,
      3,
      1,
      1,
      25
    ]
  ],
  "classification_report": {
    "0": {
      "precision": 0.9982078853046595,
      "recall": 0.9955317247542449,
      "f1-score": 0.9968680089485459,
      "support": 1119.0
    },
    "1": {
      "precision": 0.9835841313269493,
      "recall": 0.9869595058339052,
      "f1-score": 0.9852689277149709,
      "support": 1457.0
    },
    "2": {
      "precision": 0.9835616438356164,
      "recall": 0.9889807162534435,
      "f1-score": 0.9862637362637363,
      "support": 363.0
    },
    "3": {
      "precision": 0.9636803874092009,
      "recall": 0.9636803874092009,
      "f1-score": 0.9636803874092009,
      "support": 413.0
    },
    "4": {
      "precision": 0.9615384615384616,
      "recall": 0.8333333333333334,
      "f1-score": 0.8928571428571429,
      "support": 30.0
    },
    "accuracy": 0.9858072146658782,
    "macro avg": {
      "precision": 0.9781145018829775,
      "recall": 0.9536971335168255,
      "f1-score": 0.9649876406387193,
      "support": 3382.0
    },
    "weighted avg": {
      "precision": 0.9857941258302075,
      "recall": 0.9858072146658782,
      "f1-score": 0.9857574158023613,
      "support": 3382.0
    }
  },
  "model_name": "xgb",
  "train_time_sec": 1.6314291954040527
}