{
  "accuracy": 0.7652231936626345,
  "precision_macro": 0.6660911879998329,
  "recall_macro": 0.504622748384548,
  "f1_macro": 0.5188383681288334,
  "confusion_matrix": [
    [
      0,
      0,
      952,
      488,
      1,
      13,
      540,
      1,
      5,
      0
    ],
    [
      0,
      115,
      942,
      609,
      6,
      12,
      33,
      15,
      12,
      2
    ],
    [
      0,
      0,
      6556,
      5125,
      44,
      83,
      303,
      59,
      94,
      0
    ],
    [
      0,
      6,
      8455,
      22596,
      168,
      230,
      1277,
      518,
      125,
      18
    ],
    [
      0,
      0,
      939,
      766,
      1984,
      21,
      14403,
      11,
      55,
      5
    ],
    [
      0,
      0,
      240,
      274,
      17,
      39388,
      70,
      4,
      6,
      1
    ],
    [
      0,
      0,
      19,
      289,
      523,
      3,
      55077,
      79,
      10,
      0
    ],
    [
      0,
      5,
      1061,
      1523,
      11,
      11,
      61,
      7810,
      9,
      0
    ],
    [
      0,
      0,
      19,
      107,
      35,
      11,
      337,
      28,
      594,
      2
    ],
    [
      0,
      0,
      0,
      59,
      0,
      5,
      9,
      2,
      0,
      55
    ]
  ],
  "classification_report": {
    "0": {
      "precision": 0.0,
      "recall": 0.0,
      "f1-score": 0.0,
      "support": 2000.0
    },
    "1": {
      "precision": 0.9126984126984127,
      "recall": 0.06586483390607102,
      "f1-score": 0.12286324786324786,
      "support": 1746.0
    },
    "2": {
      "precision": 0.34176093416045455,
      "recall": 0.5345727332028702,
      "f1-score": 0.41695551244951823,
      "support": 12264.0
    },
    "3": {
      "precision": 0.7097625329815304,
      "recall": 0.6766687629143833,
      "f1-score": 0.6928206779193303,
      "support": 33393.0
    },
    "4": {
      "precision": 0.7113660810326282,
      "recall": 0.10910690717113947,
      "f1-score": 0.18919563247985505,
      "support": 18184.0
    },
    "5": {
      "precision": 0.9902204791713805,
      "recall": 0.9847,
      "f1-score": 0.9874525239104003,
      "support": 40000.0
    },
    "6": {
      "precision": 0.7637914297600887,
      "recall": 0.9835178571428571,
      "f1-score": 0.8598392006869097,
      "support": 56000.0
    },
    "7": {
      "precision": 0.9159141550369415,
      "recall": 0.7444476217710418,
      "f1-score": 0.8213271637396151,
      "support": 10491.0
    },
    "8": {
      "precision": 0.6527472527472528,
      "recall": 0.5242718446601942,
      "f1-score": 0.5814977973568282,
      "support": 1133.0
    },
    "9": {
      "precision": 0.6626506024096386,
      "recall": 0.4230769230769231,
      "f1-score": 0.5164319248826291,
      "support": 130.0
    },
    "accuracy": 0.7652231936626345,
    "macro avg": {
      "precision": 0.6660911879998329,
      "recall": 0.504622748384548,
      "f1-score": 0.5188383681288334,
      "support": 175341.0
    },
    "weighted avg": {
      "precision": 0.7712811633106541,
      "recall": 0.7652231936626345,
      "f1-score": 0.7351125437777776,
      "support": 175341.0
    }
  },
  "model_name": "xgb",
  "train_time_sec": 29.626518964767456
}