{
  "feature_names": [
    "f_0",
    "f_1",
    "f_2",
    "f_3",
    "f_4",
    "f_5",
    "f_6",
    "f_7",
    "f_8",
    "f_9",
    "f_10",
    "f_11",
    "f_12",
    "f_13",
    "f_14",
    "f_15",
    "f_16",
    "f_17",
    "f_18",
    "f_19",
    "f_20",
    "f_21",
    "f_22",
    "f_23",
    "f_24",
    "f_25",
    "f_26",
    "f_27",
    "f_28",
    "f_29",
    "f_30",
    "f_31",
    "f_32",
    "f_33",
    "f_34",
    "f_35",
    "f_36",
    "f_37"
  ],
  "feature_min": [
    -0.6173467586720314,
    -0.3664657553474521,
    -0.08965671922321986,
    -2.074640968713558,
    -0.4125185787443048,
    -0.6023868474145181,
    -0.4301220115591836,
    -1.387844346574091,
    -0.3589480006059931,
    -1.244466340050536,
    -0.2285632217535288,
    -0.5666084605893659,
    -0.3533701306847566,
    -0.1475691568535201,
    -0.14972817864364724,
    -0.1687662404891081,
    -0.025181648258293953,
    -0.019503147574430228,
    -0.8918666384655431,
    -0.05337711385896744,
    -0.01769422739797994,
    -0.14384996250505125,
    -0.03720384567063645,
    0.0,
    -0.015956848671172204,
    -0.026066072610263887,
    -0.5733109710468697,
    -0.04913170598601454,
    -1.7780717386509834,
    -0.35049255507074184,
    -0.02043750145632514,
    -0.34785127389530734,
    -0.3866209949322029,
    -0.5655788305807234,
    -0.349442971418679,
    -0.015105924018168716,
    -0.02070202802896487,
    -0.05934382801717682
  ],
  "feature_max": [
    3.3636973735099813,
    3.4685307758664763,
    55.06672092157072,
    0.6426569773915636,
    4.103199562803307,
    1.9780376243754725,
    2.8465788233410123,
    0.9019279629858011,
    3.279599361516014,
    1.0234815763546972,
    11.599100053876706,
    1.9236105374555175,
    3.177668352465123,
    39.66565255605837,
    44.01308787737044,
    5.925355670078686,
    39.71145930332956,
    51.27377497317707,
    1.121243868613025,
    55.17881021037095,
    91.89920694660462,
    26.79920532924223,
    51.76368009691552,
    0.0,
    91.52838486698245,
    54.816950699384954,
    1.8292765277234275,
    20.353455674522127,
    0.6354653496621728,
    3.021765212243235,
    124.42524628418306,
    5.410793746453921,
    3.5787740900061222,
    1.8366180284887992,
    2.9885172148962993,
    79.4420544115493,
    75.36652927129387,
    20.59754454207952
  ],
  "num_classes": 5
}